maktimestamp,altitude,velocity
1533207630.551,,2.60096
1533207631.519,,2.60096
1533207632.032,-76.2,
1533207634.485,,5.8521600000000005
1533207635.092,-60.96,
1533207635.563,,5.20192
1533207635.900,,5.8521600000000005
1533207636.393,,5.8521600000000005
1533207636.451,-53.34,
1533207636.880,-53.34,
1533207638.010,,6.1772800000000005
1533207638.308,-45.72,
1533207638.789,-38.1,
1533207639.022,,5.52704
1533207639.337,-38.1,
1533207639.608,,5.52704
1533207640.104,,4.55168
1533207640.234,-30.48,
1533207640.380,-30.48,
1533207640.596,,4.55168
1533207640.816,-30.48,
1533207641.092,,6.1772800000000005
1533207641.409,-22.86,
1533207641.585,,6.1772800000000005
1533207641.856,-22.86,
1533207642.026,,6.502400000000001
1533207642.457,-15.24,
1533207642.567,,6.502400000000001
1533207643.005,-15.24,
1533207643.108,,6.502400000000001
1533207643.438,-15.24,
1533207643.603,,6.502400000000001
1533207643.989,-7.62,
1533207644.075,,8.128
1533207644.476,-7.62,
1533207644.533,,8.128
1533207644.924,,9.10336
1533207645.463,,9.10336
1533207645.563,7.62,
1533207645.895,,9.42848
1533207646.387,,9.42848
1533207646.520,15.24,
1533207647.482,,9.7536
1533207647.693,22.86,
1533207648.025,,10.72896
1533207648.110,30.48,
1533207648.535,38.1,
1533207648.628,,10.72896
1533207649.122,38.1,
1533207649.171,,10.40384
1533207649.611,45.72,
1533207649.667,,10.40384
1533207650.020,53.34,
1533207650.106,,10.40384
1533207650.521,53.34,
1533207650.545,,10.40384
1533207650.916,,11.05408
1533207651.002,60.96,
1533207651.345,,11.05408
1533207651.379,60.96,
1533207651.820,,10.40384
1533207651.998,68.58,
1533207652.255,,10.40384
1533207652.420,76.2,
1533207652.757,,12.029440000000001
1533207652.876,83.82000000000001,
1533207653.259,,12.029440000000001
1533207653.432,83.82000000000001,
1533207653.664,,12.029440000000001
1533207653.832,,11.05408
1533207654.049,91.44,
1533207654.420,99.06,
1533207654.862,,10.72896
1533207654.948,99.06,
1533207655.325,106.68,
1533207655.391,,10.72896
1533207655.663,,10.72896
1533207655.804,114.30000000000001,
1533207655.895,,11.3792
1533207656.210,114.30000000000001,
1533207656.266,,11.3792
1533207656.658,121.92,
1533207656.757,,10.07872
1533207657.214,,10.07872
1533207657.223,121.92,
1533207657.691,129.54000000000002,
1533207657.747,,9.7536
1533207658.162,137.16,
1533207658.236,,9.7536
1533207658.716,137.16,
1533207658.843,,10.40384
1533207659.253,,10.40384
1533207659.306,144.78,
1533207659.797,152.4,
1533207659.850,,11.05408
1533207660.002,152.4,
1533207660.211,160.02,
1533207660.243,,11.05408
1533207660.722,,11.704320000000001
1533207660.796,160.02,
1533207661.250,,11.704320000000001
1533207661.268,167.64000000000001,
1533207661.740,175.26000000000002,
1533207661.742,,11.704320000000001
1533207662.197,,11.704320000000001
1533207662.338,175.26000000000002,
1533207662.742,,12.679680000000001
1533207662.770,175.26000000000002,
1533207662.869,182.88,
1533207663.194,,12.679680000000001
1533207663.483,190.5,
1533207663.721,,12.679680000000001
1533207663.929,198.12,
1533207664.210,,13.004800000000001
1533207664.558,205.74,
1533207664.665,,13.004800000000001
1533207665.070,213.36,
1533207665.152,,12.029440000000001
1533207665.659,,12.029440000000001
1533207665.659,220.98000000000002,
1533207666.070,,11.3792
1533207666.240,228.60000000000002,
1533207666.639,228.60000000000002,
1533207666.648,,11.3792
1533207667.079,,12.029440000000001
1533207667.144,236.22,
1533207667.663,,12.029440000000001
1533207667.683,243.84,
1533207668.130,251.46,
1533207668.206,,12.354560000000001
1533207668.658,,12.354560000000001
1533207668.680,251.46,
1533207669.046,259.08000000000004,
1533207669.197,,12.679680000000001
1533207669.584,266.7,
1533207669.644,,12.679680000000001
1533207670.068,274.32,
1533207670.145,,13.980160000000001
1533207670.604,281.94,
1533207670.716,,13.980160000000001
1533207671.087,289.56,
1533207671.119,,13.004800000000001
1533207671.624,,13.004800000000001
1533207671.697,289.56,
1533207672.198,297.18,
1533207672.198,,12.029440000000001
1533207672.630,,12.029440000000001
1533207672.639,304.8,
1533207673.014,,9.42848
1533207673.163,304.8,
1533207673.553,,9.42848
1533207673.806,312.42,
1533207673.897,,6.827520000000001
1533207674.209,312.42,
1533207674.353,,6.827520000000001
1533207674.840,,5.52704
1533207675.314,320.04,
1533207675.685,,4.8768
1533207675.818,320.04,
1533207676.341,,4.8768
1533207676.844,,5.8521600000000005
1533207676.904,327.66,
1533207677.365,,5.8521600000000005
1533207677.428,327.66,
1533207677.838,,6.827520000000001
1533207677.912,335.28000000000003,
1533207678.249,,6.827520000000001
1533207678.445,335.28000000000003,
1533207678.817,,7.152640000000001
1533207679.104,342.90000000000003,
1533207679.312,,7.152640000000001
1533207679.458,342.90000000000003,
1533207679.744,,7.477760000000001
1533207679.964,350.52000000000004,
1533207680.192,,7.477760000000001
1533207680.454,350.52000000000004,
1533207680.844,350.52000000000004,
1533207680.890,,7.477760000000001
1533207681.138,,7.80288
1533207681.399,358.14000000000004,
1533207681.578,,7.80288
1533207681.983,365.76,
1533207682.023,,9.42848
1533207682.420,365.76,
1533207682.568,,9.42848
1533207682.846,373.38,
1533207683.066,,9.10336
1533207683.443,373.38,
1533207683.492,,9.10336
1533207683.992,,9.10336
1533207684.016,381.0,
1533207684.394,,9.10336
1533207684.567,388.62,
1533207684.922,,8.77824
1533207684.967,388.62,
1533207685.339,,8.77824
1533207685.425,396.24,
1533207685.759,,7.477760000000001
1533207686.114,396.24,
1533207686.199,,7.477760000000001
1533207686.639,,7.477760000000001
1533207687.206,,8.128
1533207687.206,403.86,
1533207687.623,,8.128
1533207687.718,411.48,
1533207688.128,,8.128
1533207688.265,411.48,
1533207688.711,,8.128
1533207688.755,419.1,
1533207689.156,,8.128
1533207689.249,426.72,
1533207689.479,,8.128
1533207689.733,426.72,
1533207689.930,,6.502400000000001
1533207690.321,426.72,
1533207690.502,,6.502400000000001
1533207690.746,426.72,
1533207690.960,,5.52704
1533207691.400,,5.52704
1533207691.761,434.34000000000003,
1533207691.956,,6.1772800000000005
1533207692.352,441.96000000000004,
1533207692.450,,6.1772800000000005
1533207692.930,441.96000000000004,
1533207693.028,,5.8521600000000005
1533207693.503,,5.8521600000000005
1533207693.552,441.96000000000004,
1533207693.934,449.58000000000004,
1533207693.995,,5.20192
1533207694.382,449.58000000000004,
1533207694.538,,5.20192
1533207694.766,449.58000000000004,
1533207695.112,,5.8521600000000005
1533207695.277,457.20000000000005,
1533207695.830,457.20000000000005,
1533207696.171,,6.1772800000000005
1533207696.458,464.82000000000005,
1533207696.708,,7.80288
1533207697.298,,7.80288
1533207697.441,472.44,
1533207697.869,,9.42848
1533207697.939,472.44,
1533207698.346,,9.42848
1533207698.387,480.06,
1533207698.785,487.68,
1533207698.835,,9.7536
1533207699.270,487.68,
1533207699.350,,9.7536
1533207699.875,495.3,
1533207700.368,,7.80288
1533207700.397,495.3,
1533207700.955,495.3,
1533207700.996,,4.8768
1533207701.424,,4.8768
1533207701.460,495.3,
1533207701.772,,3.2512000000000003
1533207701.935,502.92,
1533207702.359,,3.2512000000000003
1533207702.459,502.92,
1533207702.832,,2.27584
1533207702.962,502.92,
1533207703.281,,2.27584
1533207703.405,502.92,
1533207703.833,502.92,
1533207703.872,,2.9260800000000002
1533207704.359,,2.9260800000000002
1533207704.417,502.92,
1533207704.896,510.54,
1533207704.915,,3.2512000000000003
1533207705.421,510.54,
1533207705.482,,3.2512000000000003
1533207705.874,510.54,
1533207706.038,,4.22656
1533207706.372,510.54,
1533207706.462,,4.22656
1533207706.790,518.1600000000001,
1533207706.993,,4.8768
1533207707.387,518.1600000000001,
1533207707.495,,4.8768
1533207707.872,,3.5763200000000004
1533207707.987,518.1600000000001,
1533207708.331,,3.5763200000000004
1533207708.538,525.78,
1533207708.788,,3.2512000000000003
1533207708.869,525.78,
1533207709.242,,3.2512000000000003
1533207709.344,525.78,
1533207709.738,525.78,
1533207709.841,,1.95072
1533207710.320,525.78,
1533207710.334,,1.95072
1533207710.917,525.78,
1533207710.966,,2.60096
1533207711.459,533.4,
1533207711.532,,2.60096
1533207711.955,533.4,
1533207712.022,,1.6256000000000002
1533207712.552,533.4,
1533207712.652,,1.6256000000000002
1533207712.932,533.4,
1533207713.052,,1.30048
1533207713.455,533.4,
1533207713.488,,1.30048
1533207713.867,533.4,
1533207714.049,,1.6256000000000002
1533207714.453,533.4,
1533207714.536,,1.6256000000000002
1533207714.860,533.4,
1533207715.015,,1.6256000000000002
1533207715.350,533.4,
1533207715.480,,1.6256000000000002
1533207715.924,541.02,
1533207716.114,,2.9260800000000002
1533207716.482,541.02,
1533207716.661,,2.9260800000000002
1533207717.099,541.02,
1533207717.163,,2.60096
1533207717.490,541.02,
1533207717.537,,2.60096
1533207717.969,541.02,
1533207718.062,,1.30048
1533207718.338,541.02,
1533207718.552,,1.30048
1533207718.881,541.02,
1533207719.108,,0.65024
1533207719.289,541.02,
1533207719.515,,0.65024
1533207719.782,541.02,
1533207720.065,,0.0
1533207720.300,541.02,
1533207720.508,,0.0
1533207720.767,541.02,
1533207721.095,,-0.65024
1533207721.239,541.02,
1533207721.531,,-0.65024
1533207721.792,541.02,
1533207721.987,,0.32512
1533207722.199,541.02,
1533207722.426,,0.32512
1533207722.662,541.02,
1533207722.770,541.02,
1533207722.838,,-0.32512
1533207723.132,541.02,
1533207723.344,,-0.32512
1533207723.590,541.02,
1533207723.801,,-1.6256000000000002
1533207724.207,541.02,
1533207724.322,,-1.6256000000000002
1533207724.706,541.02,
1533207724.713,,-0.97536
1533207725.215,541.02,
1533207725.248,,-0.97536
1533207725.751,533.4,
1533207725.833,,-1.6256000000000002
1533207726.265,533.4,
1533207726.406,,-1.6256000000000002
1533207726.893,533.4,
1533207726.930,,-0.97536
1533207727.425,533.4,
1533207727.474,,-0.97536
1533207727.900,,-0.32512
1533207728.056,533.4,
1533207728.331,,-0.32512
1533207728.481,533.4,
1533207728.831,,0.32512
1533207728.946,533.4,
1533207729.355,,0.32512
1533207729.437,533.4,
1533207729.929,533.4,
1533207729.930,,0.32512
1533207730.396,533.4,
1533207730.522,,0.32512
1533207730.971,,2.27584
1533207731.040,541.02,
1533207731.514,,2.27584
1533207731.577,541.02,
1533207732.046,,0.65024
1533207732.050,541.02,
1533207732.603,,0.65024
1533207732.604,541.02,
1533207733.120,,-1.6256000000000002
1533207733.218,541.02,
1533207733.577,,-1.6256000000000002
1533207733.811,541.02,
1533207734.083,,-0.97536
1533207734.361,533.4,
1533207734.581,,-0.97536
1533207734.802,533.4,
1533207735.272,533.4,
1533207735.485,,-2.27584
1533207735.877,533.4,
1533207736.005,,-2.9260800000000002
1533207736.306,533.4,
1533207736.604,,-2.9260800000000002
1533207736.798,533.4,
1533207737.144,,-1.30048
1533207737.226,525.78,
1533207737.583,,-1.30048
1533207737.732,533.4,
1533207738.179,,1.95072
1533207738.318,533.4,
1533207738.762,,0.0
1533207738.786,533.4,
1533207739.282,,0.0
1533207739.376,533.4,
1533207739.879,533.4,
1533207739.906,,0.97536
1533207740.292,533.4,
1533207740.382,,0.97536
1533207740.854,,0.32512
1533207740.856,533.4,
1533207741.338,,0.32512
1533207741.453,533.4,
1533207741.868,,-0.32512
1533207741.931,533.4,
1533207742.312,,-0.32512
1533207742.547,533.4,
1533207742.908,,-1.95072
1533207743.099,533.4,
1533207743.473,,-1.95072
1533207743.694,533.4,
1533207743.970,,-1.6256000000000002
1533207744.308,533.4,
1533207744.536,,-1.6256000000000002
1533207744.843,525.78,
1533207745.057,,-3.5763200000000004
1533207745.366,525.78,
1533207745.476,,-3.5763200000000004
1533207745.930,525.78,
1533207746.023,,-2.9260800000000002
1533207746.445,,-2.9260800000000002
1533207746.492,525.78,
1533207746.908,,-0.65024
1533207746.940,525.78,
1533207747.397,,-0.65024
1533207747.458,525.78,
1533207747.921,525.78,
1533207747.989,,-0.32512
1533207748.401,,-0.32512
1533207748.477,525.78,
1533207748.909,,0.0
1533207749.026,525.78,
1533207749.464,,0.0
1533207749.532,525.78,
1533207749.953,525.78,
1533207749.961,,-0.32512
1533207750.029,525.78,
1533207750.455,,-0.32512
1533207750.507,525.78,
1533207750.940,518.1600000000001,
1533207751.056,,-0.65024
1533207751.339,518.1600000000001,
1533207751.621,,-0.65024
1533207751.931,525.78,
1533207752.170,,0.32512
1533207752.429,525.78,
1533207752.759,,0.32512
1533207752.880,525.78,
1533207753.181,,1.6256000000000002
1533207753.276,525.78,
1533207753.688,525.78,
1533207753.705,,1.6256000000000002
1533207754.155,,2.60096
1533207754.198,525.78,
1533207754.607,,2.60096
1533207754.755,525.78,
1533207755.131,,3.90144
1533207755.181,533.4,
1533207755.721,533.4,
1533207755.777,,5.20192
1533207756.245,533.4,
1533207756.348,,5.20192
1533207756.710,541.02,
1533207756.824,,7.477760000000001
1533207757.157,541.02,
1533207757.481,,7.477760000000001
1533207757.729,548.64,
1533207757.893,,8.128
1533207758.539,,8.128
1533207758.876,556.26,
1533207759.087,,7.152640000000001
1533207759.476,563.88,
1533207759.591,,7.152640000000001
1533207759.995,563.88,
1533207760.089,,8.77824
1533207760.433,571.5,
1533207760.550,,8.77824
1533207761.005,571.5,
1533207761.167,,8.45312
1533207761.520,579.12,
1533207761.703,,8.45312
1533207762.009,579.12,
1533207762.212,,9.10336
1533207762.462,586.74,
1533207762.530,579.12,
1533207762.688,,9.10336
1533207763.029,594.36,
1533207763.174,,10.40384
1533207763.489,601.98,
1533207763.743,,10.40384
1533207764.045,601.98,
1533207764.320,,10.72896
1533207764.618,609.6,
1533207764.748,,10.72896
1533207765.109,,11.05408
1533207765.207,617.22,
1533207765.655,,11.05408
1533207765.739,624.84,
1533207766.083,,10.07872
1533207766.348,624.84,
1533207766.635,,10.07872
1533207766.785,632.46,
1533207767.011,,9.7536
1533207767.312,640.08,
1533207767.556,,9.7536
1533207767.735,640.08,
1533207767.985,,9.7536
1533207768.170,647.7,
1533207768.550,,9.7536
1533207768.791,647.7,
1533207769.005,,8.45312
1533207769.313,655.32,
1533207769.461,,8.45312
1533207769.736,655.32,
1533207769.820,,6.827520000000001
1533207770.320,662.94,
1533207770.460,,6.827520000000001
1533207770.901,662.94,
1533207770.919,,7.152640000000001
1533207771.258,670.5600000000001,
1533207771.438,,7.152640000000001
1533207771.897,670.5600000000001,
1533207771.922,,6.502400000000001
1533207772.306,670.5600000000001,
1533207772.340,,6.502400000000001
1533207772.416,670.5600000000001,
1533207772.956,,4.8768
1533207772.956,678.1800000000001,
1533207773.437,678.1800000000001,
1533207773.508,,4.8768
1533207773.846,678.1800000000001,
1533207774.100,,3.5763200000000004
1533207774.316,678.1800000000001,
1533207774.544,,3.5763200000000004
1533207774.884,685.8000000000001,
1533207775.091,,2.60096
1533207775.320,685.8000000000001,
1533207775.534,,2.60096
1533207775.805,685.8000000000001,
1533207776.051,,1.95072
1533207776.353,685.8000000000001,
1533207776.462,,1.95072
1533207776.772,685.8000000000001,
1533207776.996,,2.9260800000000002
1533207777.178,685.8000000000001,
1533207777.440,,2.9260800000000002
1533207777.659,685.8000000000001,
1533207777.932,,4.8768
1533207778.172,693.4200000000001,
1533207778.460,,4.8768
1533207778.640,693.4200000000001,
1533207778.910,,5.52704
1533207779.236,701.0400000000001,
1533207779.444,,5.52704
1533207779.788,701.0400000000001,
1533207779.951,,8.128
1533207780.011,,8.128
1533207780.059,701.0400000000001,
1533207780.241,708.6600000000001,
1533207780.527,,8.128
1533207780.848,708.6600000000001,
1533207781.008,,9.10336
1533207781.323,716.2800000000001,
1533207781.549,,9.10336
1533207781.702,716.2800000000001,
1533207782.154,723.9000000000001,
1533207782.157,,9.42848
1533207782.573,,9.42848
1533207782.677,731.52,
1533207783.080,731.52,
1533207783.163,,10.72896
1533207783.567,739.14,
1533207783.569,,10.72896
1533207783.961,746.76,
1533207784.145,,10.72896
1533207784.484,746.76,
1533207784.697,,10.72896
1533207784.905,754.38,
1533207785.231,,9.7536
1533207785.492,754.38,
1533207785.695,,9.7536
1533207785.996,762.0,
1533207786.123,,9.7536
1533207786.406,769.62,
1533207786.661,,9.7536
1533207786.872,769.62,
1533207787.171,,9.42848
1533207787.337,777.24,
1533207787.721,,9.42848
1533207787.773,777.24,
1533207788.135,,8.45312
1533207788.302,784.86,
1533207788.529,,8.45312
1533207788.698,784.86,
1533207789.115,,10.07872
1533207789.312,792.48,
1533207789.671,,10.07872
1533207789.790,800.1,
1533207790.107,,10.07872
1533207790.359,800.1,
1533207790.663,,10.07872
1533207790.847,807.72,
1533207791.226,,10.07872
1533207791.382,815.34,
1533207791.769,815.34,
1533207791.817,,8.77824
1533207792.289,822.96,
1533207792.341,,8.77824
1533207792.770,822.96,
1533207792.804,,8.45312
1533207793.287,830.58,
1533207793.333,,8.45312
1533207793.661,830.58,
1533207793.796,,8.128
1533207793.954,830.58,
1533207794.080,,8.45312
1533207794.198,838.2,
1533207794.360,,8.128
1533207794.759,838.2,
1533207794.776,,8.77824
1533207795.348,,8.77824
1533207795.358,845.82,
1533207795.791,845.82,
1533207795.946,,8.77824
1533207795.983,845.82,
1533207795.983,,8.77824
1533207796.282,853.44,
1533207796.510,,8.77824
1533207796.738,853.44,
1533207796.933,,9.42848
1533207797.236,861.0600000000001,
1533207797.469,,9.42848
1533207797.667,868.6800000000001,
1533207797.969,,10.07872
1533207798.147,868.6800000000001,
1533207798.549,,10.07872
1533207798.584,876.3000000000001,
1533207799.047,,9.7536
1533207799.064,876.3000000000001,
1533207799.490,,9.7536
1533207799.617,883.9200000000001,
1533207799.638,,10.07872
1533207799.959,,9.7536
1533207800.112,891.5400000000001,
1533207800.553,,9.7536
1533207800.611,899.1600000000001,
1533207800.987,,9.10336
1533207801.138,899.1600000000001,
1533207801.481,,9.10336
1533207801.698,906.7800000000001,
1533207801.931,,8.77824
1533207802.226,906.7800000000001,
1533207802.498,,9.10336
1533207802.508,,8.77824
1533207802.681,914.4000000000001,
1533207802.998,,9.10336
1533207803.187,914.4000000000001,
1533207803.547,,9.10336
1533207803.643,922.0200000000001,
1533207803.999,,8.45312
1533207804.121,922.0200000000001,
1533207804.416,,8.45312
1533207804.653,929.6400000000001,
1533207804.764,922.0200000000001,
1533207804.900,,8.128
1533207805.221,937.26,
1533207805.397,,8.128
1533207805.754,937.26,
1533207805.825,937.26,
1533207805.892,,7.80288
1533207806.276,944.88,
1533207806.335,,7.80288
1533207806.577,937.26,
1533207806.820,944.88,
1533207806.924,,7.477760000000001
1533207807.358,,7.477760000000001
1533207807.358,952.5,
1533207807.518,944.88,
1533207807.828,952.5,
1533207807.911,,8.128
1533207808.353,,8.128
1533207808.388,960.12,
1533207808.841,960.12,
1533207808.951,,7.477760000000001
1533207809.309,967.74,
1533207809.358,,7.477760000000001
1533207809.749,,7.152640000000001
1533207809.827,967.74,
1533207809.843,967.74,
1533207809.890,,7.477760000000001
1533207810.244,,7.152640000000001
1533207810.261,967.74,
1533207810.678,,7.152640000000001
1533207810.700,975.36,
1533207810.801,,6.827520000000001
1533207811.125,967.74,
1533207811.174,,7.152640000000001
1533207811.210,975.36,
1533207811.228,,6.827520000000001
1533207811.729,982.98,
1533207811.849,,7.152640000000001
1533207811.898,975.36,
1533207812.004,,6.827520000000001
1533207812.204,982.98,
1533207812.278,,7.152640000000001
1533207812.606,990.6,
1533207812.782,,7.152640000000001
1533207813.088,990.6,
1533207813.264,,7.152640000000001
1533207813.592,990.6,
1533207813.720,,7.152640000000001
1533207814.130,998.22,
1533207814.156,990.6,
1533207814.239,,7.80288
1533207814.378,,7.152640000000001
1533207814.673,1005.84,
1533207814.763,,8.45312
1533207814.969,998.22,
1533207815.115,1005.84,
1533207815.175,,8.45312
1533207815.210,1005.84,
1533207815.668,1013.46,
1533207815.698,,8.45312
1533207816.025,1005.84,
1533207816.193,,8.45312
1533207816.229,1013.46,
1533207816.700,,8.45312
1533207816.740,1021.08,
1533207816.813,1013.46,
1533207817.158,,8.128
1533207817.210,1021.08,
1533207817.326,,8.45312
1533207817.479,1021.08,
1533207817.652,1021.08,
1533207817.661,,8.128
1533207817.786,1028.7,
1533207818.203,,8.128
1533207818.236,,7.80288
1533207818.289,1028.7,
1533207818.372,1028.7,
1533207818.714,,7.80288
1533207818.790,1036.3200000000002,
1533207819.137,1028.7,
1533207819.234,,7.477760000000001
1533207819.304,,7.80288
1533207819.325,1036.3200000000002,
1533207819.404,1036.3200000000002,
1533207819.694,1043.94,
1533207819.756,,7.477760000000001
1533207820.145,1043.94,
1533207820.197,1043.94,
1533207820.197,,7.477760000000001
1533207820.257,,7.80288
1533207820.607,1051.56,
1533207820.692,,7.80288
1533207820.885,1043.94,
1533207821.081,1051.56,
1533207821.140,,7.80288
1533207821.503,1059.18,
1533207821.553,1051.56,
1533207821.578,,7.80288
1533207821.904,1059.18,
1533207822.000,1059.18,
1533207822.021,,8.128
1533207822.244,,7.80288
1533207822.496,1066.8,
1533207822.601,,8.128
1533207822.958,1066.8,
1533207823.071,,8.128
1533207823.397,1066.8,
1533207823.510,1074.42,
1533207823.585,,8.128
1533207824.106,1074.42,
1533207824.145,,8.128
1533207824.493,1082.04,
1533207824.568,,8.128
1533207825.002,1082.04,
1533207825.019,,8.128
1533207825.403,1089.66,
1533207825.510,,8.128
1533207825.754,1082.04,
1533207825.917,,8.128
1533207825.917,1089.66,
1533207826.000,1089.66,
1533207826.043,,8.77824
1533207826.412,1097.28,
1533207826.578,,8.77824
1533207826.966,1097.28,
1533207826.981,,9.42848
1533207827.184,1097.28,
1533207827.376,,9.42848
1533207827.410,,8.77824
1533207827.413,,9.42848
1533207827.413,1097.28,
1533207827.419,1104.9,
1533207827.892,1112.52,
1533207827.950,1104.9,
1533207828.002,,9.7536
1533207828.439,,9.7536
1533207828.460,1112.52,
1533207828.612,1112.52,
1533207828.744,,9.7536
1533207828.882,,9.7536
1533207828.927,1120.14,
1533207829.357,,9.7536
1533207829.466,1127.76,
1533207829.555,,9.7536
1533207829.602,1120.14,
1533207829.763,,9.7536
1533207829.900,,9.7536
1533207830.043,1127.76,
1533207830.336,,9.7536
1533207830.462,1127.76,
1533207830.471,,9.7536
1533207830.618,1135.38,
1533207831.013,,9.42848
1533207831.125,1143.0,
1533207831.230,,9.7536
1533207831.499,,9.42848
1533207831.567,1143.0,
1533207831.948,,9.42848
1533207832.002,1143.0,
1533207832.005,,10.72896
1533207832.135,1150.6200000000001,
1533207832.391,,10.72896
1533207832.569,1150.6200000000001,
1533207832.632,1158.24,
1533207832.789,,10.72896
1533207832.866,,10.72896
1533207833.129,1158.24,
1533207833.135,1158.24,
1533207833.473,,10.72896
1533207833.557,,10.72896
1533207833.642,1165.8600000000001,
1533207833.954,,10.40384
1533207834.179,1173.48,
1533207834.376,,10.40384
1533207834.429,,10.40384
1533207834.657,1173.48,
1533207834.693,1173.48,
1533207835.010,,9.7536
1533207835.287,1181.1000000000001,
1533207835.380,,9.7536
1533207835.380,1173.48,
1533207835.770,1188.72,
1533207835.871,,9.42848
1533207836.222,1188.72,
1533207836.258,,9.42848
1533207836.799,,8.77824
1533207837.010,1196.3400000000001,
1533207837.248,,8.77824
1533207837.358,1196.3400000000001,
1533207837.738,1203.96,
1533207837.804,,8.128
1533207838.214,,8.77824
1533207838.308,1203.96,
1533207838.379,,8.128
1533207838.823,,7.477760000000001
1533207838.831,1211.5800000000002,
1533207838.933,1203.96,
1533207839.105,,8.128
1533207839.285,,7.477760000000001
1533207839.460,1211.5800000000002,
1533207839.882,,7.477760000000001
1533207839.889,,6.827520000000001
1533207839.961,1219.2,
1533207840.005,1219.2,
1533207840.168,,6.827520000000001
1533207840.354,1219.2,
1533207840.592,,6.827520000000001
1533207840.855,,7.152640000000001
1533207840.950,1226.8200000000002,
1533207841.310,,7.152640000000001
1533207841.482,1226.8200000000002,
1533207841.826,,7.80288
1533207841.949,1234.44,
1533207842.240,,7.80288
1533207842.531,1234.44,
1533207842.720,1234.44,
1533207842.859,,8.128
1533207842.955,1234.44,
1533207843.043,1242.0600000000002,
1533207843.198,,7.80288
1533207843.286,,8.128
1533207843.469,1242.0600000000002,
1533207843.831,,8.77824
1533207844.025,1249.68,
1533207844.106,1242.0600000000002,
1533207844.262,,8.77824
1533207844.657,,9.42848
1533207844.667,1257.3,
1533207845.104,1257.3,
1533207845.127,1257.3,
1533207845.157,,9.42848
1533207845.178,,9.42848
1533207845.633,,9.7536
1533207845.657,1264.92,
1533207845.896,,9.42848
1533207845.896,1257.3,
1533207846.012,,9.7536
1533207846.138,1272.54,
1533207846.171,1264.92,
1533207846.554,,9.42848
1533207846.714,,9.7536
1533207846.776,1272.54,
1533207846.895,1272.54,
1533207847.112,,9.42848
1533207847.146,1280.16,
1533207847.562,1280.16,
1533207847.631,1280.16,
1533207847.701,,8.77824
1533207848.064,1287.78,
1533207848.175,,8.77824
1533207848.332,1280.16,
1533207848.506,1287.78,
1533207848.507,,8.77824
1533207848.686,,9.10336
1533207848.916,1287.78,
1533207848.948,1295.4,
1533207849.129,,9.10336
1533207849.529,1295.4,
1533207849.713,1295.4,
1533207849.720,,8.77824
1533207849.954,,9.10336
1533207850.093,1303.02,
1533207850.199,,8.77824
1533207850.251,,8.77824
1533207850.640,1310.64,
1533207850.655,,9.10336
1533207850.684,1303.02,
1533207851.160,,9.10336
1533207851.163,1310.64,
1533207851.674,,9.42848
1533207851.761,1318.26,
1533207851.875,,9.10336
1533207851.925,1310.64,
1533207852.107,,9.42848
1533207852.325,1325.88,
1533207852.549,,9.42848
1533207852.642,,9.7536
1533207852.751,1325.88,
1533207852.784,1325.88,
1533207853.036,,9.7536
1533207853.197,1333.5,
1533207853.247,,9.7536
1533207853.424,1325.88,
1533207853.566,,9.7536
1533207853.691,1333.5,
1533207853.894,,9.7536
1533207854.038,,9.7536
1533207854.203,1333.5,
1533207854.266,1341.1200000000001,
1533207854.524,,9.42848
1533207854.627,1348.74,
1533207855.081,1348.74,
1533207855.088,,9.42848
1533207855.206,,9.42848
1533207855.497,,9.42848
1533207855.542,1356.3600000000001,
1533207855.547,1348.74,
1533207855.602,,9.10336
1533207856.102,1356.3600000000001,
1533207856.140,,9.10336
1533207856.290,1356.3600000000001,
1533207856.614,,8.77824
1533207856.681,1363.98,
1533207857.123,,8.77824
1533207857.127,1363.98,
1533207857.344,,8.77824
1533207857.558,1371.6000000000001,
1533207857.587,,8.77824
1533207858.050,,8.77824
1533207858.150,1379.22,
1533207858.203,,8.77824
1533207858.569,1379.22,
1533207858.709,,8.77824
1533207859.074,1386.8400000000001,
1533207859.136,,8.77824
1533207859.178,1379.22,
1533207859.316,,8.77824
1533207859.521,1386.8400000000001,
1533207859.557,,8.77824
1533207859.685,,9.10336
1533207859.927,1394.46,
1533207860.048,,9.10336
1533207860.203,,9.10336
1533207860.378,1394.46,
1533207860.611,,9.42848
1533207860.939,1402.0800000000002,
1533207861.094,,9.42848
1533207861.329,1402.0800000000002,
1533207861.660,,9.42848
1533207861.930,1409.7,
1533207862.249,,9.42848
1533207862.441,1417.3200000000002,
1533207862.778,,9.42848
1533207862.935,1417.3200000000002,
1533207863.047,1417.3200000000002,
1533207863.409,,9.7536
1533207863.410,1417.3200000000002,
1533207863.618,1424.94,
1533207863.797,,9.7536
1533207864.063,1432.5600000000002,
1533207864.202,1424.94,
1533207864.216,1417.3200000000002,
1533207864.227,,9.7536
1533207864.324,,9.7536
1533207864.615,1432.5600000000002,
1533207864.876,,9.7536
1533207865.087,1440.18,
1533207865.351,,9.7536
1533207865.415,,9.7536
1533207865.588,1447.8000000000002,
1533207865.924,,9.7536
1533207866.084,1447.8000000000002,
1533207866.346,,9.7536
1533207866.613,1455.42,
1533207866.766,,9.7536
1533207867.116,1455.42,
1533207867.179,,9.7536
1533207867.404,1455.42,
1533207867.567,,9.7536
1533207867.642,1463.04,
1533207867.973,,9.7536
1533207868.078,1470.66,
1533207868.270,,9.7536
1533207868.401,1463.04,
1533207868.484,,9.7536
1533207868.665,1470.66,
1533207869.188,1478.28,
1533207869.245,1470.66,
1533207869.473,,9.42848
1533207869.621,1485.9,
1533207869.894,,9.42848
1533207870.168,1485.9,
1533207870.318,,9.42848
1533207870.579,1493.52,
1533207870.625,1485.9,
1533207870.694,,9.42848
1533207870.972,,9.42848
1533207871.148,1493.52,
1533207871.524,,9.10336
1533207871.721,1501.14,
1533207872.092,,9.10336
1533207872.172,1508.76,
1533207872.525,,9.10336
1533207872.669,1508.76,
1533207872.953,,9.10336
1533207873.162,,9.10336
1533207873.283,1516.38,
1533207873.315,1508.76,
1533207873.489,,9.10336
1533207873.700,,9.10336
1533207873.838,1516.38,
1533207873.938,,9.10336
1533207874.280,1524.0,
1533207874.417,,8.77824
1533207874.441,1516.38,
1533207874.817,1531.6200000000001,
1533207874.939,,8.77824
1533207875.321,1531.6200000000001,
1533207875.479,1531.6200000000001,
1533207875.507,,9.10336
1533207875.794,1539.24,
1533207876.028,,9.10336
1533207876.208,1539.24,
1533207876.330,1539.24,
1533207876.432,,9.10336
1533207876.723,1546.8600000000001,
1533207877.026,,9.10336
1533207877.191,1546.8600000000001,
1533207877.466,,9.10336
1533207877.642,1554.48,
1533207878.001,,9.10336
1533207878.181,1554.48,
1533207878.253,,9.10336
1533207878.416,,8.77824
1533207878.797,1562.1000000000001,
1533207879.034,,8.77824
1533207879.197,1569.72,
1533207879.614,,8.77824
1533207879.742,1569.72,
1533207880.035,,8.77824
1533207880.204,1577.3400000000001,
1533207880.599,,8.77824
1533207880.701,1577.3400000000001,
1533207881.091,,8.77824
1533207881.229,1584.96,
1533207881.587,,8.77824
1533207881.648,1584.96,
1533207882.033,,8.77824
1533207882.188,1592.5800000000002,
1533207882.329,1584.96,
1533207882.454,,8.77824
1533207882.718,1600.2,
1533207882.862,,8.77824
1533207883.196,1600.2,
1533207883.257,1600.2,
1533207883.318,,8.77824
1533207883.868,1607.8200000000002,
1533207884.147,,8.77824
1533207884.285,1607.8200000000002,
1533207884.547,,8.45312
1533207884.759,1615.44,
1533207884.968,,8.45312
1533207884.996,1607.8200000000002,
1533207885.269,,8.45312
1533207885.324,1615.44,
1533207885.515,,8.45312
1533207885.780,1623.0600000000002,
1533207885.829,1615.44,
1533207885.969,,8.45312
1533207886.025,,8.45312
1533207886.262,1623.0600000000002,
1533207886.486,1623.0600000000002,
1533207886.501,,8.45312
1533207886.766,1630.68,
1533207886.924,,8.45312
1533207887.385,1638.3000000000002,
1533207887.405,,8.45312
1533207887.435,1630.68,
1533207887.871,1638.3000000000002,
1533207887.874,,8.45312
1533207888.300,,8.45312
1533207888.319,1645.92,
1533207888.900,,8.45312
1533207888.900,1645.92,
1533207889.348,1653.5400000000002,
1533207889.421,,8.45312
1533207889.885,1653.5400000000002,
1533207889.979,,8.45312
1533207890.389,1653.5400000000002,
1533207890.498,1661.16,
1533207890.514,,8.45312
1533207890.533,,8.128
1533207891.027,,8.128
1533207891.052,1661.16,
1533207891.219,1661.16,
1533207891.266,,8.128
1533207891.464,1661.16,
1533207891.599,,8.128
1533207891.683,1668.78,
1533207892.062,,8.128
1533207892.109,1676.4,
1533207892.335,1668.78,
1533207892.575,1676.4,
1533207892.680,,8.128
1533207893.105,1684.02,
1533207893.175,,8.128
1533207893.517,1684.02,
1533207893.556,1676.4,
1533207893.596,,8.128
1533207893.604,1684.02,
1533207893.664,,8.45312
1533207894.082,1691.64,
1533207894.209,,8.45312
1533207894.588,1691.64,
1533207894.658,,8.45312
1533207894.689,,8.45312
1533207895.072,,8.45312
1533207895.100,1691.64,
1533207895.112,1699.26,
1533207895.203,,8.45312
1533207895.581,,8.77824
1533207895.731,1699.26,
1533207895.746,,8.45312
1533207895.866,1699.26,
1533207896.025,,8.77824
1533207896.217,1706.88,
1533207896.590,,8.77824
1533207896.652,,8.77824
1533207896.771,1714.5,
1533207896.820,1706.88,
1533207897.065,,8.77824
1533207897.254,1714.5,
1533207897.312,,8.77824
1533207897.559,,9.42848
1533207897.793,1722.1200000000001,
1533207897.998,,9.42848
1533207898.072,,9.42848
1533207898.277,1722.1200000000001,
1533207898.362,1722.1200000000001,
1533207898.656,,9.7536
1533207898.677,,9.42848
1533207898.980,1729.74,
1533207899.069,,9.7536
1533207899.195,1722.1200000000001,
1533207899.444,1737.3600000000001,
1533207899.501,,10.07872
1533207899.552,,9.7536
1533207899.953,,10.07872
1533207900.014,,10.07872
1533207900.018,1737.3600000000001,
1533207900.036,1744.98,
1533207900.042,,10.07872
1533207900.375,,10.40384
1533207900.492,1744.98,
1533207900.784,1744.98,
1533207900.839,,10.40384
1533207900.897,1744.98,
1533207901.048,1752.6000000000001,
1533207901.291,,10.40384
1533207901.456,1760.22,
1533207901.681,1752.6000000000001,
1533207901.746,,10.40384
1533207901.938,,10.40384
1533207901.985,1760.22,
1533207902.289,,10.40384
1533207902.478,1760.22,
1533207902.588,1767.8400000000001,
1533207902.859,,10.40384
1533207903.157,1775.46,
1533207903.257,1767.8400000000001,
1533207903.439,,10.72896
1533207903.691,1775.46,
1533207903.962,,10.72896
1533207904.137,1775.46,
1533207904.280,1783.0800000000002,
1533207904.418,,10.72896
1533207904.446,,10.72896
1533207904.802,1790.7,
1533207904.890,1783.0800000000002,
1533207905.008,,10.72896
1533207905.386,1798.3200000000002,
1533207905.500,,10.72896
1533207905.860,1798.3200000000002,
1533207905.943,1805.94,
1533207905.943,,10.72896
1533207905.979,,10.72896
1533207906.428,,10.72896
1533207906.487,1805.94,
1533207906.568,1805.94,
1533207906.616,,10.72896
1533207906.891,1813.5600000000002,
1533207906.944,1805.94,
1533207907.348,1821.18,
1533207907.359,,10.72896
1533207907.610,1813.5600000000002,
1533207907.774,1821.18,
1533207907.802,,10.72896
1533207908.211,,10.72896
1533207908.334,,10.72896
1533207908.358,1828.8000000000002,
1533207908.813,,10.72896
1533207908.826,1836.42,
1533207908.950,,10.72896
1533207908.974,1828.8000000000002,
1533207909.335,,10.72896
1533207909.352,1836.42,
1533207909.862,1844.0400000000002,
1533207909.873,,10.72896
1533207910.338,,10.40384
1533207910.371,1844.0400000000002,
1533207910.425,1851.66,
1533207910.854,,10.40384
1533207910.895,1851.66,
1533207911.248,1851.66,
1533207911.344,,10.40384
1533207911.354,1859.2800000000002,
1533207911.795,,10.40384
1533207911.884,1866.9,
1533207911.951,,10.40384
1533207912.326,1866.9,
1533207912.490,,10.40384
1533207912.655,1866.9,
1533207912.916,1874.52,
1533207912.935,,10.40384
1533207913.340,,10.40384
1533207913.393,1882.14,
1533207913.480,1874.52,
1533207913.836,1882.14,
1533207913.870,,10.40384
1533207914.379,,10.72896
1533207914.386,1889.76,
1533207914.868,1897.38,
1533207914.879,,10.72896
1533207915.308,,10.72896
1533207915.332,1897.38,
1533207915.452,1897.38,
1533207915.798,1905.0,
1533207915.823,,11.05408
1533207915.956,,10.72896
1533207916.313,,11.05408
1533207916.383,1912.6200000000001,
1533207916.765,,11.3792
1533207916.811,1912.6200000000001,
1533207916.936,,11.05408
1533207917.084,1912.6200000000001,
1533207917.294,,11.3792
1533207917.306,1920.24,
1533207917.772,1927.8600000000001,
1533207917.785,,11.704320000000001
1533207917.858,,11.3792
1533207917.882,1920.24,
1533207918.228,1927.8600000000001,
1533207918.298,,11.704320000000001
1533207918.405,1927.8600000000001,
1533207918.764,,11.704320000000001
1533207918.775,,11.05408
1533207918.804,1935.48,
1533207919.210,,11.05408
1533207919.412,1943.1000000000001,
1533207919.573,1935.48,
1533207919.640,,10.07872
1533207919.849,1943.1000000000001,
1533207919.879,1950.72,
1533207920.112,,10.07872
1533207920.209,,10.07872
1533207920.481,1950.72,
1533207920.496,1950.72,
1533207920.643,,9.10336
1533207920.950,,10.07872
1533207921.001,1958.3400000000001,
1533207921.117,,9.10336
1533207921.289,1950.72,
1533207921.409,1958.3400000000001,
1533207921.514,1965.96,
1533207921.529,,9.10336
1533207921.666,,7.80288
1533207921.992,1965.96,
1533207922.100,,7.80288
1533207922.210,,7.80288
1533207922.588,1973.5800000000002,
1533207922.631,,6.827520000000001
1533207922.774,1965.96,
1533207923.008,1973.5800000000002,
1533207923.040,,7.80288
1533207923.156,,6.827520000000001
1533207923.491,1973.5800000000002,
1533207923.518,1973.5800000000002,
1533207923.641,,6.1772800000000005
1533207923.749,,6.827520000000001
1533207923.970,1981.2,
1533207924.082,,6.1772800000000005
1533207924.182,1973.5800000000002,
1533207924.329,,6.1772800000000005
1533207924.424,1981.2,
1533207924.507,,5.8521600000000005
1533207924.967,1981.2,
1533207925.026,,5.8521600000000005
1533207925.552,1988.8200000000002,
1533207925.599,,6.502400000000001
1533207925.999,1988.8200000000002,
1533207926.089,,6.502400000000001
1533207926.094,,6.502400000000001
1533207926.100,1988.8200000000002,
1533207926.552,,7.152640000000001
1533207926.647,1996.44,
1533207926.715,,6.502400000000001
1533207926.763,1988.8200000000002,
1533207927.046,,7.152640000000001
1533207927.190,1996.44,
1533207927.490,,7.477760000000001
1533207927.692,,7.152640000000001
1533207927.710,2004.0600000000002,
1533207927.843,1996.44,
1533207927.947,,7.477760000000001
1533207928.168,2004.0600000000002,
1533207928.215,,7.477760000000001
1533207928.571,2011.68,
1533207928.623,,7.477760000000001
1533207928.986,,7.477760000000001
1533207929.112,2011.68,
1533207929.445,,7.152640000000001
1533207929.539,2011.68,
1533207929.689,2019.3000000000002,
1533207929.798,,7.477760000000001
1533207929.838,,7.152640000000001
1533207930.170,2019.3000000000002,
1533207930.287,,7.152640000000001
1533207930.573,2019.3000000000002,
1533207930.712,,6.502400000000001
1533207930.883,2019.3000000000002,
1533207931.008,2026.92,
1533207931.228,,6.502400000000001
1533207931.278,,6.502400000000001
1533207931.486,2026.92,
1533207931.597,2026.92,
1533207931.722,,6.1772800000000005
1533207932.093,2034.5400000000002,
1533207932.239,,6.1772800000000005
1533207932.567,2034.5400000000002,
1533207932.661,2034.5400000000002,
1533207932.750,,5.8521600000000005
1533207933.045,2034.5400000000002,
1533207933.188,,5.8521600000000005
1533207933.484,2042.16,
1533207933.619,,5.52704
1533207933.881,2042.16,
1533207934.071,,5.52704
1533207934.288,2019.3000000000002,
1533207934.492,2042.16,
1533207934.499,,5.52704
1533207934.548,2042.16,
1533207934.939,2049.78,
1533207935.134,,5.52704
1533207935.524,2049.78,
1533207935.538,2049.78,
1533207935.599,,5.52704
1533207935.871,2049.78,
1533207936.153,,5.52704
1533207936.393,2057.4,
1533207936.598,,5.8521600000000005
1533207936.934,2057.4,
1533207937.205,,5.8521600000000005
1533207937.418,,5.8521600000000005
1533207937.420,2057.4,
1533207937.640,,5.8521600000000005
1533207937.906,2065.02,
1533207938.102,,5.8521600000000005
1533207938.234,,5.8521600000000005
1533207938.439,2065.02,
1533207938.525,,6.1772800000000005
1533207938.570,2065.02,
1533207938.924,2072.6400000000003,
1533207939.098,,6.1772800000000005
1533207939.416,2072.6400000000003,
1533207939.574,,6.502400000000001
1533207940.045,2072.6400000000003,
1533207940.108,,6.502400000000001
1533207940.168,,6.502400000000001
1533207940.488,,6.827520000000001
1533207940.509,2080.26,
1533207940.704,2072.6400000000003,
1533207940.948,,6.827520000000001
1533207940.986,2080.26,
1533207941.382,,7.152640000000001
1533207941.495,2087.88,
1533207941.535,,6.827520000000001
1533207941.583,2080.26,
1533207941.840,,7.152640000000001
1533207942.022,2087.88,
1533207942.274,2087.88,
1533207942.473,,7.152640000000001
1533207942.593,2095.5,
1533207942.997,,7.152640000000001
1533207943.018,2095.5,
1533207943.467,2103.12,
1533207943.468,,7.477760000000001
1533207943.868,2103.12,
1533207943.967,,7.477760000000001
1533207944.278,2103.12,
1533207944.334,2103.12,
1533207944.452,,7.477760000000001
1533207944.872,2110.7400000000002,
1533207944.920,2103.12,
1533207945.051,,7.477760000000001
1533207945.404,2110.7400000000002,
1533207945.488,,7.477760000000001
1533207945.686,2110.7400000000002,
1533207945.866,2118.36,
1533207945.917,,7.477760000000001
1533207946.364,2118.36,
1533207946.572,,7.80288
1533207946.636,2118.36,
1533207946.835,,7.477760000000001
1533207946.872,2125.98,
1533207947.118,,7.80288
1533207947.339,2125.98,
1533207947.497,2125.98,
1533207947.612,,7.80288
1533207947.876,2133.6,
1533207948.158,2125.98,
1533207948.265,,7.80288
1533207948.334,2133.6,
1533207948.434,2133.6,
1533207948.727,,8.128
1533207948.982,2141.2200000000003,
1533207949.241,,8.128
1533207949.565,2148.84,
1533207949.788,,8.128
1533207949.980,2148.84,
1533207950.288,,8.128
1533207950.450,2156.46,
1533207950.520,,8.128
1533207950.668,2148.84,
1533207950.928,2156.46,
1533207951.137,,8.128
1533207951.207,,8.128
1533207951.329,2156.46,
1533207951.495,2164.08,
1533207951.807,,8.128
1533207951.812,,8.128
1533207951.883,2164.08,
1533207952.136,2164.08,
1533207952.389,,8.128
1533207952.390,2171.7000000000003,
1533207952.835,,8.128
1533207952.941,2171.7000000000003,
1533207952.976,2171.7000000000003,
1533207953.033,,8.128
1533207953.350,2179.32,
1533207953.394,,8.128
1533207953.688,,8.128
1533207953.809,2179.32,
1533207953.883,,8.128
1533207954.006,2179.32,
1533207954.388,2186.94,
1533207954.430,,8.128
1533207954.799,,8.128
1533207954.903,2186.94,
1533207955.254,,8.128
1533207955.381,2186.94,
1533207955.528,2194.56,
1533207955.562,,7.80288
1533207956.023,2194.56,
1533207956.054,,7.80288
1533207956.161,2194.56,
1533207956.287,,7.80288
1533207956.434,2202.1800000000003,
1533207956.910,2202.1800000000003,
1533207956.972,2202.1800000000003,
1533207957.143,,7.80288
1533207957.165,,7.80288
1533207957.383,2209.8,
1533207957.597,2202.1800000000003,
1533207957.710,,7.80288
1533207957.922,,7.80288
1533207957.961,2209.8,
1533207958.241,,7.80288
1533207958.255,,7.80288
1533207958.473,2217.42,
1533207958.623,2209.8,
1533207958.856,,7.80288
1533207959.007,2217.42,
1533207959.331,,7.80288
1533207959.461,,7.80288
1533207959.523,2217.42,
1533207959.524,2225.04,
1533207959.947,,7.80288
1533207960.018,,7.80288
1533207960.115,2225.04,
1533207960.207,2225.04,
1533207960.515,,8.128
1533207960.685,2232.6600000000003,
1533207960.948,,8.128
1533207961.196,2232.6600000000003,
1533207961.261,2232.6600000000003,
1533207961.554,,8.128
1533207961.661,2240.28,
1533207961.942,2232.6600000000003,
1533207961.978,,8.128
1533207962.109,2240.28,
1533207962.403,,8.128
1533207962.480,,8.45312
1533207962.683,2247.9,
1533207962.958,,8.45312
1533207963.149,2247.9,
1533207963.481,,8.45312
1533207963.665,2255.52,
1533207963.912,,8.45312
1533207964.163,2255.52,
1533207964.223,2263.1400000000003,
1533207964.505,,8.45312
1533207964.667,2263.1400000000003,
1533207964.878,2263.1400000000003,
1533207964.972,,8.45312
1533207965.234,2270.76,
1533207965.481,,8.45312
1533207965.759,2270.76,
1533207965.777,2270.76,
1533207966.154,,8.45312
1533207966.245,2278.38,
1533207966.483,2270.76,
1533207966.727,,8.45312
1533207966.732,2278.38,
1533207967.229,2286.0,
1533207967.239,,8.45312
1533207967.342,2278.38,
1533207967.705,,8.45312
1533207967.767,2286.0,
1533207968.087,2286.0,
1533207968.175,2293.62,
1533207968.239,,8.45312
1533207968.640,,8.45312
1533207968.799,2293.62,
1533207969.194,,8.45312
1533207969.231,2293.62,
1533207969.300,2293.62,
1533207969.310,2301.2400000000002,
1533207969.712,,8.45312
1533207969.897,2308.86,
1533207970.144,,8.45312
1533207970.288,2308.86,
1533207970.550,,8.45312
1533207970.748,,8.45312
1533207970.752,2316.48,
1533207970.969,2308.86,
1533207971.205,2316.48,
1533207971.555,,8.45312
1533207971.562,,8.45312
1533207971.752,2324.1,
1533207972.117,,8.45312
1533207972.302,2324.1,
1533207972.613,,8.45312
1533207972.841,2331.7200000000003,
1533207973.175,,8.45312
1533207973.222,2331.7200000000003,
1533207973.687,2339.34,
1533207973.760,,8.45312
1533207974.206,2339.34,
1533207974.283,,8.45312
1533207974.768,2346.96,
1533207974.830,,8.45312
1533207975.192,2346.96,
1533207975.294,,8.45312
1533207975.766,2354.58,
1533207975.858,,8.45312
1533207976.177,2354.58,
1533207976.425,,8.128
1533207976.501,,8.45312
1533207976.751,2362.2000000000003,
1533207976.890,,8.128
1533207977.232,2362.2000000000003,
1533207977.424,,8.128
1533207977.520,,8.128
1533207977.803,2369.82,
1533207977.961,,8.128
1533207978.050,2362.2000000000003,
1533207978.295,2369.82,
1533207978.313,2369.82,
1533207978.434,,8.128
1533207978.556,,8.128
1533207978.742,2377.44,
1533207979.045,2369.82,
1533207979.131,,8.128
1533207979.222,2377.44,
1533207979.386,,8.128
1533207979.718,2385.06,
1533207979.931,2377.44,
1533207979.996,,8.128
1533207980.103,2385.06,
1533207980.488,,8.128
1533207980.549,2392.6800000000003,
1533207980.982,,8.128
1533207981.042,2392.6800000000003,
1533207981.467,,8.128
1533207981.575,,8.128
1533207981.664,2400.3,
1533207981.696,2392.6800000000003,
1533207981.976,,8.128
1533207982.168,2400.3,
1533207982.269,,8.128
1533207982.627,2400.3,
1533207982.634,2407.92,
1533207982.918,,8.128
1533207982.930,,8.128
1533207983.189,2407.92,
1533207983.482,,8.128
1533207983.742,2415.54,
1533207984.025,,8.128
1533207984.186,2423.1600000000003,
1533207984.190,,8.128
1533207984.259,2415.54,
1533207984.608,,8.128
1533207984.633,2423.1600000000003,
1533207984.905,2423.1600000000003,
1533207985.040,2423.1600000000003,
1533207985.199,,8.128
1533207985.208,2430.78,
1533207985.629,2430.78,
1533207985.677,,8.128
1533207985.794,2430.78,
1533207986.160,,8.128
1533207986.268,2438.4,
1533207986.635,2430.78,
1533207986.740,,8.128
1533207986.814,2438.4,
1533207987.157,,8.128
1533207987.274,2446.02,
1533207987.389,2438.4,
1533207987.632,,8.128
1533207987.720,2446.02,
1533207988.097,,8.128
1533207988.205,2446.02,
1533207988.222,2453.6400000000003,
1533207988.509,,8.128
1533207988.687,2453.6400000000003,
1533207988.922,,8.128
1533207988.969,2453.6400000000003,
1533207989.203,2461.26,
1533207989.458,,8.128
1533207989.674,2461.26,
1533207989.820,2461.26,
1533207989.897,,8.128
1533207990.170,2468.88,
1533207990.441,2461.26,
1533207990.456,,8.128
1533207990.614,2468.88,
1533207990.679,2468.88,
1533207990.955,,8.128
1533207991.339,2476.5,
1533207991.423,2468.88,
1533207991.463,,8.128
1533207991.793,2476.5,
1533207991.895,,8.128
1533207992.262,2484.1200000000003,
1533207992.270,2476.5,
1533207992.296,,8.128
1533207992.731,,8.128
1533207992.774,2484.1200000000003,
1533207993.176,2491.7400000000002,
1533207993.318,,8.128
1533207993.444,,8.128
1533207993.475,2484.1200000000003,
1533207993.607,2491.7400000000002,
1533207993.857,2491.7400000000002,
1533207993.885,,8.128
1533207994.083,2499.36,
1533207994.384,,8.128
1533207994.544,2499.36,
1533207994.659,2499.36,
1533207994.918,,8.128
1533207994.995,,8.128
1533207995.124,2506.98,
1533207995.378,2499.36,
1533207995.412,,8.128
1533207995.627,2506.98,
1533207995.713,,8.128
1533207995.869,,8.128
1533207996.067,2514.6,
1533207996.092,2506.98,
1533207996.300,,8.128
1533207996.460,,8.128
1533207996.666,2514.6,
1533207996.873,,8.128
1533207996.917,2514.6,
1533207997.104,2522.2200000000003,
1533207997.373,,8.128
1533207997.447,,8.128
1533207997.638,2522.2200000000003,
1533207997.900,2522.2200000000003,
1533207997.931,,8.128
1533207998.010,2529.84,
1533207998.403,,8.128
1533207998.423,2529.84,
1533207998.867,2537.46,
1533207998.983,,8.128
1533207999.002,,8.128
1533207999.037,2529.84,
1533207999.300,2537.46,
1533207999.441,,8.128
1533207999.540,2537.46,
1533207999.685,,8.128
1533207999.728,2537.46,
1533208000.089,,8.128
1533208000.149,2545.08,
1533208000.168,2537.46,
1533208000.515,,8.128
1533208000.594,,8.128
1533208000.600,2545.08,
1533208000.818,2545.08,
1533208001.105,,8.128
1533208001.160,2552.7000000000003,
1533208001.485,,8.128
1533208001.681,2552.7000000000003,
1533208001.908,,8.128
1533208002.143,,8.128
1533208002.144,2560.32,
1533208002.260,2552.7000000000003,
1533208002.316,,8.128
1533208002.580,2560.32,
1533208002.834,,8.128
1533208003.041,2567.94,
1533208003.212,,8.128
1533208003.538,2567.94,
1533208003.648,2567.94,
1533208003.743,,8.128
1533208003.956,,8.128
1533208004.076,2575.56,
1533208004.358,,8.128
1533208004.387,,8.128
1533208004.482,2575.56,
1533208004.814,,8.128
1533208004.995,2575.56,
1533208005.010,2583.1800000000003,
1533208005.314,,8.128
1533208005.408,2583.1800000000003,
1533208005.412,,8.45312
1533208005.639,2583.1800000000003,
1533208005.823,,8.45312
1533208005.975,2590.8,
1533208006.315,,8.45312
1533208006.319,,8.45312
1533208006.343,2583.1800000000003,
1533208006.403,2590.8,
1533208006.618,2598.42,
1533208006.851,,8.128
1533208006.885,,8.45312
1533208007.053,2598.42,
1533208007.270,2598.42,
1533208007.439,,8.128
1533208007.603,2606.04,
1533208008.010,,8.128
1533208008.224,2606.04,
1533208008.274,2606.04,
1533208008.449,,8.128
1533208008.729,2613.6600000000003,
1533208008.891,,8.128
1533208009.163,2613.6600000000003,
1533208009.300,,8.128
1533208009.328,2613.6600000000003,
1533208009.683,2621.28,
1533208009.892,,8.128
1533208010.146,2621.28,
1533208010.147,2621.28,
1533208010.468,,8.128
1533208010.683,2628.9,
1533208011.075,,8.128
1533208011.194,2628.9,
1533208011.483,,8.128
1533208011.705,2636.52,
1533208011.868,2628.9,
1533208012.046,,8.128
1533208012.101,2636.52,
1533208012.480,,8.128
1533208012.623,2644.1400000000003,
1533208012.892,,8.128
1533208013.113,2644.1400000000003,
1533208013.362,,8.128
1533208013.399,2644.1400000000003,
1533208013.491,2651.76,
1533208013.828,,8.128
1533208014.047,2651.76,
1533208014.190,2651.76,
1533208014.346,,8.128
1533208014.615,2659.38,
1533208014.839,,8.128
1533208015.129,2659.38,
1533208015.461,,8.128
1533208015.580,2667.0,
1533208016.003,,8.128
1533208016.131,2667.0,
1533208016.427,,8.128
1533208016.493,,8.45312
1533208016.706,2674.6200000000003,
1533208017.075,,8.45312
1533208017.166,2674.6200000000003,
1533208017.476,,8.45312
1533208017.602,2682.2400000000002,
1533208017.712,2674.6200000000003,
1533208018.065,2682.2400000000002,
1533208018.072,,8.45312
1533208018.392,2682.2400000000002,
1533208018.653,2689.86,
1533208018.698,,8.45312
1533208019.141,,8.45312
1533208019.174,2697.48,
1533208019.288,2689.86,
1533208019.312,,8.45312
1533208019.716,2697.48,
1533208019.720,,8.45312
1533208020.085,,8.45312
1533208020.232,2697.48,
1533208020.247,2705.1,
1533208020.327,,8.45312
1533208020.770,2705.1,
1533208020.770,,8.45312
1533208021.068,2705.1,
1533208021.229,2712.7200000000003,
1533208021.258,2705.1,
1533208021.285,,8.45312
1533208021.347,,8.45312
1533208021.783,2712.7200000000003,
1533208021.854,,8.45312
1533208022.154,2712.7200000000003,
1533208022.222,2720.34,
1533208022.276,,8.45312
1533208022.378,,8.45312
1533208022.708,2720.34,
1533208022.827,,8.45312
1533208023.051,,8.45312
1533208023.161,2727.96,
1533208023.392,,8.45312
1533208023.566,2727.96,
1533208023.722,2727.96,
1533208023.961,,8.45312
1533208024.319,2735.58,
1533208024.401,2727.96,
1533208024.465,,8.45312
1533208024.758,,8.45312
1533208024.803,2743.2000000000003,
1533208024.973,,8.45312
1533208025.278,2743.2000000000003,
1533208025.485,,8.45312
1533208025.536,2743.2000000000003,
1533208025.767,2750.82,
1533208025.769,,8.45312
1533208026.207,2750.82,
1533208026.288,2750.82,
1533208026.438,,8.45312
1533208026.621,,8.45312
1533208026.867,2758.44,
1533208027.023,,8.45312
1533208027.171,2750.82,
1533208027.401,2758.44,
1533208027.431,,8.45312
1533208027.864,,8.45312
1533208027.895,2766.06,
1533208028.049,2758.44,
1533208028.072,,8.45312
1533208028.308,2766.06,
1533208028.501,,8.45312
1533208028.717,2773.6800000000003,
1533208028.870,,8.45312
1533208028.995,,8.45312
1533208029.164,2773.6800000000003,
1533208029.420,,8.45312
1533208029.479,2773.6800000000003,
1533208029.713,2781.3,
1533208029.803,,8.45312
1533208030.230,2781.3,
1533208030.275,2781.3,
1533208030.357,,8.45312
1533208030.570,,8.45312
1533208030.687,2788.92,
1533208031.034,2781.3,
1533208031.110,,8.45312
1533208031.162,2788.92,
1533208031.587,2796.54,
1533208031.653,,8.128
1533208031.853,,8.45312
1533208031.956,2788.92,
1533208032.046,2796.54,
1533208032.253,,8.128
1533208032.615,2804.1600000000003,
1533208032.780,,8.128
1533208032.780,2796.54,
1533208032.813,,8.128
1533208033.203,2804.1600000000003,
1533208033.316,2804.1600000000003,
1533208033.410,,8.128
1533208033.756,2811.78,
1533208033.858,,8.128
1533208034.303,2811.78,
1533208034.424,2811.78,
1533208034.469,,8.128
1533208034.853,2819.4,
1533208034.920,,8.128
1533208035.250,2819.4,
1533208035.492,2819.4,
1533208035.512,,8.128
1533208035.776,2827.02,
1533208036.106,,8.128
1533208036.119,2819.4,
1533208036.354,2834.6400000000003,
1533208036.684,,8.128
1533208036.818,2834.6400000000003,
1533208037.050,2834.6400000000003,
1533208037.112,,8.128
1533208037.305,2842.26,
1533208037.619,,8.128
1533208037.806,2842.26,
1533208038.097,,8.128
1533208038.381,2849.88,
1533208038.621,,8.128
1533208038.663,2842.26,
1533208038.831,2849.88,
1533208038.871,2849.88,
1533208039.137,,8.128
1533208039.390,2857.5,
1533208039.691,,8.128
1533208039.710,2849.88,
1533208039.826,2857.5,
1533208040.126,,8.128
1533208040.227,2865.1200000000003,
1533208040.389,2857.5,
1533208040.660,,8.128
1533208040.756,2865.1200000000003,
1533208041.000,2865.1200000000003,
1533208041.175,,8.128
1533208041.197,2872.7400000000002,
1533208041.662,2872.7400000000002,
1533208041.737,,8.128
1533208041.816,,8.128
1533208042.145,2880.36,
1533208042.301,,8.128
1533208042.442,2872.7400000000002,
1533208042.633,2880.36,
1533208042.634,2880.36,
1533208042.784,,8.128
1533208042.863,,8.128
1533208043.208,2887.98,
1533208043.306,,8.128
1533208043.582,2880.36,
1533208043.773,,8.128
1533208043.806,2887.98,
1533208044.173,,8.128
1533208044.360,2895.6000000000004,
1533208044.453,,8.128
1533208044.501,2887.98,
1533208044.954,2895.6000000000004,
1533208045.215,,8.128
1533208045.218,,8.128
1533208045.503,2903.2200000000003,
1533208045.571,2895.6000000000004,
1533208045.752,,8.128
1533208045.918,,8.128
1533208046.078,2910.84,
1533208046.323,,8.128
1533208046.584,2910.84,
1533208046.671,,8.128
1533208046.704,2910.84,
1533208046.880,,8.128
1533208047.028,2918.46,
1533208047.145,,8.128
1533208047.524,2918.46,
1533208047.668,,8.128
1533208047.699,,8.128
1533208048.077,2926.08,
1533208048.085,,8.128
1533208048.175,,8.128
1533208048.393,2918.46,
1533208048.583,2926.08,
1533208048.595,,8.128
1533208049.027,2933.7000000000003,
1533208049.244,,8.128
1533208049.306,2926.08,
1533208049.477,,8.128
1533208049.581,2933.7000000000003,
1533208049.728,,8.128
1533208050.057,2941.32,
1533208050.216,,8.128
1533208050.570,2941.32,
1533208050.634,2941.32,
1533208050.757,,8.45312
1533208050.851,,8.128
1533208051.126,2948.94,
1533208051.190,,8.45312
1533208051.624,2948.94,
1533208051.654,,8.45312
1533208051.700,2948.94,
1533208052.155,,8.45312
1533208052.216,2956.56,
1533208052.556,,8.45312
1533208052.701,2964.1800000000003,
1533208052.976,,8.45312
1533208053.144,2964.1800000000003,
1533208053.343,2964.1800000000003,
1533208053.451,,8.45312
1533208053.861,2971.8,
1533208054.015,,8.45312
1533208054.272,2971.8,
1533208054.536,,8.45312
1533208054.782,2979.42,
1533208054.903,2971.8,
1533208055.079,,8.45312
1533208055.248,2979.42,
1533208055.650,,8.45312
1533208055.690,2987.04,
1533208056.107,,8.45312
1533208056.170,2987.04,
1533208056.273,2987.04,
1533208056.565,,8.45312
1533208056.847,2994.6600000000003,
1533208057.055,,8.45312
1533208057.253,2994.6600000000003,
1533208057.262,2994.6600000000003,
1533208057.593,,8.128
1533208057.808,3002.28,
1533208058.102,,8.128
1533208058.162,2994.6600000000003,
1533208058.305,3002.28,
1533208058.375,3002.28,
1533208058.701,,8.128
1533208058.822,3009.9,
1533208059.144,3002.28,
1533208059.240,3009.9,
1533208059.245,,8.128
1533208059.716,3017.52,
1533208059.758,3009.9,
1533208059.760,3009.9,
1533208059.782,,8.128
1533208060.134,3017.52,
1533208060.406,,8.128
1533208060.491,3017.52,
1533208060.638,3025.1400000000003,
1533208060.807,,8.128
1533208060.921,,8.45312
1533208061.203,3025.1400000000003,
1533208061.334,,8.45312
1533208061.686,3032.76,
1533208061.784,,8.45312
1533208062.226,,8.45312
1533208062.233,3040.38,
1533208062.250,3032.76,
1533208062.476,,8.45312
1533208062.664,,8.45312
1533208062.710,3040.38,
1533208062.962,3040.38,
1533208063.072,,8.45312
1533208063.262,3048.0,
1533208063.546,,8.45312
1533208063.582,,8.45312
1533208063.784,3048.0,
1533208063.884,3048.0,
1533208064.088,,8.45312
1533208064.186,3048.0,
1533208064.226,3055.6200000000003,
1533208064.345,,8.45312
1533208064.501,,8.128
1533208064.650,3055.6200000000003,
1533208064.798,3055.6200000000003,
1533208065.005,,8.128
1533208065.203,3063.2400000000002,
1533208065.498,,8.128
1533208065.572,3055.6200000000003,
1533208065.745,3063.2400000000002,
1533208065.924,,8.128
1533208066.086,,8.128
1533208066.251,3070.86,
1533208066.288,3063.2400000000002,
1533208066.640,,8.128
1533208066.725,3070.86,
1533208066.825,,8.128
1533208067.094,3070.86,
1533208067.233,,8.128
1533208067.314,3078.48,
1533208067.606,,8.128
1533208067.828,3078.48,
1533208067.952,,8.128
1533208068.067,,8.128
1533208068.224,3078.48,
1533208068.395,3086.1000000000004,
1533208068.598,,8.128
1533208068.681,,8.128
1533208068.832,3086.1000000000004,
1533208069.084,,8.128
1533208069.178,3086.1000000000004,
1533208069.249,3086.1000000000004,
1533208069.346,3093.7200000000003,
1533208069.390,,8.128
1533208069.890,,8.128
1533208069.907,3093.7200000000003,
1533208069.945,3101.34,
1533208070.075,,8.128
1533208070.327,,8.128
1533208070.401,3101.34,
1533208070.736,,8.128
1533208070.883,3101.34,
1533208071.167,,8.128
1533208071.262,3108.96,
1533208071.290,,8.128
1533208071.534,3101.34,
1533208071.665,,8.45312
1533208071.745,3108.96,
1533208072.279,,8.45312
1533208072.304,,8.45312
1533208072.317,3116.5800000000004,
1533208072.354,3108.96,
1533208072.737,,8.45312
1533208072.810,3124.2000000000003,
1533208073.114,,8.45312
1533208073.372,3124.2000000000003,
1533208073.435,3124.2000000000003,
1533208073.625,,8.45312
1533208073.886,,8.45312
1533208073.934,3131.82,
1533208074.146,,8.45312
1533208074.443,3131.82,
1533208074.527,3131.82,
1533208074.637,,8.45312
1533208074.866,3139.44,
1533208075.070,,8.45312
1533208075.319,3139.44,
1533208075.376,3131.82,
1533208075.547,,8.45312
1533208075.849,3147.06,
1533208076.048,3139.44,
1533208076.140,,8.45312
1533208076.385,3147.06,
1533208076.556,,8.45312
1533208076.937,3154.6800000000003,
1533208076.996,3147.06,
1533208077.272,,8.45312
1533208077.511,3162.3,
1533208077.675,,8.45312
1533208078.011,3162.3,
1533208078.043,3162.3,
1533208078.064,3154.6800000000003,
1533208078.093,,8.45312
1533208078.487,3169.92,
1533208078.782,,8.45312
1533208078.837,3162.3,
1533208078.935,3169.92,
1533208078.974,3169.92,
1533208079.386,3169.92,
1533208079.393,,8.45312
1533208079.797,,8.45312
1533208079.956,3177.54,
1533208080.011,3177.54,
1533208080.126,,8.45312
1533208080.516,3185.1600000000003,
1533208080.626,3177.54,
1533208080.790,,8.128
1533208081.077,3185.1600000000003,
1533208081.263,,8.128
1533208081.616,3192.78,
1533208081.673,3185.1600000000003,
1533208081.829,,8.128
1533208082.092,3192.78,
1533208082.354,,8.128
1533208082.574,3192.78,
1533208082.616,3200.4,
1533208082.962,,8.45312
1533208083.107,,8.128
1533208083.229,3200.4,
1533208083.399,,8.45312
1533208083.415,3200.4,
1533208083.707,3208.02,
1533208083.710,3200.4,
1533208083.814,,8.45312
1533208084.234,3215.6400000000003,
1533208084.262,3208.02,
1533208084.387,,8.45312
1533208084.662,3215.6400000000003,
1533208084.901,,8.45312
1533208085.044,3215.6400000000003,
1533208085.338,,8.45312
1533208085.484,3223.26,
1533208085.990,,8.45312
1533208086.099,3223.26,
1533208086.394,,8.45312
1533208086.657,3230.88,
1533208086.980,,8.45312
1533208087.122,3238.5,
1533208087.354,3230.88,
1533208087.519,,8.45312
1533208087.627,3238.5,
1533208088.102,3246.1200000000003,
1533208088.124,,8.45312
1533208088.181,,8.45312
1533208088.248,3238.5,
1533208088.575,3246.1200000000003,
1533208088.598,,8.45312
1533208089.002,,8.45312
1533208089.092,3246.1200000000003,
1533208089.116,,8.45312
1533208089.162,3253.7400000000002,
1533208089.603,,8.45312
1533208089.711,3253.7400000000002,
1533208090.123,3253.7400000000002,
1533208090.155,,8.45312
1533208090.300,3261.36,
1533208090.742,,8.45312
1533208090.901,3268.98,
1533208091.238,,8.45312
1533208091.500,3268.98,
1533208091.830,,8.45312
1533208091.985,3276.6000000000004,
1533208092.248,,8.45312
1533208092.459,3276.6000000000004,
1533208092.657,,8.128
1533208092.906,3284.2200000000003,
1533208093.092,,8.128
1533208093.372,3284.2200000000003,
1533208093.544,3284.2200000000003,
1533208093.598,,8.45312
1533208094.045,3291.84,
1533208094.070,,8.45312
1533208094.570,3291.84,
1533208094.651,,8.45312
1533208095.108,3299.46,
1533208095.172,,8.45312
1533208095.251,,8.45312
1533208095.582,3299.46,
1533208095.586,,8.45312
1533208096.033,3307.0800000000004,
1533208096.058,,8.45312
1533208096.264,3299.46,
1533208096.504,,8.45312
1533208096.538,3314.7000000000003,
1533208096.740,3307.0800000000004,
1533208096.998,3314.7000000000003,
1533208097.069,,8.45312
1533208097.491,3322.32,
1533208097.633,,8.45312
1533208098.073,,8.45312
1533208098.095,3322.32,
1533208098.165,3322.32,
1533208098.607,,8.45312
1533208098.624,3329.94,
1533208099.066,3329.94,
1533208099.190,,8.45312
1533208099.465,3329.94,
1533208099.581,3337.56,
1533208099.725,,8.45312
1533208100.195,3337.56,
1533208100.270,,8.45312
1533208100.674,,8.45312
1533208100.699,3345.1800000000003,
1533208101.083,3345.1800000000003,
1533208101.150,,8.45312
1533208101.540,3352.8,
1533208101.658,,8.45312
1533208101.767,3345.1800000000003,
1533208102.119,3352.8,
1533208102.221,,8.45312
1533208102.660,,8.45312
1533208102.720,3360.42,
1533208102.799,3352.8,
1533208103.197,,8.45312
1533208103.304,3368.04,
1533208103.678,,8.45312
1533208103.900,3368.04,
1533208103.949,3368.04,
1533208104.168,,8.45312
1533208104.320,3368.04,
1533208104.419,3375.6600000000003,
1533208104.649,,8.45312
1533208104.894,3375.6600000000003,
1533208104.986,3375.6600000000003,
1533208105.147,,8.45312
1533208105.451,3383.28,
1533208105.563,,8.45312
1533208105.594,3375.6600000000003,
1533208105.949,3383.28,
1533208106.122,,8.45312
1533208106.391,3390.9,
1533208106.640,,8.45312
1533208106.922,3390.9,
1533208107.140,,8.45312
1533208107.271,3390.9,
1533208107.341,3398.52,
1533208107.633,,8.45312
1533208107.796,3398.52,
1533208107.883,3398.52,
1533208108.046,,8.45312
1533208108.297,,8.45312
1533208108.313,3406.1400000000003,
1533208108.642,3398.52,
1533208108.745,3406.1400000000003,
1533208109.089,,8.45312
1533208109.353,3413.76,
1533208109.528,,8.128
1533208109.652,3406.1400000000003,
1533208109.923,3421.38,
1533208110.036,,8.128
1533208110.200,,8.128
1533208110.372,3421.38,
1533208110.647,,8.128
1533208110.911,3429.0,
1533208111.057,,8.128
1533208111.162,,8.128
1533208111.384,3429.0,
1533208111.543,3429.0,
1533208111.572,,8.128
1533208111.989,,8.128
1533208111.989,3436.6200000000003,
1533208112.343,3429.0,
1533208112.464,,8.128
1533208112.539,3436.6200000000003,
1533208112.560,3436.6200000000003,
1533208112.607,,8.128
1533208112.934,,8.128
1533208112.984,3444.2400000000002,
1533208113.439,,8.128
1533208113.569,3444.2400000000002,
1533208113.991,3451.86,
1533208114.051,,8.128
1533208114.240,3444.2400000000002,
1533208114.412,3451.86,
1533208114.489,,8.128
1533208114.855,,8.128
1533208114.855,3451.86,
1533208114.902,3459.48,
1533208115.389,3459.48,
1533208115.455,,8.128
1533208115.624,3459.48,
1533208115.750,,8.128
1533208115.873,3467.1000000000004,
1533208116.272,3467.1000000000004,
1533208116.388,,8.128
1533208116.799,3474.7200000000003,
1533208116.895,,8.128
1533208117.047,3467.1000000000004,
1533208117.170,,8.128
1533208117.278,3474.7200000000003,
1533208117.474,,8.128
1533208117.795,3474.7200000000003,
1533208117.891,3482.34,
1533208117.994,,8.128
1533208118.136,,8.128
1533208118.416,3482.34,
1533208118.554,,8.128
1533208118.700,3482.34,
1533208118.841,3489.96,
1533208118.993,3482.34,
1533208119.074,,8.128
1533208119.217,,8.128
1533208119.313,3489.96,
1533208119.648,3489.96,
1533208119.658,,8.128
1533208119.733,,8.128
1533208119.765,3489.96,
1533208119.918,3497.5800000000004,
1533208120.195,,8.128
1533208120.283,,8.128
1533208120.393,3497.5800000000004,
1533208120.623,3497.5800000000004,
1533208120.787,,8.45312
1533208120.940,3505.2000000000003,
1533208121.174,,8.128
1533208121.215,,8.45312
1533208121.456,3512.82,
1533208121.664,3505.2000000000003,
1533208121.739,,8.45312
1533208122.028,3512.82,
1533208122.201,,8.45312
1533208122.601,3520.44,
1533208122.655,,8.45312
1533208122.931,,8.45312
1533208123.206,3520.44,
1533208123.231,,8.45312
1533208123.504,3520.44,
1533208123.644,,8.45312
1533208123.706,3528.0600000000004,
1533208124.081,,8.45312
1533208124.252,3535.6800000000003,
1533208124.485,,8.45312
1533208124.501,3528.0600000000004,
1533208124.547,3520.44,
1533208124.816,3535.6800000000003,
1533208124.935,,8.45312
1533208125.341,,8.45312
1533208125.370,3543.3,
1533208125.486,3535.6800000000003,
1533208125.817,,8.45312
1533208125.873,3543.3,
1533208126.056,3543.3,
1533208126.355,,8.45312
1533208126.356,3550.92,
1533208126.428,3543.3,
1533208126.799,3550.92,
1533208126.891,3550.92,
1533208126.993,,8.45312
1533208127.278,3550.92,
1533208127.406,,8.128
1533208127.414,,8.45312
1533208127.485,3558.54,
1533208127.905,3558.54,
1533208127.933,,8.128
1533208128.252,3558.54,
1533208128.287,3566.1600000000003,
1533208128.452,,8.128
1533208128.768,3566.1600000000003,
1533208129.013,,8.128
1533208129.333,3573.78,
1533208129.357,3566.1600000000003,
1533208129.700,,8.128
1533208129.798,3573.78,
1533208130.138,,8.128
1533208130.188,3573.78,
1533208130.300,3581.4,
1533208130.543,,8.128
1533208130.717,3581.4,
1533208130.747,,8.128
1533208130.881,3581.4,
1533208131.153,,8.128
1533208131.232,3589.02,
1533208131.317,,8.128
1533208131.613,,8.128
1533208131.726,,8.128
1533208131.794,3589.02,
1533208132.032,,8.128
1533208132.209,3596.6400000000003,
1533208132.416,,8.128
1533208132.769,3596.6400000000003,
1533208133.034,,8.128
1533208133.290,3604.26,
1533208133.391,,8.128
1533208133.700,3596.6400000000003,
1533208133.750,3604.26,
1533208133.816,3604.26,
1533208134.035,,8.128
1533208134.145,,8.128
1533208134.320,3611.88,
1533208134.487,3604.26,
1533208134.553,,8.128
1533208134.827,3611.88,
1533208134.994,,8.128
1533208135.284,3619.5,
1533208135.376,3611.88,
1533208135.398,,8.128
1533208135.760,3627.1200000000003,
1533208135.886,,8.128
1533208135.975,3619.5,
1533208136.077,,8.128
1533208136.262,3627.1200000000003,
1533208136.456,,8.128
1533208136.480,,8.128
1533208136.702,3627.1200000000003,
1533208136.850,,8.45312
1533208137.268,3634.7400000000002,
1533208137.288,,8.128
1533208137.369,,8.45312
1533208137.818,3642.36,
1533208137.923,,8.128
1533208137.969,,8.45312
1533208138.246,3642.36,
1533208138.326,,8.128
1533208138.667,3642.36,
1533208138.794,,8.128
1533208138.836,3649.98,
1533208138.895,,8.128
1533208139.297,3649.98,
1533208139.423,,8.128
1533208139.656,3649.98,
1533208139.732,,8.128
1533208139.848,,8.128
1533208139.869,3657.6000000000004,
1533208140.000,,8.128
1533208140.031,3657.6000000000004,
1533208140.275,3657.6000000000004,
1533208140.509,,8.128
1533208140.520,,8.128
1533208140.862,3665.2200000000003,
1533208140.960,,8.128
1533208141.033,3657.6000000000004,
1533208141.322,,8.128
1533208141.364,3665.2200000000003,
1533208141.535,,8.45312
1533208141.951,3672.84,
1533208141.966,,8.45312
1533208142.053,3665.2200000000003,
1533208142.075,,8.45312
1533208142.406,3672.84,
1533208142.608,,8.45312
1533208142.880,3680.46,
1533208143.100,,8.45312
1533208143.375,3680.46,
1533208143.540,,8.45312
1533208143.814,3680.46,
1533208143.835,3680.46,
1533208143.858,3688.0800000000004,
1533208143.943,,8.45312
1533208144.451,3695.7000000000003,
1533208144.514,3688.0800000000004,
1533208144.610,,8.128
1533208144.930,3695.7000000000003,
1533208145.010,,8.45312
1533208145.015,,8.128
1533208145.061,3695.7000000000003,
1533208145.427,,8.128
1533208145.507,3703.32,
1533208145.513,3695.7000000000003,
1533208145.920,3703.32,
1533208146.073,,8.128
1533208146.254,3703.32,
1533208146.458,3710.94,
1533208146.595,,8.128
1533208146.905,3710.94,
1533208147.155,,8.128
1533208147.458,3718.5600000000004,
1533208147.662,,8.128
1533208148.004,3718.5600000000004,
1533208148.101,3718.5600000000004,
1533208148.175,,8.128
1533208148.467,3726.1800000000003,
1533208148.759,,8.45312
1533208148.878,3726.1800000000003,
1533208148.931,3726.1800000000003,
1533208149.247,,8.45312
1533208149.402,3733.8,
1533208149.413,3726.1800000000003,
1533208149.773,3733.8,
1533208149.846,,8.45312
1533208150.338,3741.42,
1533208150.371,,8.45312
1533208150.443,3733.8,
1533208150.821,3741.42,
1533208150.831,,8.45312
1533208151.275,3749.04,
1533208151.308,3741.42,
1533208151.320,,8.45312
1533208151.688,3749.04,
1533208151.781,,8.45312
1533208152.242,3756.6600000000003,
1533208152.326,,8.45312
1533208152.735,3756.6600000000003,
1533208152.818,,8.45312
1533208152.945,3756.6600000000003,
1533208152.997,,8.45312
1533208153.296,3764.28,
1533208153.636,,8.45312
1533208153.696,3764.28,
1533208153.831,,8.45312
1533208154.265,3771.9,
1533208154.320,3764.28,
1533208154.365,,8.45312
1533208154.445,,8.45312
1533208154.774,3771.9,
1533208154.860,,8.45312
1533208155.264,3779.52,
1533208155.304,3771.9,
1533208155.306,,8.45312
1533208155.377,,8.45312
1533208155.610,3779.52,
1533208155.795,,8.45312
1533208156.135,3787.1400000000003,
1533208156.361,,8.45312
1533208156.624,3787.1400000000003,
1533208156.685,3787.1400000000003,
1533208156.856,,8.45312
1533208157.160,3794.76,
1533208157.392,,8.45312
1533208157.563,3787.1400000000003,
1533208157.685,3794.76,
1533208157.851,,8.45312
1533208157.877,,8.128
1533208158.105,3802.38,
1533208158.265,,8.128
1533208158.286,3794.76,
1533208158.610,,8.128
1533208158.619,3802.38,
1533208158.723,,8.128
1533208158.945,3802.38,
1533208159.175,3810.0,
1533208159.244,,8.128
1533208159.344,,8.128
1533208159.621,3810.0,
1533208159.791,,8.128
1533208159.856,3810.0,
1533208160.218,3817.6200000000003,
1533208160.244,,8.128
1533208160.701,,8.128
1533208160.741,3825.2400000000002,
1533208160.807,,8.128
1533208161.143,3825.2400000000002,
1533208161.261,,8.128
1533208161.386,3825.2400000000002,
1533208161.467,,8.128
1533208161.616,3825.2400000000002,
1533208162.104,3825.2400000000002,
1533208162.159,3832.86,
1533208162.193,,8.128
1533208162.301,,8.128
1533208162.620,3832.86,
1533208162.737,,8.128
1533208162.900,3832.86,
1533208162.947,,8.128
1533208163.208,3840.48,
1533208163.623,3848.1000000000004,
1533208163.653,,8.128
1533208164.160,3848.1000000000004,
1533208164.200,,8.128
1533208164.360,3848.1000000000004,
1533208164.644,,8.128
1533208164.655,3855.7200000000003,
1533208165.051,,8.128
1533208165.193,3855.7200000000003,
1533208165.488,,8.45312
1533208165.756,3863.34,
1533208165.984,,8.45312
1533208166.241,3863.34,
1533208166.553,,8.45312
1533208166.603,3870.96,
1533208166.798,,8.45312
1533208167.018,,8.45312
1533208167.196,3870.96,
1533208167.645,3878.5800000000004,
1533208167.649,,8.128
1533208167.687,,8.45312
1533208167.954,3870.96,
1533208168.121,3878.5800000000004,
1533208168.124,,8.128
1533208168.688,3886.2000000000003,
1533208168.733,,8.128
1533208168.775,,8.128
1533208169.184,3886.2000000000003,
1533208169.297,,8.128
1533208169.594,3893.82,
1533208169.838,,8.128
1533208170.108,3893.82,
1533208170.393,,8.128
1533208170.670,3901.44,
1533208170.793,,8.128
1533208170.839,3893.82,
1533208171.214,3901.44,
1533208171.251,3901.44,
1533208171.331,,8.128
1533208171.798,3909.0600000000004,
1533208171.868,,8.128
1533208172.175,3901.44,
1533208172.329,3916.6800000000003,
1533208172.364,,8.128
1533208172.805,,8.128
1533208172.894,3916.6800000000003,
1533208173.418,,8.128
1533208173.471,3924.3,
1533208173.884,3924.3,
1533208173.943,,8.128
1533208174.414,3931.92,
1533208174.504,3924.3,
1533208174.555,,8.128
1533208174.578,,8.128
1533208174.965,3931.92,
1533208175.059,,8.128
1533208175.524,,8.128
1533208175.553,3939.5400000000004,
1533208175.773,,8.128
1533208176.004,,8.128
1533208176.118,3939.5400000000004,
1533208176.614,,8.128
1533208176.624,3947.1600000000003,
1533208177.113,,8.128
1533208177.152,3947.1600000000003,
1533208177.677,3954.78,
1533208177.756,,8.128
1533208178.144,,8.128
1533208178.230,3962.4,
1533208178.645,3962.4,
1533208178.718,,8.128
1533208179.122,3962.4,
1533208179.229,,8.128
1533208179.548,3970.02,
1533208179.759,,8.128
1533208179.953,3962.4,
1533208180.022,3970.02,
1533208180.025,3970.02,
1533208180.213,,8.128
1533208180.504,3977.6400000000003,
1533208180.678,,8.128
1533208180.728,3970.02,
1533208181.015,,8.128
1533208181.089,3985.26,
1533208181.111,,8.128
1533208181.525,3985.26,
1533208181.697,,8.128
1533208181.763,,8.128
1533208181.996,3985.26,
1533208182.226,,8.128
1533208182.526,3992.88,
1533208182.704,,8.128
1533208182.981,3992.88,
1533208183.267,,8.128
1533208183.475,4000.5,
1533208183.761,,8.128
1533208183.980,4000.5,
1533208184.236,,8.128
1533208184.466,4008.1200000000003,
1533208184.765,,8.128
1533208184.815,4000.5,
1533208184.867,4008.1200000000003,
1533208184.930,4008.1200000000003,
1533208185.245,,8.128
1533208185.340,4015.7400000000002,
1533208185.755,4015.7400000000002,
1533208185.788,,8.128
1533208186.303,4023.36,
1533208186.334,,8.128
1533208186.873,4023.36,
1533208186.919,,8.128
1533208187.338,4030.98,
1533208187.448,,8.128
1533208187.929,4030.98,
1533208187.972,,8.128
1533208188.330,4038.6000000000004,
1533208188.527,,8.128
1533208188.893,4046.2200000000003,
1533208188.957,,8.128
1533208189.549,,8.128
1533208189.906,4053.84,
1533208190.031,,8.128
1533208190.352,4053.84,
1533208190.532,,8.128
1533208190.881,4061.46,
1533208191.028,,8.128
1533208191.312,4061.46,
1533208191.464,,8.128
1533208191.905,4069.0800000000004,
1533208192.093,,8.128
1533208192.374,4069.0800000000004,
1533208192.609,,8.128
1533208192.866,4076.7000000000003,
1533208193.177,,8.128
1533208193.431,4076.7000000000003,
1533208193.710,,8.128
1533208193.936,4084.32,
1533208194.138,,8.128
1533208194.371,4084.32,
1533208194.633,,8.45312
1533208194.981,4091.94,
1533208195.097,,8.45312
1533208195.517,,8.45312
1533208195.579,4091.94,
1533208196.050,4099.56,
1533208196.080,,8.45312
1533208196.529,4099.56,
1533208196.578,,8.77824
1533208197.163,4107.18,
1533208197.172,,8.77824
1533208197.550,4114.8,
1533208197.697,4107.18,
1533208197.698,,8.77824
1533208197.698,,8.77824
1533208197.988,4114.8,
1533208198.133,4114.8,
1533208198.150,,8.77824
1533208198.559,4122.42,
1533208198.606,4114.8,
1533208198.669,,8.77824
1533208198.683,,8.77824
1533208198.919,4122.42,
1533208199.135,,8.77824
1533208199.451,4130.04,
1533208199.644,,8.45312
1533208199.874,4130.04,
1533208200.004,4130.04,
1533208200.138,,8.45312
1533208200.344,4137.66,
1533208200.702,,8.45312
1533208200.894,4137.66,
1533208200.944,4137.66,
1533208201.054,,8.45312
1533208201.508,4145.280000000001,
1533208201.654,,8.45312
1533208202.067,4145.280000000001,
1533208202.067,,8.45312
1533208202.480,4152.900000000001,
1533208202.615,,8.45312
1533208203.011,4152.900000000001,
1533208203.041,,8.45312
1533208203.564,,8.45312
1533208203.611,4160.52,
1533208204.023,4160.52,
1533208204.140,,8.45312
1533208204.625,4168.14,
1533208204.678,,8.45312
1533208205.058,4175.76,
1533208205.204,,8.45312
1533208205.545,4175.76,
1533208205.736,,8.45312
1533208206.067,4183.38,
1533208206.342,,8.45312
1533208206.614,4183.38,
1533208206.883,,8.45312
1533208207.042,4191.0,
1533208207.293,,8.45312
1533208207.572,4191.0,
1533208207.790,,8.128
1533208208.092,4198.62,
1533208208.338,,8.128
1533208208.624,4198.62,
1533208208.822,,8.128
1533208208.985,4198.62,
1533208209.256,4206.24,
1533208209.265,,8.128
1533208209.791,4213.860000000001,
1533208209.817,,8.128
1533208210.346,4213.860000000001,
1533208210.414,,8.128
1533208210.855,,8.128
1533208210.905,4221.4800000000005,
1533208210.945,4213.860000000001,
1533208211.338,4221.4800000000005,
1533208211.420,,8.128
1533208211.858,,7.80288
1533208211.929,4229.1,
1533208212.357,,7.80288
1533208212.503,4229.1,
1533208212.843,,8.128
1533208213.089,4236.72,
1533208213.286,,8.128
1533208213.620,4236.72,
1533208213.885,,8.128
1533208214.094,4244.34,
1533208214.474,,8.128
1533208214.700,4251.96,
1533208214.932,,8.128
1533208215.340,4251.96,
1533208215.402,,8.128
1533208215.726,4259.58,
1533208215.881,,8.45312
1533208216.236,4259.58,
1533208216.396,,8.45312
1533208216.769,4259.58,
1533208216.824,4267.2,
1533208216.858,,8.45312
1533208217.267,4267.2,
1533208217.438,,8.45312
1533208217.683,4267.2,
1533208217.856,4274.820000000001,
1533208217.904,,8.45312
1533208218.326,4274.820000000001,
1533208218.431,,8.45312
1533208218.870,4282.4400000000005,
1533208218.930,,8.128
1533208219.377,4282.4400000000005,
1533208219.428,,8.128
1533208219.790,4290.06,
1533208219.977,,8.128
1533208220.224,4290.06,
1533208220.387,,8.128
1533208220.635,4290.06,
1533208220.653,4297.68,
1533208220.835,,8.128
1533208221.162,4297.68,
1533208221.368,,8.128
1533208221.440,,8.128
1533208221.649,4305.3,
1533208221.955,,8.128
1533208222.085,4305.3,
1533208222.107,4305.3,
1533208222.467,,8.128
1533208222.676,4312.92,
1533208222.750,4305.3,
1533208223.030,,8.128
1533208223.187,4312.92,
1533208223.464,,8.128
1533208223.532,,8.128
1533208223.631,4320.54,
1533208224.099,4320.54,
1533208224.129,,8.128
1533208224.172,,8.128
1533208224.346,4320.54,
1533208224.534,4328.16,
1533208224.733,,8.128
1533208224.973,4328.16,
1533208225.067,4328.16,
1533208225.184,,8.128
1533208225.274,,8.128
1533208225.630,4328.16,
1533208225.652,4335.780000000001,
1533208225.901,,8.128
1533208225.955,,8.128
1533208226.119,4335.780000000001,
1533208226.383,,8.128
1533208226.535,4343.400000000001,
1533208226.963,,8.128
1533208227.052,4343.400000000001,
1533208227.107,,8.128
1533208227.528,,8.128
1533208227.593,4351.02,
1533208227.807,,8.128
1533208228.135,4351.02,
1533208228.233,,8.128
1533208228.703,4358.64,
1533208228.893,,8.128
1533208229.236,4358.64,
1533208229.460,,8.128
1533208229.567,4358.64,
1533208229.656,4366.26,
1533208229.680,4358.64,
1533208229.874,,8.128
1533208230.052,,8.128
1533208230.081,4366.26,
1533208230.144,4366.26,
1533208230.668,4373.88,
1533208230.669,,8.45312
1533208230.773,,8.128
1533208230.798,4366.26,
1533208231.079,4373.88,
1533208231.115,4373.88,
1533208231.116,,8.45312
1533208231.583,4381.5,
1533208231.704,,8.45312
1533208232.019,4381.5,
1533208232.168,4373.88,
1533208232.220,,8.45312
1533208232.587,4389.12,
1533208232.765,,8.45312
1533208232.797,4381.5,
1533208233.000,4389.12,
1533208233.221,,8.45312
1533208233.528,4396.74,
1533208233.758,,8.128
1533208233.866,,8.45312
1533208234.111,4396.74,
1533208234.259,,8.128
1533208234.446,4396.74,
1533208234.623,4404.360000000001,
1533208234.751,,8.128
1533208235.225,4411.9800000000005,
1533208235.317,,8.128
1533208235.730,4411.9800000000005,
1533208235.767,4404.360000000001,
1533208235.916,,8.128
1533208236.253,4419.6,
1533208236.401,,8.128
1533208236.632,4411.9800000000005,
1533208236.838,4419.6,
1533208236.935,,8.128
1533208237.375,4427.22,
1533208237.406,,8.128
1533208237.744,4419.6,
1533208237.809,4427.22,
1533208237.824,,8.128
1533208237.903,,8.128
1533208238.278,4434.84,
1533208238.361,,8.128
1533208238.734,4434.84,
1533208238.847,,8.128
1533208239.336,4442.46,
1533208239.413,,8.128
1533208239.850,,8.128
1533208239.856,4442.46,
1533208240.332,4450.08,
1533208240.395,,8.128
1533208240.780,4450.08,
1533208240.888,,8.128
1533208240.969,,8.128
1533208241.342,4457.7,
1533208241.447,,8.128
1533208241.664,4450.08,
1533208241.810,4457.7,
1533208241.930,,8.128
1533208242.375,4465.320000000001,
1533208242.459,4457.7,
1533208242.472,,8.128
1533208242.657,,8.128
1533208242.858,4465.320000000001,
1533208242.975,,8.128
1533208243.415,4465.320000000001,
1533208243.421,4472.9400000000005,
1533208243.425,,8.128
1533208243.870,4480.56,
1533208243.883,,8.128
1533208244.382,4480.56,
1533208244.388,,8.128
1533208244.398,4472.9400000000005,
1533208244.470,,8.128
1533208244.866,4488.18,
1533208244.931,,8.128
1533208245.244,4480.56,
1533208245.387,,8.128
1533208245.408,4488.18,
1533208245.442,,8.128
1533208245.868,,8.128
1533208245.945,4495.8,
1533208246.129,,8.128
1533208246.390,4495.8,
1533208246.953,4503.42,
1533208247.009,,8.128
1533208247.438,,8.128
1533208247.479,4503.42,
1533208247.916,4503.42,
1533208247.949,4511.04,
1533208248.021,,8.128
1533208248.398,4511.04,
1533208248.463,,8.128
1533208248.861,4511.04,
1533208248.952,,8.128
1533208248.976,4518.66,
1533208248.984,,8.128
1533208249.449,,8.128
1533208249.487,,8.128
1533208249.524,4518.66,
1533208249.562,4518.66,
1533208249.983,,8.128
1533208250.015,4526.280000000001,
1533208250.523,4526.280000000001,
1533208250.558,,8.128
1533208250.996,4533.900000000001,
1533208251.123,,8.128
1533208251.124,4526.280000000001,
1533208251.479,4533.900000000001,
1533208251.635,,8.128
1533208251.965,4541.52,
1533208251.965,4533.900000000001,
1533208252.121,,8.128
1533208252.218,,8.128
1533208252.579,4541.52,
1533208252.601,,8.45312
1533208252.805,4541.52,
1533208252.952,4549.14,
1533208253.070,,8.45312
1533208253.117,,8.128
1533208253.387,4549.14,
1533208253.585,,8.45312
1533208253.620,4549.14,
1533208253.905,4556.76,
1533208254.061,,8.45312
1533208254.391,4556.76,
1533208254.400,4549.14,
1533208254.609,,8.45312
1533208254.827,4564.38,
1533208255.031,,8.45312
1533208255.078,4556.76,
1533208255.304,4564.38,
1533208255.444,,8.45312
1533208255.715,4572.0,
1533208256.034,,8.45312
1533208256.316,4572.0,
1533208256.606,,8.45312
1533208256.841,4579.62,
1533208257.037,,8.45312
1533208257.242,4579.62,
1533208257.597,,8.45312
1533208257.634,4587.24,
1533208257.882,4579.62,
1533208258.139,,8.45312
1533208258.234,4587.24,
1533208258.276,4587.24,
1533208258.623,,8.45312
1533208258.828,4594.860000000001,
1533208259.084,,8.45312
1533208259.338,4602.4800000000005,
1533208259.367,4594.860000000001,
1533208259.585,,8.45312
1533208259.756,4602.4800000000005,
1533208260.110,,8.45312
1533208260.138,4602.4800000000005,
1533208260.321,4610.1,
1533208260.523,,8.45312
1533208260.803,4610.1,
1533208261.046,,8.45312
1533208261.152,4610.1,
1533208261.378,4617.72,
1533208261.528,,8.45312
1533208261.649,,8.45312
1533208261.836,4617.72,
1533208262.217,,8.45312
1533208262.303,4625.34,
1533208262.490,4617.72,
1533208262.833,4625.34,
1533208262.833,,8.45312
1533208263.078,,8.45312
1533208263.193,4625.34,
1533208263.298,4632.96,
1533208263.480,,8.45312
1533208263.708,4632.96,
1533208263.842,,8.128
1533208264.187,4640.58,
1533208264.290,,8.128
1533208264.356,4632.96,
1533208264.437,,8.45312
1533208264.694,,8.128
1533208264.697,4640.58,
1533208264.753,4640.58,
1533208264.884,,8.128
1533208265.229,4648.2,
1533208265.695,4648.2,
1533208265.710,,8.128
1533208265.896,4640.58,
1533208266.212,,8.128
1533208266.307,4655.820000000001,
1533208266.484,4648.2,
1533208266.624,,8.128
1533208266.804,4655.820000000001,
1533208267.139,,8.128
1533208267.226,4663.4400000000005,
1533208267.574,4655.820000000001,
1533208267.729,,8.45312
1533208267.744,4663.4400000000005,
1533208268.269,,8.45312
1533208268.339,4671.06,
1533208268.402,4663.4400000000005,
1533208268.815,4678.68,
1533208268.841,,8.45312
1533208269.361,4678.68,
1533208269.385,,8.45312
1533208269.419,4678.68,
1533208269.431,,8.45312
1533208270.009,4686.3,
1533208270.010,,8.45312
1533208270.388,4678.68,
1533208270.447,,8.45312
1533208270.523,4686.3,
1533208270.727,4686.3,
1533208271.024,,8.45312
1533208271.044,4693.92,
1533208271.519,4693.92,
1533208271.535,,8.128
1533208271.942,4701.54,
1533208271.992,,8.128
1533208272.473,4701.54,
1533208272.489,,8.128
1533208272.934,,8.128
1533208273.012,4709.16,
1533208273.367,4701.54,
1533208273.467,,8.128
1533208273.609,4716.780000000001,
1533208273.940,,8.128
1533208274.177,4716.780000000001,
1533208274.346,,8.128
1533208274.370,4716.780000000001,
1533208274.776,4724.400000000001,
1533208274.875,,8.128
1533208275.346,4724.400000000001,
1533208275.369,,8.128
1533208275.486,4724.400000000001,
1533208275.770,4732.02,
1533208275.941,,8.128
1533208276.204,4732.02,
1533208276.401,,8.128
1533208276.772,4739.64,
1533208276.986,,8.128
1533208277.221,4739.64,
1533208277.599,,8.128
1533208277.770,4747.26,
1533208278.003,,8.128
1533208278.065,4739.64,
1533208278.332,4747.26,
1533208278.462,,8.128
1533208278.768,4754.88,
1533208279.009,4747.26,
1533208279.026,,8.128
1533208279.239,4754.88,
1533208279.483,,8.128
1533208279.687,4762.5,
1533208279.972,,8.128
1533208280.266,4762.5,
1533208280.531,,8.128
1533208280.761,4770.12,
1533208281.021,,8.128
1533208281.354,4777.740000000001,
1533208281.423,,8.128
1533208281.905,4777.740000000001,
1533208281.994,,8.128
1533208282.472,4785.360000000001,
1533208282.529,,8.128
1533208282.941,4785.360000000001,
1533208283.105,,8.128
1533208283.563,4792.9800000000005,
1533208283.670,,8.128
1533208284.006,4792.9800000000005,
1533208284.080,,8.128
1533208284.544,,8.128
1533208284.544,4800.6,
1533208284.970,4800.6,
1533208285.175,,8.128
1533208285.440,4808.22,
1533208285.591,,8.128
1533208285.955,4808.22,
1533208286.137,,8.128
1533208286.346,4808.22,
1533208286.467,4815.84,
1533208286.674,,8.128
1533208287.027,4815.84,
1533208287.166,,8.128
1533208287.524,4823.46,
1533208287.702,,8.128
1533208288.052,4823.46,
1533208288.171,,8.128
1533208288.629,4831.08,
1533208288.756,,8.128
1533208289.120,4831.08,
1533208289.325,,8.128
1533208289.631,4838.7,
1533208289.664,4831.08,
1533208289.930,,8.128
1533208290.178,4838.7,
1533208290.451,,8.128
1533208290.626,4846.320000000001,
1533208291.049,,8.128
1533208291.147,4846.320000000001,
1533208291.517,,8.45312
1533208291.593,4853.9400000000005,
1533208291.942,,8.45312
1533208292.071,4853.9400000000005,
1533208292.465,,8.45312
1533208292.495,4861.56,
1533208292.929,4861.56,
1533208292.995,,8.45312
1533208293.355,4869.18,
1533208293.498,,8.45312
1533208293.866,4869.18,
1533208294.052,4869.18,
1533208294.100,,8.45312
1533208294.360,4876.8,
1533208294.630,,8.45312
1533208294.931,4884.42,
1533208295.103,,8.45312
1533208295.121,4876.8,
1533208295.492,4884.42,
1533208295.561,,8.128
1533208296.022,,8.128
1533208296.052,4892.04,
1533208296.495,,8.128
1533208296.528,4892.04,
1533208296.948,4892.04,
1533208296.965,,8.128
1533208297.376,,8.128
1533208297.519,4899.66,
1533208297.925,,8.128
1533208298.082,4907.280000000001,
1533208298.337,,8.128
1533208298.534,4907.280000000001,
1533208298.951,,7.80288
1533208299.078,4914.900000000001,
1533208299.440,,7.80288
1533208299.443,4914.900000000001,
1533208299.852,4914.900000000001,
1533208299.951,,7.477760000000001
1533208300.403,4922.52,
1533208300.472,,7.477760000000001
1533208300.911,4922.52,
1533208300.952,,7.477760000000001
1533208300.982,4922.52,
1533208301.405,,7.477760000000001
1533208301.406,4930.14,
1533208301.858,4930.14,
1533208301.974,,7.477760000000001
1533208302.364,4937.76,
1533208302.549,,7.477760000000001
1533208302.910,4937.76,
1533208303.069,,7.152640000000001
1533208303.507,4945.38,
1533208303.507,,7.152640000000001
1533208304.040,,7.152640000000001
1533208304.066,4945.38,
1533208304.543,,7.152640000000001
1533208304.549,,7.152640000000001
1533208304.605,4953.0,
1533208305.089,,7.152640000000001
1533208305.205,4953.0,
1533208305.460,4953.0,
1533208305.521,,7.152640000000001
1533208305.775,4960.62,
1533208306.008,,7.152640000000001
1533208306.081,,7.152640000000001
1533208306.268,4960.62,
1533208306.572,,6.827520000000001
1533208306.828,4968.240000000001,
1533208307.005,,6.827520000000001
1533208307.434,4968.240000000001,
1533208307.449,,6.827520000000001
1533208307.832,4968.240000000001,
1533208308.002,,6.827520000000001
1533208308.425,4975.860000000001,
1533208308.552,,6.827520000000001
1533208308.578,,6.827520000000001
1533208308.965,4975.860000000001,
1533208309.099,,6.827520000000001
1533208309.426,4983.4800000000005,
1533208309.523,,6.827520000000001
1533208309.974,4983.4800000000005,
1533208310.107,,6.827520000000001
1533208310.570,4991.1,
1533208310.635,,6.827520000000001
1533208311.078,4991.1,
1533208311.236,,6.827520000000001
1533208311.607,4998.72,
1533208311.801,,6.502400000000001
1533208312.117,4998.72,
1533208312.163,,6.502400000000001
1533208312.558,4998.72,
1533208312.654,,6.502400000000001
1533208313.113,,6.502400000000001
1533208313.183,5006.34,
1533208313.514,,6.502400000000001
1533208313.604,5006.34,
1533208314.070,,6.502400000000001
1533208314.167,5013.96,
1533208314.553,,6.502400000000001
1533208314.733,5013.96,
1533208315.083,,6.502400000000001
1533208315.242,5021.58,
1533208315.670,,6.502400000000001
1533208315.770,5021.58,
1533208316.100,,6.502400000000001
1533208316.206,5021.58,
1533208316.507,,6.502400000000001
1533208316.624,5029.2,
1533208316.975,,6.502400000000001
1533208317.137,5029.2,
1533208317.553,,6.502400000000001
1533208317.736,5036.820000000001,
1533208318.079,,6.502400000000001
1533208318.131,5036.820000000001,
1533208318.517,,6.502400000000001
1533208318.652,5036.820000000001,
1533208318.994,,6.502400000000001
1533208319.232,5044.4400000000005,
1533208319.475,,6.502400000000001
1533208319.720,5044.4400000000005,
1533208320.004,,6.502400000000001
1533208320.087,5044.4400000000005,
1533208320.312,5052.06,
1533208320.558,,6.502400000000001
1533208320.865,5052.06,
1533208320.992,,6.502400000000001
1533208321.274,5059.68,
1533208321.572,,6.502400000000001
1533208321.609,,6.502400000000001
1533208321.609,5052.06,
1533208321.682,5059.68,
1533208321.852,5059.68,
1533208321.988,,6.502400000000001
1533208322.325,5059.68,
1533208322.560,,6.502400000000001
1533208322.942,5067.3,
1533208323.036,,6.502400000000001
1533208323.486,5067.3,
1533208323.491,,6.502400000000001
1533208323.899,,6.502400000000001
1533208324.044,5074.92,
1533208324.302,,6.502400000000001
1533208324.594,5074.92,
1533208324.764,,6.502400000000001
1533208325.145,5082.54,
1533208325.349,,6.502400000000001
1533208325.576,5082.54,
1533208325.812,,6.502400000000001
1533208326.137,5090.16,
1533208326.404,,6.502400000000001
1533208326.569,5090.16,
1533208326.901,,6.502400000000001
1533208327.032,5090.16,
1533208327.409,,6.502400000000001
1533208327.492,5097.780000000001,
1533208327.830,,6.502400000000001
1533208328.065,5097.780000000001,
1533208328.296,,6.502400000000001
1533208328.622,5097.780000000001,
1533208328.879,,6.502400000000001
1533208329.191,5105.400000000001,
1533208329.315,,6.502400000000001
1533208329.659,5105.400000000001,
1533208329.787,,6.502400000000001
1533208330.143,5113.02,
1533208330.339,,6.502400000000001
1533208330.589,5113.02,
1533208330.892,,6.502400000000001
1533208331.101,5113.02,
1533208331.356,,6.502400000000001
1533208331.680,5120.64,
1533208331.755,,6.502400000000001
1533208332.085,5120.64,
1533208332.251,,6.502400000000001
1533208332.621,5128.26,
1533208332.817,,6.502400000000001
1533208333.061,5128.26,
1533208333.404,,6.502400000000001
1533208333.571,5135.88,
1533208333.951,,6.502400000000001
1533208334.164,5135.88,
1533208334.441,,6.502400000000001
1533208334.750,5143.5,
1533208335.041,,6.827520000000001
1533208335.312,5143.5,
1533208335.475,,6.827520000000001
1533208335.832,5143.5,
1533208336.061,,6.827520000000001
1533208336.315,5151.12,
1533208336.537,,6.827520000000001
1533208336.870,5151.12,
1533208337.072,,6.827520000000001
1533208337.250,5158.740000000001,
1533208337.481,,6.827520000000001
1533208337.723,5158.740000000001,
1533208338.055,,6.827520000000001
1533208338.232,5166.360000000001,
1533208338.533,,6.827520000000001
1533208338.849,5166.360000000001,
1533208339.132,,6.827520000000001
1533208339.268,5166.360000000001,
1533208339.621,,6.827520000000001
1533208339.644,,6.827520000000001
1533208339.680,5173.9800000000005,
1533208339.697,5166.360000000001,
1533208340.096,,6.827520000000001
1533208340.161,5173.9800000000005,
1533208340.607,5173.9800000000005,
1533208340.659,,6.827520000000001
1533208341.018,5181.6,
1533208341.069,,6.827520000000001
1533208341.527,5181.6,
1533208341.574,,6.827520000000001
1533208341.981,5189.22,
1533208342.012,,6.827520000000001
1533208342.473,,6.827520000000001
1533208342.566,5189.22,
1533208342.881,,6.827520000000001
1533208343.046,5196.84,
1533208343.287,,6.827520000000001
1533208343.538,5196.84,
1533208343.884,,6.502400000000001
1533208343.939,5196.84,
1533208344.292,,6.502400000000001
1533208344.419,5204.46,
1533208344.793,,6.502400000000001
1533208344.850,5204.46,
1533208345.237,,6.502400000000001
1533208345.277,5204.46,
1533208345.734,5212.08,
1533208345.785,,6.502400000000001
1533208346.302,5212.08,
1533208346.354,,6.502400000000001
1533208346.831,5219.7,
1533208346.875,,6.502400000000001
1533208347.297,5219.7,
1533208347.466,,6.502400000000001
1533208347.900,5219.7,
1533208348.007,,6.502400000000001
1533208348.267,5227.320000000001,
1533208348.464,,6.502400000000001
1533208348.748,5227.320000000001,
1533208348.931,,6.502400000000001
1533208349.309,5234.9400000000005,
1533208349.445,,6.502400000000001
1533208349.738,5234.9400000000005,
1533208349.908,,6.502400000000001
1533208350.202,5234.9400000000005,
1533208350.503,,6.502400000000001
1533208350.663,5242.56,
1533208350.991,,6.502400000000001
1533208351.090,5242.56,
1533208351.531,,6.502400000000001
1533208351.587,5242.56,
1533208351.983,,6.502400000000001
1533208352.072,5250.18,
1533208352.471,5250.18,
1533208352.497,,6.502400000000001
1533208352.936,,6.502400000000001
1533208352.936,5250.18,
1533208353.342,5257.8,
1533208353.460,,6.502400000000001
1533208353.780,5257.8,
1533208353.872,5212.08,
1533208353.908,,6.502400000000001
1533208354.189,5265.42,
1533208354.464,,6.502400000000001
1533208354.742,5265.42,
1533208354.890,,6.502400000000001
1533208355.292,5265.42,
1533208355.312,,6.502400000000001
1533208355.789,5273.04,
1533208355.917,,6.502400000000001
1533208356.323,5273.04,
1533208356.492,,6.502400000000001
1533208356.910,5280.66,
1533208357.037,,6.502400000000001
1533208357.464,5280.66,
1533208357.625,,6.827520000000001
1533208357.936,5288.280000000001,
1533208358.085,,6.827520000000001
1533208358.508,,6.827520000000001
1533208358.563,5288.280000000001,
1533208358.963,5288.280000000001,
1533208359.000,,6.827520000000001
1533208359.490,5295.900000000001,
1533208359.490,,6.827520000000001
1533208359.963,5295.900000000001,
1533208360.075,,6.827520000000001
1533208360.524,,6.827520000000001
1533208360.576,5303.52,
1533208360.947,,6.827520000000001
1533208361.052,5303.52,
1533208361.557,,6.827520000000001
1533208361.557,5311.14,
1533208362.017,,6.827520000000001
1533208362.043,5311.14,
1533208362.477,5318.76,
1533208362.521,,6.827520000000001
1533208362.905,5318.76,
1533208362.993,,6.827520000000001
1533208363.335,5318.76,
1533208363.491,,6.827520000000001
1533208363.821,5326.38,
1533208364.050,,6.827520000000001
1533208364.254,5326.38,
1533208364.484,,6.827520000000001
1533208364.841,5326.38,
1533208365.071,,6.827520000000001
1533208365.243,5334.0,
1533208365.515,,6.827520000000001
1533208365.797,5334.0,
1533208365.933,,6.827520000000001
1533208366.224,5341.62,
1533208366.474,,6.827520000000001
1533208366.794,5341.62,
1533208367.011,,6.827520000000001
1533208367.184,5349.240000000001,
1533208367.571,,6.827520000000001
1533208367.717,5349.240000000001,
1533208368.124,5349.240000000001,
1533208368.153,,6.827520000000001
1533208368.628,,6.827520000000001
1533208368.679,5356.860000000001,
1533208369.118,5356.860000000001,
1533208369.143,,6.827520000000001
1533208369.577,,6.827520000000001
1533208369.606,5364.4800000000005,
1533208370.058,,6.827520000000001
1533208370.152,5364.4800000000005,
1533208370.490,,6.827520000000001
1533208370.617,5364.4800000000005,
1533208371.025,,6.827520000000001
1533208371.051,5372.1,
1533208371.552,5372.1,
1533208371.580,,6.827520000000001
1533208371.986,,6.827520000000001
1533208372.149,5379.72,
1533208372.468,,6.827520000000001
1533208372.573,5379.72,
1533208372.931,,6.827520000000001
1533208373.058,5387.34,
1533208373.481,,6.827520000000001
1533208373.506,5387.34,
1533208373.919,,6.827520000000001
1533208374.071,5387.34,
1533208374.327,,6.827520000000001
1533208374.596,5394.96,
1533208374.756,,6.827520000000001
1533208375.170,5394.96,
1533208375.220,,6.827520000000001
1533208375.748,5402.58,
1533208375.780,,6.827520000000001
1533208376.155,5402.58,
1533208376.213,,6.827520000000001
1533208376.723,5410.2,
1533208376.737,,6.827520000000001
1533208377.184,,6.827520000000001
1533208377.244,5410.2,
1533208377.667,,6.827520000000001
1533208377.743,5410.2,
1533208378.136,,6.827520000000001
1533208378.154,5417.820000000001,
1533208378.591,,6.827520000000001
1533208378.741,5417.820000000001,
1533208378.996,,6.827520000000001
1533208379.230,5425.4400000000005,
1533208379.467,,6.827520000000001
1533208379.750,5425.4400000000005,
1533208380.013,,6.502400000000001
1533208380.182,5425.4400000000005,
1533208380.500,,6.502400000000001
1533208380.755,5433.06,
1533208381.035,,6.502400000000001
1533208381.206,5433.06,
1533208381.620,,6.502400000000001
1533208381.699,5440.68,
1533208382.056,,6.502400000000001
1533208382.250,5440.68,
1533208382.648,,6.502400000000001
1533208382.854,5448.3,
1533208382.860,,6.827520000000001
1533208383.147,,6.502400000000001
1533208383.419,5448.3,
1533208383.597,,6.502400000000001
1533208383.836,5448.3,
1533208384.035,,6.502400000000001
1533208384.300,5455.92,
1533208384.563,,6.502400000000001
1533208384.742,5455.92,
1533208385.082,,6.502400000000001
1533208385.116,,6.502400000000001
1533208385.180,5455.92,
1533208385.256,5463.54,
1533208385.573,,6.502400000000001
1533208385.719,5463.54,
1533208386.111,5463.54,
1533208386.141,,6.502400000000001
1533208386.599,5471.16,
1533208386.662,,6.502400000000001
1533208387.069,,6.502400000000001
1533208387.095,5471.16,
1533208387.541,5478.780000000001,
1533208387.557,,6.502400000000001
1533208387.969,,6.502400000000001
1533208387.982,5478.780000000001,
1533208388.430,,6.502400000000001
1533208388.543,5478.780000000001,
1533208388.959,5486.400000000001,
1533208389.010,,6.502400000000001
1533208389.369,5486.400000000001,
1533208389.429,,6.502400000000001
1533208389.429,5486.400000000001,
1533208389.909,5494.02,
1533208390.013,,6.502400000000001
1533208390.394,5494.02,
1533208390.445,,6.502400000000001
1533208390.854,5494.02,
1533208390.934,,6.502400000000001
1533208391.444,,6.502400000000001
1533208391.444,5501.64,
1533208391.956,,6.502400000000001
1533208391.994,5501.64,
1533208392.390,,6.502400000000001
1533208392.584,5509.26,
1533208392.857,,6.502400000000001
1533208393.170,5509.26,
1533208393.292,,6.502400000000001
1533208393.698,,6.502400000000001
1533208393.719,5516.88,
1533208394.145,5516.88,
1533208394.311,,6.502400000000001
1533208394.670,5516.88,
1533208394.900,,6.502400000000001
1533208395.160,5524.5,
1533208395.317,,6.502400000000001
1533208395.736,5524.5,
1533208395.780,5471.16,
1533208395.854,,6.502400000000001
1533208396.177,5532.12,
1533208396.389,,6.502400000000001
1533208396.651,5532.12,
1533208396.864,,6.502400000000001
1533208397.083,5532.12,
1533208397.408,,6.502400000000001
1533208397.625,5539.740000000001,
1533208397.999,,6.502400000000001
1533208398.189,5539.740000000001,
1533208398.406,,6.502400000000001
1533208398.778,5547.360000000001,
1533208398.820,,6.502400000000001
1533208399.274,5547.360000000001,
1533208399.307,,6.502400000000001
1533208399.811,5554.9800000000005,
1533208399.840,,6.502400000000001
1533208400.308,5554.9800000000005,
1533208400.322,,6.502400000000001
1533208400.773,5554.9800000000005,
1533208400.868,,6.502400000000001
1533208401.203,5562.6,
1533208401.462,,6.502400000000001
1533208401.743,5562.6,
1533208401.960,,6.827520000000001
1533208402.281,5570.22,
1533208402.402,,6.827520000000001
1533208402.842,5570.22,
1533208402.974,,6.827520000000001
1533208403.416,5577.84,
1533208403.472,,6.827520000000001
1533208403.844,5577.84,
1533208403.952,,6.827520000000001
1533208404.357,,6.827520000000001
1533208404.459,5585.46,
1533208404.506,,6.827520000000001
1533208404.958,5585.46,
1533208405.038,,6.827520000000001
1533208405.569,,6.502400000000001
1533208405.603,5585.46,
1533208405.984,5593.08,
1533208406.010,,6.502400000000001
1533208406.069,5554.9800000000005,
1533208406.475,5593.08,
1533208406.574,,6.502400000000001
1533208406.961,5600.700000000001,
1533208407.081,,6.502400000000001
1533208407.558,5600.700000000001,
1533208407.681,,6.502400000000001
1533208408.085,5608.320000000001,
1533208408.129,5600.700000000001,
1533208408.202,,6.502400000000001
1533208408.651,5608.320000000001,
1533208408.681,,6.827520000000001
1533208408.775,,6.502400000000001
1533208408.784,5608.320000000001,
1533208409.137,5608.320000000001,
1533208409.213,,6.827520000000001
1533208409.605,,6.502400000000001
1533208409.648,5615.9400000000005,
1533208409.676,,6.827520000000001
1533208409.691,,6.502400000000001
1533208410.037,5615.9400000000005,
1533208410.241,,6.827520000000001
1533208410.522,5623.56,
1533208410.758,,6.827520000000001
1533208411.066,5623.56,
1533208411.321,,6.827520000000001
1533208411.524,5623.56,
1533208411.790,,6.827520000000001
1533208411.985,5631.18,
1533208412.382,,6.827520000000001
1533208412.441,5631.18,
1533208412.829,5638.8,
1533208412.935,,6.827520000000001
1533208413.210,,6.502400000000001
1533208413.316,5638.8,
1533208413.393,,6.827520000000001
1533208413.579,5615.9400000000005,
1533208413.855,5638.8,
1533208413.982,,6.502400000000001
1533208414.391,5646.42,
1533208414.582,,6.502400000000001
1533208415.019,5646.42,
1533208415.181,,6.502400000000001
1533208415.448,5654.04,
1533208415.467,5638.8,
1533208415.600,,6.502400000000001
1533208415.887,5654.04,
1533208416.088,,6.502400000000001
1533208416.091,5638.8,
1533208416.197,5646.42,
1533208416.268,5646.42,
1533208416.341,5654.04,
1533208416.434,5661.66,
1533208416.616,,6.502400000000001
1533208416.857,5661.66,
1533208417.122,,6.502400000000001
1533208417.327,5661.66,
1533208417.582,,6.502400000000001
1533208417.768,,6.827520000000001
1533208417.916,5669.280000000001,
1533208418.043,5638.8,
1533208418.084,,6.502400000000001
1533208418.470,5669.280000000001,
1533208418.547,,6.502400000000001
1533208418.556,5669.280000000001,
1533208419.060,5676.900000000001,
1533208419.111,,6.502400000000001
1533208419.545,,6.502400000000001
1533208419.610,5676.900000000001,
1533208420.006,5676.900000000001,
1533208420.135,,6.502400000000001
1533208420.271,5669.280000000001,
1533208420.514,5684.52,
1533208420.647,,6.502400000000001
1533208421.045,5684.52,
1533208421.182,,6.502400000000001
1533208421.567,5692.14,
1533208421.741,,6.502400000000001
1533208421.770,5676.900000000001,
1533208421.856,5684.52,
1533208422.009,5692.14,
1533208422.315,,6.502400000000001
1533208422.329,5669.280000000001,
1533208422.444,5692.14,
1533208422.497,5676.900000000001,
1533208422.747,,6.502400000000001
1533208422.938,5699.76,
1533208423.250,,6.502400000000001
1533208423.431,5699.76,
1533208423.725,,6.827520000000001
1533208423.983,5707.38,
1533208424.264,,6.827520000000001
1533208424.443,5707.38,
1533208424.876,,6.827520000000001
1533208425.010,5715.0,
1533208425.348,,6.827520000000001
1533208425.444,5715.0,
1533208425.518,,6.502400000000001
1533208425.853,,6.827520000000001
1533208426.037,5715.0,
1533208426.044,5715.0,
1533208426.303,,6.827520000000001
1533208426.428,,6.827520000000001
1533208426.626,5722.62,
1533208426.843,,6.827520000000001
1533208427.191,5722.62,
1533208427.279,,6.827520000000001
1533208427.611,5730.240000000001,
1533208427.847,,6.827520000000001
1533208428.178,5730.240000000001,
1533208428.288,,6.827520000000001
1533208428.696,,6.502400000000001
1533208428.772,5737.860000000001,
1533208428.838,,6.827520000000001
1533208429.205,,6.502400000000001
1533208429.281,5737.860000000001,
1533208429.364,5722.62,
1533208429.764,,6.827520000000001
1533208429.770,,6.502400000000001
1533208429.795,5745.4800000000005,
1533208430.038,5730.240000000001,
1533208430.052,,6.827520000000001
1533208430.386,5745.4800000000005,
1533208430.386,,6.502400000000001
1533208430.870,5745.4800000000005,
1533208430.907,,6.827520000000001
1533208430.930,,6.827520000000001
1533208431.004,,6.502400000000001
1533208431.121,5737.860000000001,
1533208431.358,5753.1,
1533208431.365,,6.827520000000001
1533208431.844,,6.502400000000001
1533208431.886,5753.1,
1533208432.244,5737.860000000001,
1533208432.270,,6.502400000000001
1533208432.306,5760.72,
1533208432.497,,6.502400000000001
1533208432.831,5760.72,
1533208433.188,,6.502400000000001
1533208433.239,5760.72,
1533208433.600,5745.4800000000005,
1533208433.600,,6.502400000000001
1533208433.700,5768.34,
1533208434.082,,6.502400000000001
1533208434.127,5768.34,
1533208434.351,5745.4800000000005,
1533208434.666,,6.502400000000001
1533208434.705,5775.96,
1533208435.090,,6.502400000000001
1533208435.192,5745.4800000000005,
1533208435.291,5775.96,
1533208435.488,,6.827520000000001
1533208435.525,,6.502400000000001
1533208435.709,5783.58,
1533208435.979,,6.502400000000001
1533208436.284,5783.58,
1533208436.425,,6.502400000000001
1533208436.546,5753.1,
1533208436.546,,6.827520000000001
1533208436.825,5783.58,
1533208436.870,5753.1,
1533208436.870,,6.502400000000001
1533208436.874,,6.502400000000001
1533208436.874,5760.72,
1533208436.906,,6.502400000000001
1533208436.910,5760.72,
1533208436.910,,6.502400000000001
1533208436.921,5768.34,
1533208436.937,5768.34,
1533208436.969,5775.96,
1533208437.001,5783.58,
1533208437.369,5791.200000000001,
1533208437.527,,6.502400000000001
1533208437.961,5791.200000000001,
1533208437.984,,6.502400000000001
1533208438.445,,6.502400000000001
1533208438.470,5798.820000000001,
1533208438.571,5775.96,
1533208438.748,,6.502400000000001
1533208439.034,5798.820000000001,
1533208439.053,,6.502400000000001
1533208439.424,5806.4400000000005,
1533208439.454,,6.502400000000001
1533208439.903,,6.502400000000001
1533208440.013,,6.502400000000001
1533208440.018,5806.4400000000005,
1533208440.119,,6.502400000000001
1533208440.468,5806.4400000000005,
1533208440.499,5798.820000000001,
1533208440.676,,6.502400000000001
1533208440.859,,6.502400000000001
1533208441.064,5814.06,
1533208441.357,,6.502400000000001
1533208441.365,5806.4400000000005,
1533208441.470,5814.06,
1533208441.877,,6.502400000000001
1533208441.887,5814.06,
1533208441.960,5798.820000000001,
1533208441.960,,6.502400000000001
1533208442.340,5821.68,
1533208442.389,,6.502400000000001
1533208442.844,5821.68,
1533208442.925,,6.502400000000001
1533208443.346,,6.502400000000001
1533208443.399,5829.3,
1533208443.760,,6.502400000000001
1533208443.823,5829.3,
1533208443.851,,6.502400000000001
1533208444.085,5806.4400000000005,
1533208444.252,,6.502400000000001
1533208444.347,5829.3,
1533208444.750,,6.502400000000001
1533208444.929,5836.92,
1533208445.146,5798.820000000001,
1533208445.149,,6.502400000000001
1533208445.155,5806.4400000000005,
1533208445.340,,6.502400000000001
1533208445.369,5836.92,
1533208445.784,5844.54,
1533208445.879,,6.502400000000001
1533208445.880,5836.92,
1533208446.297,,6.502400000000001
1533208446.326,5844.54,
1533208446.507,5806.4400000000005,
1533208446.762,5844.54,
1533208446.777,,6.502400000000001
1533208447.198,,6.502400000000001
1533208447.266,5852.16,
1533208447.666,,6.1772800000000005
1533208447.715,5852.16,
1533208448.183,,6.1772800000000005
1533208448.306,5859.780000000001,
1533208448.594,,6.1772800000000005
1533208448.798,5859.780000000001,
1533208448.824,5821.68,
1533208448.905,5836.92,
1533208448.997,,6.502400000000001
1533208449.110,,6.1772800000000005
1533208449.227,5859.780000000001,
1533208449.608,,6.1772800000000005
1533208449.735,,6.502400000000001
1533208449.821,5867.400000000001,
1533208450.184,,6.1772800000000005
1533208450.379,5867.400000000001,
1533208450.465,5844.54,
1533208450.466,,6.502400000000001
1533208450.583,5821.68,
1533208450.724,,6.1772800000000005
1533208450.813,5844.54,
1533208450.863,5875.02,
1533208451.046,5829.3,
1533208451.257,,6.1772800000000005
1533208451.353,5875.02,
1533208451.481,5829.3,
1533208451.488,,6.502400000000001
1533208451.504,5836.92,
1533208451.523,5844.54,
1533208451.534,5844.54,
1533208451.548,5852.16,
1533208451.585,5859.780000000001,
1533208451.615,,6.1772800000000005
1533208451.621,5867.400000000001,
1533208451.637,5867.400000000001,
1533208451.952,5875.02,
1533208452.243,,6.1772800000000005
1533208452.445,5882.64,
1533208452.701,,6.1772800000000005
1533208452.754,5867.400000000001,
1533208452.882,5882.64,
1533208453.253,,6.1772800000000005
1533208453.369,5882.64,
1533208453.771,,6.1772800000000005
1533208453.835,5890.26,
1533208454.299,5890.26,
1533208454.299,,6.1772800000000005
1533208454.858,5897.88,
1533208454.858,,6.1772800000000005
1533208455.316,5897.88,
1533208455.405,,6.1772800000000005
1533208455.852,5897.88,
1533208455.963,,6.1772800000000005
1533208456.050,5890.26,
1533208456.050,,6.1772800000000005
1533208456.275,5905.5,
1533208456.454,,6.1772800000000005
1533208456.805,,6.502400000000001
1533208456.901,5905.5,
1533208457.275,,6.502400000000001
1533208457.351,5913.12,
1533208457.801,,6.502400000000001
1533208457.940,5913.12,
1533208458.006,,6.1772800000000005
1533208458.088,5890.26,
1533208458.088,,6.1772800000000005
1533208458.320,,6.502400000000001
1533208458.345,5913.12,
1533208458.815,5897.88,
1533208458.861,,6.502400000000001
1533208458.883,,6.1772800000000005
1533208458.885,5920.740000000001,
1533208458.922,5897.88,
1533208458.924,,6.1772800000000005
1533208458.928,5905.5,
1533208458.951,,6.502400000000001
1533208458.968,5913.12,
1533208458.975,5913.12,
1533208459.459,5920.740000000001,
1533208459.823,,6.502400000000001
1533208459.882,5928.360000000001,
1533208460.331,,6.1772800000000005
1533208460.341,,6.502400000000001
1533208460.487,5928.360000000001,
1533208460.744,,6.502400000000001
1533208460.897,5928.360000000001,
1533208461.257,,6.502400000000001
1533208461.502,5935.9800000000005,
1533208461.689,,6.502400000000001
1533208461.929,5913.12,
1533208462.010,5935.9800000000005,
1533208462.472,5943.6,
1533208462.639,,6.502400000000001
1533208463.050,5943.6,
1533208463.180,,6.502400000000001
1533208463.622,,6.502400000000001
1533208463.625,5951.22,
1533208464.100,,6.502400000000001
1533208464.198,5951.22,
1533208464.575,,6.502400000000001
1533208464.630,5951.22,
1533208465.038,5958.84,
1533208465.049,5928.360000000001,
1533208465.091,,6.502400000000001
1533208465.319,5935.9800000000005,
1533208465.598,5958.84,
1533208465.605,,6.827520000000001
1533208466.065,,6.827520000000001
1533208466.133,5966.46,
1533208466.471,,6.827520000000001
1533208466.602,5966.46,
1533208466.988,,6.827520000000001
1533208467.064,5966.46,
1533208467.574,5974.08,
1533208467.578,,6.827520000000001
1533208468.121,,6.827520000000001
1533208468.189,5974.08,
1533208468.671,,6.502400000000001
1533208468.685,5981.700000000001,
1533208469.174,5981.700000000001,
1533208469.200,,6.502400000000001
1533208469.685,,6.827520000000001
1533208469.712,5989.320000000001,
1533208469.801,5966.46,
1533208470.130,,6.827520000000001
1533208470.321,5989.320000000001,
1533208470.701,,6.502400000000001
1533208470.728,5996.9400000000005,
1533208471.173,,6.502400000000001
1533208471.186,5996.9400000000005,
1533208471.656,,6.502400000000001
1533208471.682,5996.9400000000005,
1533208472.116,6004.56,
1533208472.220,,6.502400000000001
1533208472.337,5974.08,
1533208472.489,6004.56,
1533208472.643,,6.827520000000001
1533208472.977,6004.56,
1533208473.154,,6.827520000000001
1533208473.511,6012.18,
1533208473.665,,6.827520000000001
1533208473.962,6012.18,
1533208474.148,,6.827520000000001
1533208474.483,6019.8,
1533208474.687,,6.827520000000001
1533208474.902,6019.8,
1533208475.250,,6.827520000000001
1533208475.373,6019.8,
1533208475.710,,6.827520000000001
1533208475.825,6027.42,
1533208476.131,6004.56,
1533208476.132,,6.502400000000001
1533208476.225,6027.42,
1533208476.298,,6.827520000000001
1533208476.850,6035.04,
1533208476.865,,6.827520000000001
1533208477.396,,6.827520000000001
1533208477.672,6035.04,
1533208477.821,,6.827520000000001
1533208478.192,6042.66,
1533208478.424,,6.827520000000001
1533208478.644,6042.66,
1533208478.987,,6.827520000000001
1533208478.995,6004.56,
1533208479.231,6050.280000000001,
1533208479.502,,6.827520000000001
1533208479.656,6050.280000000001,
1533208480.084,,6.502400000000001
1533208480.246,6050.280000000001,
1533208480.554,,6.502400000000001
1533208480.833,6057.900000000001,
1533208480.984,,6.502400000000001
1533208481.274,6057.900000000001,
1533208481.421,,6.502400000000001
1533208481.695,6057.900000000001,
1533208481.735,6065.52,
1533208481.941,,6.502400000000001
1533208482.242,6065.52,
1533208482.471,,6.502400000000001
1533208482.653,,6.827520000000001
1533208482.700,6065.52,
1533208482.818,,6.827520000000001
1533208482.935,,6.502400000000001
1533208483.296,6073.14,
1533208483.426,,6.502400000000001
1533208483.815,6073.14,
1533208483.934,,6.502400000000001
1533208484.238,6080.76,
1533208484.473,,6.502400000000001
1533208484.802,6080.76,
1533208484.964,,6.827520000000001
1533208485.356,6088.38,
1533208485.433,,6.827520000000001
1533208485.836,6088.38,
1533208485.840,,6.502400000000001
1533208486.221,6088.38,
1533208486.315,,6.502400000000001
1533208486.737,6096.0,
1533208486.819,,6.502400000000001
1533208487.321,6096.0,
1533208487.428,,6.502400000000001
1533208487.814,6103.62,
1533208487.912,,6.502400000000001
1533208488.292,6103.62,
1533208488.422,,6.502400000000001
1533208488.803,6103.62,
1533208488.916,,6.502400000000001
1533208489.390,6111.240000000001,
1533208489.454,,6.502400000000001
1533208489.944,6111.240000000001,
1533208489.945,,6.502400000000001
1533208490.353,,6.502400000000001
1533208490.439,6118.860000000001,
1533208490.880,6118.860000000001,
1533208490.915,,6.502400000000001
1533208491.411,6126.4800000000005,
1533208491.412,,6.502400000000001
1533208491.825,,6.502400000000001
1533208492.002,6126.4800000000005,
1533208492.410,,6.502400000000001
1533208492.545,6134.1,
1533208492.877,,6.502400000000001
1533208493.004,6134.1,
1533208493.335,,6.502400000000001
1533208493.589,6134.1,
1533208493.931,,6.502400000000001
1533208494.006,6141.72,
1533208494.392,,6.502400000000001
1533208494.470,6141.72,
1533208494.597,6141.72,
1533208494.899,,6.502400000000001
1533208495.082,6149.34,
1533208495.426,,6.502400000000001
1533208495.637,6149.34,
1533208496.014,,6.502400000000001
1533208496.190,6149.34,
1533208496.544,,6.502400000000001
1533208496.635,6156.96,
1533208496.910,,6.502400000000001
1533208497.068,,6.502400000000001
1533208497.073,6156.96,
1533208497.170,6156.96,
1533208497.481,,6.502400000000001
1533208497.685,6164.58,
1533208497.858,,6.1772800000000005
1533208498.191,6164.58,
1533208498.652,6164.58,
1533208498.779,,6.1772800000000005
1533208499.197,6172.200000000001,
1533208499.250,,6.1772800000000005
1533208499.686,6172.200000000001,
1533208499.734,,6.1772800000000005
1533208500.218,6179.820000000001,
1533208500.257,,6.1772800000000005
1533208500.702,,6.1772800000000005
1533208500.801,6179.820000000001,
1533208501.182,,6.1772800000000005
1533208501.246,6179.820000000001,
1533208501.771,,6.1772800000000005
1533208501.825,6187.4400000000005,
1533208502.188,,6.1772800000000005
1533208502.330,6187.4400000000005,
1533208502.690,,6.1772800000000005
1533208502.920,6195.06,
1533208503.177,,6.1772800000000005
1533208503.353,6195.06,
1533208503.713,,6.1772800000000005
1533208503.918,6202.68,
1533208504.125,,6.1772800000000005
1533208504.403,6202.68,
1533208504.806,6202.68,
1533208504.848,,6.1772800000000005
1533208505.134,,6.1772800000000005
1533208505.255,6210.3,
1533208505.429,,6.1772800000000005
1533208505.477,6202.68,
1533208505.785,6210.3,
1533208505.969,,6.1772800000000005
1533208506.334,6210.3,
1533208506.392,,6.1772800000000005
1533208506.766,6217.92,
1533208506.973,,6.1772800000000005
1533208507.283,6217.92,
1533208507.567,,6.1772800000000005
1533208507.778,6217.92,
1533208508.008,,6.1772800000000005
1533208508.264,6225.54,
1533208508.568,,6.1772800000000005
1533208508.773,6225.54,
1533208509.072,,6.1772800000000005
1533208509.322,6233.160000000001,
1533208509.616,,6.1772800000000005
1533208509.903,6233.160000000001,
1533208510.196,,6.1772800000000005
1533208510.325,6233.160000000001,
1533208510.705,,6.1772800000000005
1533208510.933,6240.780000000001,
1533208511.293,,6.1772800000000005
1533208511.345,6240.780000000001,
1533208511.802,6248.400000000001,
1533208511.824,,6.1772800000000005
1533208512.236,,6.1772800000000005
1533208512.312,6248.400000000001,
1533208512.746,6248.400000000001,
1533208512.769,,6.1772800000000005
1533208512.887,6225.54,
1533208513.176,,6.1772800000000005
1533208513.194,6256.02,
1533208513.641,,6.1772800000000005
1533208513.790,6256.02,
1533208514.172,,6.1772800000000005
1533208514.264,6256.02,
1533208514.582,6248.400000000001,
1533208514.657,,6.1772800000000005
1533208514.787,6263.64,
1533208515.068,,6.1772800000000005
1533208515.092,6256.02,
1533208515.241,6263.64,
1533208515.638,,6.1772800000000005
1533208515.837,6271.26,
1533208516.185,,6.1772800000000005
1533208516.258,6271.26,
1533208516.727,,6.1772800000000005
1533208516.748,6271.26,
1533208517.130,,6.1772800000000005
1533208517.300,6278.88,
1533208517.696,,6.1772800000000005
1533208517.844,6278.88,
1533208518.155,,6.1772800000000005
1533208518.328,6278.88,
1533208518.654,,6.1772800000000005
1533208518.818,6286.5,
1533208518.989,,6.1772800000000005
1533208519.158,,6.1772800000000005
1533208519.329,6286.5,
1533208519.663,,6.1772800000000005
1533208519.855,6294.12,
1533208520.259,,6.1772800000000005
1533208520.473,6294.12,
1533208520.774,,6.1772800000000005
1533208520.928,6301.740000000001,
1533208521.334,,6.1772800000000005
1533208521.347,6301.740000000001,
1533208521.868,,6.1772800000000005
1533208521.944,6301.740000000001,
1533208522.405,,6.1772800000000005
1533208522.539,6309.360000000001,
1533208522.888,,6.1772800000000005
1533208523.113,6309.360000000001,
1533208523.287,,6.1772800000000005
1533208523.625,6316.9800000000005,
1533208523.754,,6.1772800000000005
1533208524.171,6316.9800000000005,
1533208524.184,,6.1772800000000005
1533208524.655,,6.1772800000000005
1533208524.755,6316.9800000000005,
1533208525.163,,6.1772800000000005
1533208525.326,6324.6,
1533208525.649,,6.1772800000000005
1533208525.748,6324.6,
1533208526.157,,6.1772800000000005
1533208526.204,6324.6,
1533208526.639,6332.22,
1533208526.701,,6.1772800000000005
1533208527.123,6332.22,
1533208527.202,,6.1772800000000005
1533208527.610,6339.84,
1533208527.740,,6.1772800000000005
1533208528.067,6339.84,
1533208528.281,,6.1772800000000005
1533208528.604,6339.84,
1533208528.702,,6.1772800000000005
1533208529.032,6347.46,
1533208529.261,,6.1772800000000005
1533208529.565,6347.46,
1533208529.744,,6.1772800000000005
1533208529.988,6347.46,
1533208530.175,,6.1772800000000005
1533208530.536,6355.08,
1533208530.639,,6.1772800000000005
1533208531.094,6355.08,
1533208531.201,,6.1772800000000005
1533208531.547,6362.700000000001,
1533208531.758,,6.1772800000000005
1533208532.089,6362.700000000001,
1533208532.343,,6.1772800000000005
1533208532.590,6362.700000000001,
1533208532.824,,6.1772800000000005
1533208533.030,6370.320000000001,
1533208533.265,,6.1772800000000005
1533208533.613,6370.320000000001,
1533208533.855,,6.1772800000000005
1533208534.040,6377.9400000000005,
1533208534.337,,6.1772800000000005
1533208534.539,6377.9400000000005,
1533208534.797,,6.1772800000000005
1533208534.932,6377.9400000000005,
1533208535.293,,6.1772800000000005
1533208535.481,6385.56,
1533208535.718,,6.1772800000000005
1533208535.890,6385.56,
1533208536.298,,6.1772800000000005
1533208536.299,6385.56,
1533208536.704,,6.1772800000000005
1533208536.733,6393.18,
1533208537.253,6393.18,
1533208537.294,,6.1772800000000005
1533208537.702,,6.1772800000000005
1533208537.714,6393.18,
1533208538.254,6400.8,
1533208538.260,,6.1772800000000005
1533208538.640,6400.8,
1533208538.824,,6.1772800000000005
1533208539.244,6408.42,
1533208539.246,,6.1772800000000005
1533208539.774,,6.1772800000000005
1533208539.853,6408.42,
1533208540.289,,6.1772800000000005
1533208540.416,6408.42,
1533208540.822,6416.04,
1533208540.880,,5.8521600000000005
1533208541.271,6416.04,
1533208541.317,,5.8521600000000005
1533208541.692,6416.04,
1533208541.768,,5.8521600000000005
1533208542.177,6423.660000000001,
1533208542.355,,5.8521600000000005
1533208542.763,6423.660000000001,
1533208542.942,,5.8521600000000005
1533208543.355,6431.280000000001,
1533208543.377,,5.8521600000000005
1533208543.865,6431.280000000001,
1533208543.868,,5.8521600000000005
1533208544.386,6431.280000000001,
1533208544.413,,5.8521600000000005
1533208544.879,6438.900000000001,
1533208545.009,,5.8521600000000005
1533208545.314,6438.900000000001,
1533208545.512,,5.8521600000000005
1533208545.748,6438.900000000001,
1533208546.101,,5.8521600000000005
1533208546.160,6446.52,
1533208546.591,,5.8521600000000005
1533208546.728,6446.52,
1533208547.141,,5.8521600000000005
1533208547.250,6446.52,
1533208547.678,6454.14,
1533208547.694,,5.8521600000000005
1533208548.098,6454.14,
1533208548.229,,5.8521600000000005
1533208548.646,6461.76,
1533208548.736,,5.8521600000000005
1533208549.142,6461.76,
1533208549.142,,5.8521600000000005
1533208549.593,,5.8521600000000005
1533208549.655,6461.76,
1533208550.146,,5.8521600000000005
1533208550.262,6469.38,
1533208550.650,,5.8521600000000005
1533208550.853,6469.38,
1533208551.245,,5.8521600000000005
1533208551.397,6469.38,
1533208551.658,,5.8521600000000005
1533208551.760,6477.0,
1533208552.150,,5.8521600000000005
1533208552.255,6477.0,
1533208552.609,,5.8521600000000005
1533208552.731,6484.62,
1533208553.162,,6.1772800000000005
1533208553.265,6484.62,
1533208553.578,,6.1772800000000005
1533208553.830,6484.62,
1533208554.008,,6.1772800000000005
1533208554.216,,5.8521600000000005
1533208554.317,6492.240000000001,
1533208554.449,,6.1772800000000005
1533208554.750,6492.240000000001,
1533208555.010,,6.1772800000000005
1533208555.439,6499.860000000001,
1533208555.484,,6.1772800000000005
1533208555.877,6499.860000000001,
1533208556.303,6499.860000000001,
1533208556.437,,6.1772800000000005
1533208556.895,6507.4800000000005,
1533208556.996,,6.1772800000000005
1533208557.343,6507.4800000000005,
1533208557.524,,6.1772800000000005
1533208557.883,6507.4800000000005,
1533208558.010,,6.1772800000000005
1533208558.416,,6.1772800000000005
1533208558.480,6515.1,
1533208558.893,6515.1,
1533208558.965,,6.1772800000000005
1533208559.395,6522.72,
1533208559.591,,6.1772800000000005
1533208559.936,6522.72,
1533208560.000,6522.72,
1533208560.028,,6.1772800000000005
1533208560.550,6522.72,
1533208560.601,,6.1772800000000005
1533208561.098,,5.8521600000000005
1533208561.157,6530.34,
1533208561.646,,5.8521600000000005
1533208561.729,6530.34,
1533208562.183,6537.96,
1533208562.256,,5.8521600000000005
1533208562.660,,5.8521600000000005
1533208562.699,6537.96,
1533208563.098,,5.8521600000000005
1533208563.237,6537.96,
1533208563.591,,5.8521600000000005
1533208563.882,6545.58,
1533208564.026,,5.8521600000000005
1533208564.340,6545.58,
1533208564.589,,5.8521600000000005
1533208564.878,6553.200000000001,
1533208565.006,,5.8521600000000005
1533208565.413,6553.200000000001,
1533208565.496,,5.8521600000000005
1533208565.822,6553.200000000001,
1533208566.128,,5.8521600000000005
1533208566.377,6560.820000000001,
1533208566.566,,5.8521600000000005
1533208566.966,,5.8521600000000005
1533208566.975,6560.820000000001,
1533208567.210,,5.8521600000000005
1533208567.410,6568.4400000000005,
1533208567.849,,5.8521600000000005
1533208567.978,6568.4400000000005,
1533208568.118,,5.8521600000000005
1533208568.384,6568.4400000000005,
1533208568.733,,5.8521600000000005
1533208568.911,6576.06,
1533208569.166,,5.8521600000000005
1533208569.352,6576.06,
1533208569.727,,5.8521600000000005
1533208569.862,6576.06,
1533208570.167,,5.8521600000000005
1533208570.433,6583.68,
1533208570.649,,5.8521600000000005
1533208570.847,6583.68,
1533208571.065,,5.8521600000000005
1533208571.269,6583.68,
1533208571.537,,5.8521600000000005
1533208571.824,6591.3,
1533208571.971,,5.8521600000000005
1533208572.303,6591.3,
1533208572.580,,5.8521600000000005
1533208572.783,6598.92,
1533208572.998,,5.8521600000000005
1533208573.349,6598.92,
1533208573.501,,5.8521600000000005
1533208573.941,,6.1772800000000005
1533208574.354,,6.1772800000000005
1533208574.402,6606.54,
1533208574.809,,6.1772800000000005
1533208574.827,6606.54,
1533208575.266,,6.1772800000000005
1533208575.339,6606.54,
1533208575.682,,6.1772800000000005
1533208575.840,6614.160000000001,
1533208576.224,,6.1772800000000005
1533208576.337,6614.160000000001,
1533208576.707,,6.1772800000000005
1533208576.769,6621.780000000001,
1533208577.157,,6.1772800000000005
1533208577.307,6621.780000000001,
1533208577.641,,6.1772800000000005
1533208577.743,6621.780000000001,
1533208578.156,6629.400000000001,
1533208578.173,,6.1772800000000005
1533208578.574,,6.1772800000000005
1533208578.709,6629.400000000001,
1533208579.030,,6.1772800000000005
1533208579.257,6629.400000000001,
1533208579.566,,6.1772800000000005
1533208579.669,6637.02,
1533208580.140,,6.1772800000000005
1533208580.168,6637.02,
1533208580.686,,6.1772800000000005
1533208580.770,6644.64,
1533208581.153,,6.1772800000000005
1533208581.176,6644.64,
1533208581.589,,6.1772800000000005
1533208581.790,6644.64,
1533208582.218,,6.1772800000000005
1533208582.378,6652.26,
1533208582.622,,6.1772800000000005
1533208582.965,6652.26,
1533208583.029,,6.1772800000000005
1533208583.402,6659.88,
1533208583.440,,6.1772800000000005
1533208583.873,6659.88,
1533208583.963,,6.1772800000000005
1533208584.320,6659.88,
1533208584.499,,6.1772800000000005
1533208584.806,6667.5,
1533208585.064,,6.1772800000000005
1533208585.330,6667.5,
1533208585.548,,6.1772800000000005
1533208585.814,6667.5,
1533208585.980,,6.1772800000000005
1533208586.274,6675.12,
1533208586.449,,6.1772800000000005
1533208586.752,6675.12,
1533208586.942,,6.1772800000000005
1533208587.222,6682.740000000001,
1533208587.402,,6.1772800000000005
1533208587.813,6682.740000000001,
1533208587.903,,6.1772800000000005
1533208588.266,6682.740000000001,
1533208588.425,,6.1772800000000005
1533208588.682,6690.360000000001,
1533208588.991,,6.1772800000000005
1533208589.268,6690.360000000001,
1533208589.475,,6.1772800000000005
1533208589.810,6697.9800000000005,
1533208589.945,,6.1772800000000005
1533208590.370,6697.9800000000005,
1533208590.376,,6.1772800000000005
1533208590.812,6697.9800000000005,
1533208590.924,,5.8521600000000005
1533208591.328,6705.6,
1533208591.401,,5.8521600000000005
1533208591.885,,5.8521600000000005
1533208591.926,6705.6,
1533208592.347,,5.8521600000000005
1533208592.390,6705.6,
1533208592.927,,5.8521600000000005
1533208592.962,6713.22,
1533208593.433,6713.22,
1533208593.436,,5.8521600000000005
1533208593.944,,5.8521600000000005
1533208593.992,6720.84,
1533208594.463,,5.8521600000000005
1533208594.567,6720.84,
1533208595.009,,5.8521600000000005
1533208595.198,6720.84,
1533208595.416,,5.8521600000000005
1533208595.773,6728.46,
1533208595.991,,5.52704
1533208596.220,6728.46,
1533208596.481,,5.52704
1533208596.734,6728.46,
1533208597.069,,5.52704
1533208597.200,6736.08,
1533208597.609,,5.52704
1533208597.790,6736.08,
1533208598.157,,5.52704
1533208598.380,6743.700000000001,
1533208598.644,,5.52704
1533208598.925,6743.700000000001,
1533208599.507,,5.52704
1533208599.789,6751.320000000001,
1533208600.070,,5.52704
1533208600.328,6751.320000000001,
1533208600.493,,5.52704
1533208600.810,6751.320000000001,
1533208600.967,,5.52704
1533208601.370,,5.52704
1533208601.474,6758.9400000000005,
1533208601.868,,5.52704
1533208601.884,6758.9400000000005,
1533208602.067,6758.9400000000005,
1533208602.299,,5.52704
1533208602.359,6758.9400000000005,
1533208602.804,,5.20192
1533208602.811,6766.56,
1533208603.308,6766.56,
1533208603.353,,5.20192
1533208603.756,6766.56,
1533208603.915,,5.20192
1533208604.225,6774.18,
1533208604.449,,5.20192
1533208604.757,6774.18,
1533208604.865,,5.20192
1533208605.268,6774.18,
1533208605.369,,5.20192
1533208605.743,6781.8,
1533208605.825,,5.52704
1533208606.309,6781.8,
1533208606.356,,5.52704
1533208606.888,6781.8,
1533208606.938,,5.52704
1533208607.384,,5.52704
1533208607.422,6789.42,
1533208607.853,,5.52704
1533208607.899,6789.42,
1533208608.346,,5.52704
1533208608.412,6789.42,
1533208608.829,,5.52704
1533208608.977,6797.04,
1533208609.413,,5.52704
1533208609.416,6797.04,
1533208609.820,,5.52704
1533208609.966,6797.04,
1533208610.317,,5.52704
1533208610.529,6804.660000000001,
1533208610.830,,5.52704
1533208611.071,6804.660000000001,
1533208611.297,,5.52704
1533208611.507,6804.660000000001,
1533208611.767,,5.52704
1533208611.959,6812.280000000001,
1533208612.272,,5.52704
1533208612.465,6812.280000000001,
1533208612.842,,5.52704
1533208613.028,6812.280000000001,
1533208613.257,,5.52704
1533208613.566,6819.900000000001,
1533208613.689,,5.52704
1533208614.097,,5.52704
1533208614.124,6819.900000000001,
1533208614.573,6827.52,
1533208614.622,,5.52704
1533208614.992,6827.52,
1533208615.136,,5.52704
1533208615.444,6827.52,
1533208615.737,,5.52704
1533208615.976,6835.14,
1533208616.245,,5.52704
1533208616.582,6835.14,
1533208616.809,,5.52704
1533208617.020,6835.14,
1533208617.185,,5.52704
1533208617.514,6842.76,
1533208617.684,,5.52704
1533208618.002,6842.76,
1533208618.169,,5.52704
1533208618.499,6842.76,
1533208618.610,,5.52704
1533208619.016,,5.52704
1533208619.054,6850.38,
1533208619.487,,5.52704
1533208619.647,6850.38,
1533208620.011,,5.52704
1533208620.150,,5.52704
1533208620.162,6850.38,
1533208620.213,6850.38,
1533208620.576,,5.52704
1533208620.758,6858.0,
1533208621.039,,5.52704
1533208621.324,6858.0,
1533208621.552,,5.52704
1533208621.952,6865.620000000001,
1533208622.110,,5.52704
1533208622.524,6865.620000000001,
1533208622.667,,5.52704
1533208623.128,6865.620000000001,
1533208623.236,,5.52704
1533208623.643,6873.240000000001,
1533208623.837,,5.52704
1533208624.260,6873.240000000001,
1533208624.417,,5.52704
1533208624.697,6873.240000000001,
1533208624.907,,5.52704
1533208625.160,6880.860000000001,
1533208625.421,,5.52704
1533208625.698,6880.860000000001,
1533208625.886,,5.52704
1533208626.167,6880.860000000001,
1533208626.333,,5.52704
1533208626.705,6888.4800000000005,
1533208626.865,,5.52704
1533208627.109,6888.4800000000005,
1533208627.448,,5.52704
1533208627.629,6888.4800000000005,
1533208627.912,,5.52704
1533208628.153,6896.1,
1533208628.300,6888.4800000000005,
1533208628.399,,5.52704
1533208628.558,6896.1,
1533208628.577,6896.1,
1533208628.938,,5.52704
1533208629.483,,5.52704
1533208629.508,6903.72,
1533208630.012,6903.72,
1533208630.056,,5.52704
1533208630.406,6903.72,
1533208630.536,,5.52704
1533208630.905,6911.34,
1533208630.963,,5.52704
1533208631.381,6911.34,
1533208631.440,,5.52704
1533208631.890,6911.34,
1533208632.023,,5.52704
1533208632.432,6918.96,
1533208632.615,,5.52704
1533208633.005,6918.96,
1533208633.207,,5.52704
1533208633.582,6926.58,
1533208633.790,,5.52704
1533208634.193,6926.58,
1533208634.305,,5.52704
1533208634.719,6926.58,
1533208634.746,,5.52704
1533208635.154,,5.52704
1533208635.269,6934.200000000001,
1533208635.639,,5.52704
1533208635.757,6934.200000000001,
1533208636.730,6941.820000000001,
1533208636.791,,5.52704
1533208637.193,6941.820000000001,
1533208637.230,,5.52704
1533208637.744,,5.52704
1533208637.744,6941.820000000001,
1533208638.255,6949.4400000000005,
1533208638.318,,5.52704
1533208638.689,6949.4400000000005,
1533208638.893,,5.52704
1533208639.235,6949.4400000000005,
1533208639.321,,5.52704
1533208639.760,,5.52704
1533208639.784,6957.06,
1533208640.304,,5.52704
1533208640.304,6957.06,
1533208640.757,6964.68,
1533208640.833,,5.52704
1533208641.258,6964.68,
1533208641.352,,5.52704
1533208641.805,,5.52704
1533208641.805,6964.68,
1533208642.214,,5.52704
1533208642.367,6972.3,
1533208642.721,,5.52704
1533208642.912,6972.3,
1533208643.174,,5.52704
1533208643.395,6972.3,
1533208643.611,,5.52704
1533208643.815,6979.92,
1533208644.140,,5.52704
1533208644.401,6979.92,
1533208644.708,,5.52704
1533208644.931,6979.92,
1533208645.243,,5.52704
1533208645.473,6987.54,
1533208645.746,,5.52704
1533208645.952,6987.54,
1533208646.148,,5.52704
1533208646.326,,5.52704
1533208646.447,6987.54,
1533208646.891,,5.52704
1533208647.005,6995.160000000001,
1533208647.436,,5.52704
1533208647.586,6995.160000000001,
1533208647.988,7002.780000000001,
1533208647.994,,5.52704
1533208648.445,,5.52704
1533208648.567,7002.780000000001,
1533208648.969,,5.52704
1533208649.052,7002.780000000001,
1533208649.388,,5.52704
1533208649.517,7010.400000000001,
1533208649.965,,5.52704
1533208649.986,7010.400000000001,
1533208650.576,7010.400000000001,
1533208650.991,,5.52704
1533208651.042,7018.02,
1533208651.515,,5.52704
1533208651.614,7018.02,
1533208651.916,,5.52704
1533208652.081,7018.02,
1533208652.394,,5.52704
1533208652.552,7025.64,
1533208652.883,,5.52704
1533208653.099,7025.64,
1533208653.328,,5.52704
1533208653.526,7025.64,
1533208653.731,,5.52704
1533208654.120,7033.26,
1533208654.287,,5.52704
1533208654.694,,5.52704
1533208654.714,7033.26,
1533208655.172,,5.52704
1533208655.289,7040.88,
1533208655.725,,5.52704
1533208655.859,7040.88,
1533208656.151,,5.52704
1533208656.288,7040.88,
1533208656.552,,5.52704
1533208656.739,7048.5,
1533208657.140,,5.52704
1533208657.143,7048.5,
1533208657.622,,5.52704
1533208657.658,7048.5,
1533208658.080,7048.5,
1533208658.237,,5.52704
1533208658.497,7056.120000000001,
1533208658.772,,5.52704
1533208658.990,7056.120000000001,
1533208659.280,,5.52704
1533208659.448,7056.120000000001,
1533208659.690,,5.52704
1533208659.950,7063.740000000001,
1533208660.245,,5.52704
1533208660.422,7063.740000000001,
1533208660.674,,5.52704
1533208660.987,7063.740000000001,
1533208661.297,,5.52704
1533208661.522,7071.360000000001,
1533208661.723,,5.52704
1533208662.063,7071.360000000001,
1533208662.283,,5.52704
1533208662.631,7078.9800000000005,
1533208662.812,,5.52704
1533208663.016,7078.9800000000005,
1533208663.288,,5.52704
1533208663.452,7078.9800000000005,
1533208663.737,,5.52704
1533208664.023,7086.6,
1533208664.327,,5.52704
1533208664.550,7086.6,
1533208664.881,,5.52704
1533208664.988,7086.6,
1533208665.379,,5.52704
1533208665.493,7094.22,
1533208665.975,,5.52704
1533208666.087,7094.22,
1533208666.544,,5.52704
1533208666.619,7094.22,
1533208666.956,,5.52704
1533208667.090,7101.84,
1533208667.402,,5.52704
1533208667.599,7101.84,
1533208667.834,,5.52704
1533208667.985,7101.84,
1533208668.416,,5.52704
1533208668.468,7109.46,
1533208668.819,,5.52704
1533208668.945,7109.46,
1533208669.412,,5.52704
1533208669.617,7109.46,
1533208669.818,,5.52704
1533208670.105,7117.08,
1533208670.242,,5.52704
1533208670.539,7117.08,
1533208670.797,,5.52704
1533208671.080,7117.08,
1533208671.398,,5.52704
1533208671.496,7124.700000000001,
1533208671.923,7124.700000000001,
1533208671.983,,5.52704
1533208672.342,7124.700000000001,
1533208672.444,,5.52704
1533208672.833,7132.320000000001,
1533208672.905,,5.52704
1533208673.313,7132.320000000001,
1533208673.500,,5.52704
1533208673.778,7132.320000000001,
1533208674.036,,5.52704
1533208674.193,7139.9400000000005,
1533208674.472,,5.52704
1533208674.625,7139.9400000000005,
1533208674.880,,5.52704
1533208675.119,7139.9400000000005,
1533208675.364,,5.52704
1533208675.522,7147.56,
1533208675.799,,5.52704
1533208675.963,7147.56,
1533208676.205,,5.52704
1533208676.355,7147.56,
1533208676.676,,5.52704
1533208676.848,7155.18,
1533208677.147,,5.52704
1533208677.397,7155.18,
1533208677.579,,5.52704
1533208677.836,7155.18,
1533208678.190,,5.8521600000000005
1533208678.369,7162.8,
1533208678.632,,5.8521600000000005
1533208678.825,7162.8,
1533208679.083,,5.8521600000000005
1533208679.381,7162.8,
1533208679.488,,5.8521600000000005
1533208679.814,7170.42,
1533208679.892,,5.8521600000000005
1533208680.006,,5.8521600000000005
1533208680.387,7170.42,
1533208680.489,,5.8521600000000005
1533208680.980,7170.42,
1533208681.032,,5.8521600000000005
1533208681.503,7178.04,
1533208681.590,,5.8521600000000005
1533208682.065,7178.04,
1533208682.097,,5.8521600000000005
1533208682.589,7185.660000000001,
1533208682.625,,5.8521600000000005
1533208683.087,7185.660000000001,
1533208683.222,,5.8521600000000005
1533208683.603,7185.660000000001,
1533208683.629,,5.8521600000000005
1533208684.062,,5.8521600000000005
1533208684.147,7193.280000000001,
1533208684.535,,5.8521600000000005
1533208684.557,7193.280000000001,
1533208684.955,,5.8521600000000005
1533208685.125,7200.900000000001,
1533208685.373,,5.8521600000000005
1533208685.695,7200.900000000001,
1533208685.939,,5.8521600000000005
1533208686.198,7200.900000000001,
1533208686.447,,5.8521600000000005
1533208686.656,7208.52,
1533208686.914,,5.8521600000000005
1533208687.194,7208.52,
1533208687.344,,5.8521600000000005
1533208687.780,7208.52,
1533208687.854,,5.8521600000000005
1533208688.227,7216.14,
1533208688.340,,5.8521600000000005
1533208688.671,7216.14,
1533208688.850,,5.8521600000000005
1533208689.134,7216.14,
1533208689.342,,5.8521600000000005
1533208689.666,7223.76,
1533208689.750,,5.8521600000000005
1533208690.233,7223.76,
1533208690.280,,5.8521600000000005
1533208690.725,7231.38,
1533208690.779,7223.76,
1533208690.819,,5.8521600000000005
1533208690.847,,5.52704
1533208691.256,7231.38,
1533208691.423,,5.52704
1533208691.863,7231.38,
1533208691.932,,5.52704
1533208692.381,,5.52704
1533208692.391,7239.0,
1533208692.918,7239.0,
1533208692.925,,5.52704
1533208693.316,7239.0,
1533208693.370,,5.52704
1533208693.781,,5.52704
1533208693.854,7246.620000000001,
1533208694.320,7246.620000000001,
1533208694.340,,5.52704
1533208694.877,7246.620000000001,
1533208695.005,,5.52704
1533208695.320,7254.240000000001,
1533208695.424,,5.52704
1533208695.782,7254.240000000001,
1533208695.954,,5.52704
1533208696.293,7254.240000000001,
1533208696.359,,5.52704
1533208696.734,7261.860000000001,
1533208696.782,,5.52704
1533208697.243,7261.860000000001,
1533208697.380,,5.52704
1533208697.699,7261.860000000001,
1533208697.910,,5.52704
1533208698.304,7269.4800000000005,
1533208698.419,,5.52704
1533208698.823,7269.4800000000005,
1533208698.905,,5.52704
1533208699.317,7269.4800000000005,
1533208699.445,,5.52704
1533208699.733,7277.1,
1533208699.972,,5.20192
1533208700.249,7277.1,
1533208700.345,,5.20192
1533208700.763,7277.1,
1533208700.804,,5.20192
1533208701.241,7284.72,
1533208701.346,,5.20192
1533208701.771,,5.20192
1533208701.840,7284.72,
1533208702.260,7284.72,
1533208702.367,,5.20192
1533208702.840,7292.34,
1533208702.876,,5.52704
1533208703.304,,5.52704
1533208703.315,7292.34,
1533208703.814,7292.34,
1533208703.836,,5.52704
1533208704.338,7299.96,
1533208704.348,,5.52704
1533208704.755,7299.96,
1533208704.864,,5.52704
1533208705.257,7299.96,
1533208705.306,,5.52704
1533208705.730,,5.52704
1533208705.754,7307.58,
1533208706.163,7307.58,
1533208706.239,,5.52704
1533208706.667,7307.58,
1533208706.749,,5.52704
1533208707.123,7315.200000000001,
1533208707.211,,5.52704
1533208707.569,7315.200000000001,
1533208707.723,,5.8521600000000005
1533208708.024,7315.200000000001,
1533208708.320,,5.8521600000000005
1533208708.585,7322.820000000001,
1533208708.769,,5.8521600000000005
1533208708.817,,5.8521600000000005
1533208709.023,7322.820000000001,
1533208709.344,,5.8521600000000005
1533208709.487,7322.820000000001,
1533208709.809,,5.8521600000000005
1533208710.041,7330.4400000000005,
1533208710.345,,5.8521600000000005
1533208710.524,7330.4400000000005,
1533208710.932,,5.8521600000000005
1533208711.129,7338.06,
1533208711.369,,5.8521600000000005
1533208711.572,7338.06,
1533208711.941,,5.8521600000000005
1533208712.167,7338.06,
1533208712.454,,5.8521600000000005
1533208712.591,7345.68,
1533208713.022,,5.8521600000000005
1533208713.073,7345.68,
1533208713.537,,5.8521600000000005
1533208713.567,7345.68,
1533208714.073,7353.3,
1533208714.082,,5.52704
1533208714.507,7353.3,
1533208714.507,,5.52704
1533208715.009,7353.3,
1533208715.098,,5.52704
1533208715.450,7360.92,
1533208715.526,,5.52704
1533208715.947,7360.92,
1533208716.129,,5.52704
1533208716.357,7360.92,
1533208716.627,,5.52704
1533208716.890,7368.54,
1533208717.064,,5.52704
1533208717.337,7368.54,
1533208717.586,,5.52704
1533208717.920,7368.54,
1533208717.997,,5.52704
1533208718.432,7376.160000000001,
1533208718.559,,5.52704
1533208718.934,7376.160000000001,
1533208719.077,,5.52704
1533208719.463,7376.160000000001,
1533208719.659,,5.52704
1533208720.021,7383.780000000001,
1533208720.276,,5.52704
1533208720.525,7383.780000000001,
1533208720.786,,5.52704
1533208720.931,7383.780000000001,
1533208721.227,,5.52704
1533208721.514,7391.400000000001,
1533208721.643,,5.52704
1533208721.948,7391.400000000001,
1533208721.950,7391.400000000001,
1533208722.135,,5.52704
1533208722.471,7391.400000000001,
1533208722.726,,5.52704
1533208722.981,7399.02,
1533208723.247,,5.52704
1533208723.572,7399.02,
1533208723.648,,5.52704
1533208724.166,,5.52704
1533208724.167,7406.64,
1533208724.651,,5.52704
1533208724.651,7406.64,
1533208725.083,7406.64,
1533208725.164,,5.52704
1533208725.652,7414.26,
1533208725.702,,5.52704
1533208726.142,7414.26,
1533208726.252,,5.52704
1533208726.666,,5.52704
1533208726.667,7414.26,
1533208727.177,,5.20192
1533208727.350,7421.88,
1533208727.700,,5.20192
1533208727.779,7421.88,
1533208728.200,,5.20192
1533208728.384,7429.5,
1533208728.649,,5.20192
1533208728.829,7429.5,
1533208729.163,,5.20192
1533208729.303,7429.5,
1533208729.571,,5.20192
1533208729.900,7437.120000000001,
1533208730.161,,5.20192
1533208730.302,7437.120000000001,
1533208730.688,,5.20192
1533208730.865,7437.120000000001,
1533208731.250,,5.20192
1533208731.398,7444.740000000001,
1533208731.666,,5.20192
1533208731.957,7444.740000000001,
1533208732.228,,5.20192
1533208732.520,7444.740000000001,
1533208732.648,,5.20192
1533208732.979,7452.360000000001,
1533208733.143,,5.20192
1533208733.545,7452.360000000001,
1533208733.572,,5.20192
1533208734.031,,5.20192
1533208734.110,7452.360000000001,
1533208734.476,,5.20192
1533208734.527,7459.9800000000005,
1533208735.062,7459.9800000000005,
1533208735.099,,5.20192
1533208735.607,,5.20192
1533208735.637,7459.9800000000005,
1533208736.020,,5.52704
1533208736.046,7467.6,
1533208736.520,7467.6,
1533208736.576,,5.52704
1533208737.020,7467.6,
1533208737.175,,5.20192
1533208737.552,7475.22,
1533208737.716,,5.20192
1533208737.988,7475.22,
1533208738.249,,5.20192
1533208738.599,7475.22,
1533208738.686,,5.20192
1533208739.083,7482.84,
1533208739.106,,5.20192
1533208739.499,7482.84,
1533208739.682,,5.20192
1533208739.911,7482.84,
1533208740.006,7482.84,
1533208740.295,,5.20192
1533208740.407,7482.84,
1533208740.763,,5.20192
1533208740.944,7490.46,
1533208741.247,,5.20192
1533208741.549,7490.46,
1533208741.686,,5.20192
1533208742.062,7498.08,
1533208742.250,,5.20192
1533208742.554,7498.08,
1533208742.679,,5.20192
1533208743.015,7498.08,
1533208743.101,,5.52704
1533208743.548,7505.700000000001,
1533208743.586,,5.52704
1533208744.083,,5.52704
1533208744.106,7505.700000000001,
1533208744.502,,5.52704
1533208744.572,7505.700000000001,
1533208745.050,,5.52704
1533208745.099,7513.320000000001,
1533208745.451,,5.52704
1533208745.623,7513.320000000001,
1533208745.919,,5.52704
1533208746.173,7513.320000000001,
1533208746.503,,5.52704
1533208746.770,7520.9400000000005,
1533208746.954,,5.52704
1533208747.190,7520.9400000000005,
1533208747.357,,5.52704
1533208747.780,7505.700000000001,
1533208747.794,7528.56,
1533208747.904,,5.8521600000000005
1533208748.299,7528.56,
1533208748.512,,5.8521600000000005
1533208748.740,7528.56,
1533208748.938,,5.8521600000000005
1533208749.299,7536.18,
1533208749.398,,5.8521600000000005
1533208749.827,7536.18,
1533208749.851,,5.8521600000000005
1533208750.296,7536.18,
1533208750.373,,5.8521600000000005
1533208750.934,7543.8,
1533208750.998,,5.8521600000000005
1533208751.384,7543.8,
1533208751.409,,5.8521600000000005
1533208751.806,7543.8,
1533208751.844,7543.8,
1533208751.868,,5.8521600000000005
1533208752.376,,5.8521600000000005
1533208752.402,7551.42,
1533208752.856,,5.8521600000000005
1533208752.856,7551.42,
1533208752.892,,5.52704
1533208752.936,7551.42,
1533208753.473,,5.52704
1533208753.479,7559.04,
1533208753.979,7559.04,
1533208754.072,,5.52704
1533208754.482,7559.04,
1533208754.583,,5.52704
1533208755.051,7566.660000000001,
1533208755.209,,5.52704
1533208755.486,7566.660000000001,
1533208755.610,,5.52704
1533208756.075,7566.660000000001,
1533208756.107,,5.52704
1533208756.622,,5.52704
1533208756.673,7574.280000000001,
1533208757.219,7574.280000000001,
1533208757.224,,5.52704
1533208757.637,,5.52704
1533208757.689,7581.900000000001,
1533208758.130,,5.52704
1533208758.136,7581.900000000001,
1533208758.595,7581.900000000001,
1533208758.719,,5.52704
1533208759.195,7589.52,
1533208759.312,,5.52704
1533208759.717,7589.52,
1533208759.763,,5.52704
1533208760.150,7589.52,
1533208760.396,,5.52704
1533208760.539,7597.14,
1533208760.771,,5.52704
1533208761.131,7597.14,
1533208761.318,,5.52704
1533208761.678,7597.14,
1533208761.742,,5.8521600000000005
1533208762.123,,5.52704
1533208762.170,7604.76,
1533208762.308,,5.8521600000000005
1533208762.582,7604.76,
1533208762.870,,5.8521600000000005
1533208763.016,7604.76,
1533208763.375,,5.8521600000000005
1533208763.494,7612.38,
1533208763.885,,5.8521600000000005
1533208763.915,7612.38,
1533208764.327,,5.8521600000000005
1533208764.429,7612.38,
1533208764.839,7620.0,
1533208764.865,,5.8521600000000005
1533208765.248,7620.0,
1533208765.399,,5.8521600000000005
1533208765.767,7620.0,
1533208765.937,,5.8521600000000005
1533208766.297,7627.620000000001,
1533208766.364,,5.8521600000000005
1533208766.771,,5.52704
1533208766.842,7627.620000000001,
1533208767.345,,5.52704
1533208767.409,7635.240000000001,
1533208767.807,,5.52704
1533208767.867,7635.240000000001,
1533208768.263,,5.52704
1533208768.444,7635.240000000001,
1533208768.724,,5.52704
1533208768.919,7642.860000000001,
1533208769.183,,5.52704
1533208769.399,7642.860000000001,
1533208769.608,,5.52704
1533208769.943,7642.860000000001,
1533208770.176,,5.52704
1533208770.449,7650.4800000000005,
1533208770.739,,5.52704
1533208771.060,7650.4800000000005,
1533208771.174,,5.52704
1533208771.635,7650.4800000000005,
1533208771.764,,5.20192
1533208772.173,7658.1,
1533208772.246,,5.20192
1533208772.567,7658.1,
1533208772.811,,5.20192
1533208773.066,7658.1,
1533208773.299,,5.20192
1533208773.455,7665.72,
1533208773.880,,5.20192
1533208773.897,7665.72,
1533208774.438,7665.72,
1533208774.483,,5.20192
1533208774.852,7673.34,
1533208775.075,,5.20192
1533208775.301,7673.34,
1533208775.671,,5.20192
1533208775.688,7673.34,
1533208776.098,,5.20192
1533208776.234,7673.34,
1533208776.656,7680.96,
1533208776.657,,5.20192
1533208777.091,7680.96,
1533208777.143,,5.52704
1533208777.655,7680.96,
1533208777.749,,5.52704
1533208778.053,7688.580000000001,
1533208778.298,,5.52704
1533208778.535,7688.580000000001,
1533208778.745,,5.52704
1533208779.058,7688.580000000001,
1533208779.312,,5.52704
1533208779.635,7696.200000000001,
1533208779.819,,5.52704
1533208780.056,7696.200000000001,
1533208780.388,,5.52704
1533208780.648,7696.200000000001,
1533208780.902,,5.52704
1533208781.122,7703.820000000001,
1533208781.465,,5.52704
1533208781.635,7703.820000000001,
1533208781.944,,5.52704
1533208782.215,7711.4400000000005,
1533208782.368,,5.52704
1533208782.750,7711.4400000000005,
1533208782.827,,5.52704
1533208783.286,,5.52704
1533208783.341,7711.4400000000005,
1533208783.809,7719.06,
1533208783.862,,5.52704
1533208784.217,7719.06,
1533208784.344,,5.52704
1533208784.643,7719.06,
1533208784.681,7719.06,
1533208784.814,,5.52704
1533208785.225,7726.68,
1533208785.250,,5.52704
1533208785.778,7726.68,
1533208785.856,,5.52704
1533208786.168,7726.68,
1533208786.294,,5.52704
1533208786.763,7734.3,
1533208786.789,,5.52704
1533208787.300,7734.3,
1533208787.354,,5.52704
1533208787.815,,5.52704
1533208787.918,7741.92,
1533208788.321,,5.52704
1533208788.346,7741.92,
1533208788.754,,5.20192
1533208788.945,7741.92,
1533208789.182,,5.20192
1533208789.205,7741.92,
1533208789.205,,5.52704
1533208789.361,7749.54,
1533208789.597,,5.20192
1533208789.870,7749.54,
1533208790.176,,5.20192
1533208790.406,7749.54,
1533208790.717,,5.20192
1533208790.857,7749.54,
1533208791.190,,5.20192
1533208791.292,7757.160000000001,
1533208791.603,,5.20192
1533208791.914,7757.160000000001,
1533208792.002,,5.52704
1533208792.338,7764.780000000001,
1533208792.417,,5.52704
1533208792.775,7764.780000000001,
1533208792.880,,5.52704
1533208793.300,7764.780000000001,
1533208793.317,,5.52704
1533208793.847,,5.52704
1533208793.882,7772.400000000001,
1533208794.277,7772.400000000001,
1533208794.328,,5.52704
1533208794.736,,5.52704
1533208794.896,7772.400000000001,
1533208795.233,,5.52704
1533208795.313,7780.02,
1533208795.769,,5.52704
1533208795.815,7780.02,
1533208796.180,,5.52704
1533208796.358,7780.02,
1533208796.590,,5.52704
1533208796.771,7787.64,
1533208796.827,,5.52704
1533208797.146,,5.52704
1533208797.304,7780.02,
1533208797.348,7780.02,
1533208797.356,7787.64,
1533208797.372,7780.02,
1533208797.378,,5.52704
1533208797.483,7772.400000000001,
1533208797.787,,5.52704
1533208797.878,7787.64,
1533208798.297,7795.26,
1533208798.304,,5.52704
1533208798.812,,5.52704
1533208798.859,7795.26,
1533208799.331,,5.52704
1533208799.447,7795.26,
1533208799.803,,5.52704
1533208799.925,7802.88,
1533208800.278,,5.52704
1533208800.495,7802.88,
1533208800.778,,5.52704
1533208801.123,7810.5,
1533208801.217,,5.52704
1533208801.522,7810.5,
1533208801.802,,5.52704
1533208802.102,7810.5,
1533208802.289,,5.52704
1533208802.541,7818.120000000001,
1533208802.904,,5.52704
1533208803.055,7818.120000000001,
1533208803.384,,5.52704
1533208803.540,7818.120000000001,
1533208803.887,,5.52704
1533208803.947,7825.740000000001,
1533208804.484,7825.740000000001,
1533208804.491,,5.52704
1533208804.905,,5.52704
1533208804.989,7825.740000000001,
1533208805.425,,5.52704
1533208805.542,7833.360000000001,
1533208805.900,,5.52704
1533208805.979,7833.360000000001,
1533208806.464,,5.52704
1533208806.590,7833.360000000001,
1533208806.972,,5.52704
1533208807.148,7840.9800000000005,
1533208807.510,,5.52704
1533208807.569,7840.9800000000005,
1533208808.020,,5.52704
1533208808.146,7840.9800000000005,
1533208808.496,,5.52704
1533208808.655,7848.6,
1533208809.079,,5.52704
1533208809.142,7848.6,
1533208809.674,7856.22,
1533208809.690,,5.52704
1533208810.082,7856.22,
1533208810.247,,5.52704
1533208810.598,7856.22,
1533208810.858,,5.52704
1533208811.164,7856.22,
1533208811.272,,5.52704
1533208811.596,7863.84,
1533208811.849,,5.52704
1533208812.180,7863.84,
1533208812.307,,5.52704
1533208812.636,7871.46,
1533208812.791,,5.52704
1533208813.134,7871.46,
1533208813.256,,5.52704
1533208813.510,7871.46,
1533208813.832,,5.52704
1533208813.965,7871.46,
1533208814.238,,5.52704
1533208814.370,7879.080000000001,
1533208814.415,7871.46,
1533208814.793,,5.52704
1533208814.955,7879.080000000001,
1533208815.197,,5.52704
1533208815.500,7886.700000000001,
1533208815.784,,5.52704
1533208815.934,7886.700000000001,
1533208816.268,,5.52704
1533208816.526,7886.700000000001,
1533208816.729,,5.52704
1533208817.117,7894.320000000001,
1533208817.295,,5.52704
1533208817.651,7894.320000000001,
1533208817.903,,5.52704
1533208818.180,7901.9400000000005,
1533208818.417,,5.52704
1533208818.592,7879.080000000001,
1533208818.723,7901.9400000000005,
1533208819.035,,5.52704
1533208819.229,7901.9400000000005,
1533208819.448,,5.52704
1533208819.798,7909.56,
1533208819.924,,5.52704
1533208820.341,,5.52704
1533208820.385,7909.56,
1533208820.900,7909.56,
1533208820.921,,5.52704
1533208821.333,7917.18,
1533208821.384,,5.52704
1533208821.765,7917.18,
1533208821.978,,5.52704
1533208822.251,7917.18,
1533208822.404,,5.52704
1533208822.735,7924.8,
1533208822.977,,5.52704
1533208823.206,7924.8,
1533208823.511,,5.52704
1533208823.812,7924.8,
1533208823.952,,5.52704
1533208824.363,,5.52704
1533208824.387,7932.42,
1533208824.837,,5.20192
1533208824.856,7932.42,
1533208825.282,7932.42,
1533208825.344,,5.20192
1533208825.722,7940.04,
1533208825.854,,5.20192
1533208826.203,7940.04,
1533208826.309,,5.20192
1533208826.693,7940.04,
1533208826.846,,5.20192
1533208827.250,7947.660000000001,
1533208827.279,,5.20192
1533208827.792,7947.660000000001,
1533208827.846,,5.20192
1533208828.202,7947.660000000001,
1533208828.304,,5.20192
1533208828.656,7955.280000000001,
1533208828.719,,5.20192
1533208829.066,7955.280000000001,
1533208829.121,,5.52704
1533208829.537,7955.280000000001,
1533208829.637,,5.52704
1533208830.051,7962.900000000001,
1533208830.149,,5.52704
1533208830.562,7962.900000000001,
1533208830.714,,5.52704
1533208831.056,7962.900000000001,
1533208831.273,,5.52704
1533208831.529,7970.52,
1533208831.711,,5.52704
1533208832.118,,5.52704
1533208832.193,7970.52,
1533208832.648,,5.52704
1533208832.705,7970.52,
1533208833.054,,5.52704
1533208833.184,7978.14,
1533208833.625,,5.52704
1533208833.744,7978.14,
1533208834.133,,5.52704
1533208834.357,7978.14,
1533208834.700,,5.52704
1533208834.828,7985.76,
1533208835.296,,5.52704
1533208835.439,7985.76,
1533208835.726,,5.52704
1533208835.837,7993.38,
1533208836.244,,5.52704
1533208836.394,7993.38,
1533208836.885,,5.52704
1533208836.930,7993.38,
1533208837.414,,5.52704
1533208837.504,8001.0,
1533208837.871,,5.52704
1533208838.027,8001.0,
1533208838.102,7978.14,
1533208838.438,,5.52704
1533208838.544,8001.0,
1533208838.890,,5.52704
1533208839.103,8008.620000000001,
1533208839.307,,5.52704
1533208839.643,8008.620000000001,
1533208839.912,,5.52704
1533208840.199,8016.240000000001,
1533208840.424,,5.52704
1533208840.779,8016.240000000001,
1533208840.947,,5.52704
1533208841.229,8016.240000000001,
1533208841.407,,5.52704
1533208841.688,8023.860000000001,
1533208841.874,,5.52704
1533208842.097,8023.860000000001,
1533208842.393,,5.52704
1533208842.524,8001.0,
1533208842.526,8001.0,
1533208842.650,8023.860000000001,
1533208842.955,,5.52704
1533208843.262,8031.4800000000005,
1533208843.562,,5.52704
1533208843.771,8031.4800000000005,
1533208844.112,,5.52704
1533208844.241,8031.4800000000005,
1533208844.583,,5.52704
1533208844.830,8039.1,
1533208845.116,,5.52704
1533208845.278,8039.1,
1533208845.639,,5.52704
1533208845.797,8039.1,
1533208846.205,,5.52704
1533208846.205,8046.72,
1533208846.624,,5.52704
1533208846.652,8046.72,
1533208846.766,8046.72,
1533208847.099,,5.52704
1533208847.257,8046.72,
1533208847.590,,5.52704
1533208847.763,8054.34,
1533208848.035,,5.52704
1533208848.154,8054.34,
1533208848.481,,5.52704
1533208848.592,8054.34,
1533208848.964,,5.52704
1533208849.077,8061.96,
1533208849.436,,5.52704
1533208849.595,8061.96,
1533208849.973,,5.52704
1533208850.176,8069.580000000001,
1533208850.455,,5.52704
1533208850.708,8069.580000000001,
1533208851.038,,5.52704
1533208851.147,8069.580000000001,
1533208851.571,,5.52704
1533208851.714,8077.200000000001,
1533208851.943,8046.72,
1533208852.145,,5.52704
1533208852.237,8077.200000000001,
1533208852.677,8077.200000000001,
1533208852.681,,5.52704
1533208853.192,,5.52704
1533208853.243,8084.820000000001,
1533208853.625,,5.52704
1533208853.777,8084.820000000001,
1533208854.169,,5.52704
1533208854.210,8084.820000000001,
1533208854.615,,5.52704
1533208854.732,8092.4400000000005,
1533208855.172,,5.52704
1533208855.173,8092.4400000000005,
1533208855.612,8092.4400000000005,
1533208855.709,,5.52704
1533208856.116,8100.06,
1533208856.275,,5.52704
1533208856.609,8100.06,
1533208856.802,,5.52704
1533208857.099,8100.06,
1533208857.343,,5.52704
1533208857.636,8107.68,
1533208857.929,,5.52704
1533208858.009,8092.4400000000005,
1533208858.052,8107.68,
1533208858.093,8092.4400000000005,
1533208858.347,,5.52704
1533208858.537,8107.68,
1533208858.838,,5.52704
1533208859.079,8115.3,
1533208859.377,,5.52704
1533208859.669,8115.3,
1533208859.805,,5.52704
1533208860.092,8115.3,
1533208860.294,,5.52704
1533208860.611,8122.92,
1533208860.715,,5.52704
1533208861.021,8122.92,
1533208861.267,,5.52704
1533208861.381,8107.68,
1533208861.532,8122.92,
1533208861.742,,5.52704
1533208862.056,8130.54,
1533208862.311,,5.52704
1533208862.442,8130.54,
1533208862.773,,5.52704
1533208863.026,8130.54,
1533208863.303,,5.52704
1533208863.481,8138.160000000001,
1533208863.716,,5.52704
1533208863.805,8122.92,
1533208863.974,8138.160000000001,
1533208864.146,,5.52704
1533208864.424,8138.160000000001,
1533208864.583,,5.52704
1533208864.643,8130.54,
1533208864.919,8145.780000000001,
1533208865.147,,5.52704
1533208865.497,8145.780000000001,
1533208865.563,8145.780000000001,
1533208865.667,,5.52704
1533208865.859,8130.54,
1533208866.078,8145.780000000001,
1533208866.144,,5.52704
1533208866.626,,5.52704
1533208866.654,8153.400000000001,
1533208867.114,8153.400000000001,
1533208867.184,,5.52704
1533208867.540,8153.400000000001,
1533208867.771,,5.52704
1533208867.950,8161.02,
1533208868.000,8153.400000000001,
1533208868.008,8153.400000000001,
1533208868.366,,5.52704
1533208868.540,8161.02,
1533208868.837,,5.52704
1533208869.142,8161.02,
1533208869.259,,5.52704
1533208869.742,8168.64,
1533208869.845,,5.52704
1533208870.194,8168.64,
1533208870.294,,5.52704
1533208870.732,8176.26,
1533208870.847,,5.52704
1533208871.129,8176.26,
1533208871.409,,5.52704
1533208871.689,8176.26,
1533208871.943,,5.52704
1533208872.096,8176.26,
1533208872.548,,5.52704
1533208872.653,8183.88,
1533208872.701,8176.26,
1533208873.074,,5.52704
1533208873.078,8183.88,
1533208873.552,,5.52704
1533208873.661,8191.5,
1533208874.021,,5.52704
1533208874.150,8191.5,
1533208874.508,,5.52704
1533208874.726,8168.64,
1533208874.756,8191.5,
1533208875.072,,5.52704
1533208875.255,8199.12,
1533208875.536,,5.52704
1533208875.798,8199.12,
1533208876.108,,5.52704
1533208876.273,8199.12,
1533208876.506,8183.88,
1533208876.508,,5.52704
1533208876.588,8191.5,
1533208876.759,8206.74,
1533208877.016,,5.52704
1533208877.213,8206.74,
1533208877.604,,5.52704
1533208877.773,8206.74,
1533208878.112,,5.52704
1533208878.185,8214.36,
1533208878.406,8191.5,
1533208878.514,,5.52704
1533208878.676,8214.36,
1533208878.995,,5.52704
1533208879.232,8214.36,
1533208879.452,,5.52704
1533208879.642,8221.98,
1533208879.894,,5.52704
1533208880.142,8221.98,
1533208880.499,,5.52704
1533208880.587,8221.98,
1533208880.970,,5.52704
1533208881.117,8229.6,
1533208881.553,,5.52704
1533208881.605,8229.6,
1533208882.013,8229.6,
1533208882.114,,5.52704
1533208882.463,8237.220000000001,
1533208882.609,,5.52704
1533208882.966,8237.220000000001,
1533208883.123,,5.52704
1533208883.446,8237.220000000001,
1533208883.585,,5.52704
1533208883.993,,5.52704
1533208884.032,8244.84,
1533208884.436,,5.52704
1533208884.650,8244.84,
1533208884.904,,5.52704
1533208885.163,8252.460000000001,
1533208885.319,,5.52704
1533208885.655,8252.460000000001,
1533208885.723,,5.52704
1533208885.758,8252.460000000001,
1533208886.143,8252.460000000001,
1533208886.200,,5.52704
1533208886.641,,5.52704
1533208886.693,8260.08,
1533208887.157,,5.52704
1533208887.210,8260.08,
1533208887.675,,5.52704
1533208887.784,8260.08,
1533208888.117,,5.52704
1533208888.305,8267.7,
1533208888.642,,5.52704
1533208888.764,8267.7,
1533208889.153,8267.7,
1533208889.246,,5.52704
1533208889.592,8275.32,
1533208889.689,,5.52704
1533208890.067,8275.32,
1533208890.195,,5.52704
1533208890.584,8275.32,
1533208890.682,,5.52704
1533208891.008,8282.94,
1533208891.124,,5.52704
1533208891.515,8282.94,
1533208891.626,,5.52704
1533208892.033,8282.94,
1533208892.108,,5.52704
1533208892.522,8290.560000000001,
1533208892.667,,5.52704
1533208893.069,8290.560000000001,
1533208893.115,,5.52704
1533208893.657,8290.560000000001,
1533208893.696,,5.52704
1533208894.193,8298.18,
1533208894.232,,5.52704
1533208894.664,,5.52704
1533208894.757,8298.18,
1533208895.114,,5.52704
1533208895.241,8305.800000000001,
1533208895.601,,5.52704
1533208895.836,8305.800000000001,
1533208896.087,,5.52704
1533208896.315,8305.800000000001,
1533208896.691,,5.52704
1533208896.804,8313.42,
1533208897.137,,5.52704
1533208897.320,8313.42,
1533208897.591,,5.52704
1533208897.736,8313.42,
1533208897.991,,5.52704
1533208898.249,8321.04,
1533208898.548,,5.52704
1533208898.657,8321.04,
1533208899.022,,5.52704
1533208899.116,8321.04,
1533208899.474,,5.52704
1533208899.524,8321.04,
1533208899.946,8328.66,
1533208899.985,,5.52704
1533208900.392,,5.52704
1533208900.436,8328.66,
1533208900.900,8328.66,
1533208900.928,,5.52704
1533208901.333,8336.28,
1533208901.447,,5.52704
1533208901.939,8336.28,
1533208902.057,,5.52704
1533208902.400,8336.28,
1533208902.618,,5.52704
1533208902.891,8343.9,
1533208902.911,8328.66,
1533208903.098,,5.52704
1533208903.327,8343.9,
1533208903.670,,5.52704
1533208903.889,8343.9,
1533208904.106,,5.52704
1533208904.369,8351.52,
1533208904.626,,5.52704
1533208904.902,8351.52,
1533208905.182,,5.52704
1533208905.420,8359.140000000001,
1533208905.612,8336.28,
1533208905.629,,5.52704
1533208905.884,8359.140000000001,
1533208906.138,,5.52704
1533208906.423,8359.140000000001,
1533208906.698,,5.52704
1533208906.969,8366.76,
1533208907.238,,5.52704
1533208907.419,8366.76,
1533208907.659,,5.52704
1533208907.930,8366.76,
1533208908.213,,5.52704
1533208908.543,8374.380000000001,
1533208908.775,,5.52704
1533208909.037,8374.380000000001,
1533208909.238,,5.52704
1533208909.487,8374.380000000001,
1533208909.796,,5.52704
1533208909.993,8382.0,
1533208910.317,,5.52704
1533208910.586,8382.0,
1533208910.753,,5.52704
1533208911.041,8382.0,
1533208911.288,,5.52704
1533208911.631,8389.62,
1533208911.779,,5.52704
1533208912.039,8389.62,
1533208912.234,,5.52704
1533208912.495,8389.62,
1533208912.732,,5.52704
1533208912.910,8397.24,
1533208913.357,,5.52704
1533208913.428,8397.24,
1533208913.807,,5.52704
1533208913.950,8397.24,
1533208914.301,,5.52704
1533208914.530,8404.86,
1533208914.829,,5.52704
1533208914.981,8404.86,
1533208915.352,,5.8521600000000005
1533208915.545,8412.48,
1533208915.907,,5.8521600000000005
1533208916.107,8412.48,
1533208916.417,,5.8521600000000005
1533208916.553,8412.48,
1533208916.996,8420.1,
1533208917.006,,5.8521600000000005
1533208917.424,,5.52704
1533208917.588,8420.1,
1533208918.005,,5.52704
1533208918.114,8420.1,
1533208918.492,,5.52704
1533208918.577,8427.720000000001,
1533208919.009,,5.52704
1533208919.061,8427.720000000001,
1533208919.188,8427.720000000001,
1533208919.464,,5.52704
1533208919.586,8427.720000000001,
1533208919.882,,5.52704
1533208919.997,8435.34,
1533208920.013,8435.34,
1533208920.061,,5.52704
1533208920.472,8435.34,
1533208920.494,,5.52704
1533208920.916,,5.52704
1533208920.973,8435.34,
1533208921.324,,5.52704
1533208921.492,8442.960000000001,
1533208921.862,,5.52704
1533208922.046,8442.960000000001,
1533208922.416,,5.52704
1533208922.463,8442.960000000001,
1533208922.826,,5.52704
1533208923.016,8450.58,
1533208923.382,,5.52704
1533208923.530,8450.58,
1533208923.903,,5.52704
1533208924.088,8458.2,
1533208924.347,,5.52704
1533208924.563,8458.2,
1533208924.816,,5.52704
1533208924.963,8458.2,
1533208925.271,,5.52704
1533208925.505,8465.82,
1533208925.839,,5.52704
1533208926.018,8465.82,
1533208926.428,8465.82,
1533208926.533,,5.52704
1533208926.902,8473.44,
1533208926.955,,5.52704
1533208927.367,8473.44,
1533208927.443,,5.20192
1533208927.782,8473.44,
1533208927.978,,5.20192
1533208928.216,8473.44,
1533208928.416,,5.20192
1533208928.782,8481.060000000001,
1533208928.852,,5.20192
1533208929.283,8481.060000000001,
1533208929.358,,5.20192
1533208929.770,8481.060000000001,
1533208929.917,,5.20192
1533208930.315,8488.68,
1533208930.451,,5.20192
1533208930.492,8481.060000000001,
1533208930.828,8488.68,
1533208930.910,,5.20192
1533208931.314,8488.68,
1533208931.469,,5.20192
1533208931.776,8496.300000000001,
1533208931.929,,5.20192
1533208932.184,8496.300000000001,
1533208932.530,,4.8768
1533208932.669,8496.300000000001,
1533208933.112,,4.8768
1533208933.171,8503.92,
1533208933.520,,4.8768
1533208933.673,8503.92,
1533208934.107,,4.8768
1533208934.133,8503.92,
1533208934.649,8511.54,
1533208934.681,8503.92,
1533208934.694,,4.8768
1533208934.825,,4.8768
1533208935.165,8511.54,
1533208935.230,,4.8768
1533208935.674,8511.54,
1533208935.685,,4.8768
1533208936.185,,4.8768
1533208936.189,8511.54,
1533208936.695,,4.8768
1533208936.696,8519.16,
1533208937.168,,4.8768
1533208937.247,8519.16,
1533208937.619,,5.20192
1533208937.731,8519.16,
1533208938.149,,5.20192
1533208938.267,8526.78,
1533208938.609,,5.20192
1533208938.743,8526.78,
1533208939.144,,5.20192
1533208939.308,8526.78,
1533208939.679,,5.20192
1533208939.837,8534.4,
1533208940.324,8534.4,
1533208940.325,,5.20192
1533208940.705,,5.20192
1533208940.794,8534.4,
1533208941.276,,5.20192
1533208941.349,8542.02,
1533208941.757,,5.20192
1533208941.892,8542.02,
1533208942.233,,5.20192
1533208942.330,8542.02,
1533208942.797,,5.20192
1533208942.925,8549.640000000001,
1533208943.222,,5.20192
1533208943.500,8549.640000000001,
1533208943.779,,5.20192
1533208944.038,8557.26,
1533208944.293,,5.20192
1533208944.442,8557.26,
1533208944.717,,5.20192
1533208944.968,8557.26,
1533208945.264,,5.20192
1533208945.415,8557.26,
1533208945.734,,5.20192
1533208945.828,8564.880000000001,
1533208946.333,,5.20192
1533208946.340,8564.880000000001,
1533208946.882,8564.880000000001,
1533208946.901,,5.20192
1533208947.397,8572.5,
1533208947.499,,5.20192
1533208947.824,8572.5,
1533208947.984,,5.20192
1533208948.408,8572.5,
1533208948.564,,5.20192
1533208948.866,8580.12,
1533208948.994,,5.20192
1533208949.327,8580.12,
1533208949.458,,5.20192
1533208949.789,8580.12,
1533208949.981,,5.20192
1533208950.284,8587.74,
1533208950.487,,5.20192
1533208950.874,8587.74,
1533208950.925,,5.20192
1533208951.443,8587.74,
1533208951.461,,4.8768
1533208951.927,,4.8768
1533208952.016,8595.36,
1533208952.438,,4.8768
1533208952.557,8595.36,
1533208952.899,,4.8768
1533208952.992,8595.36,
1533208953.026,8595.36,
1533208953.358,,4.8768
1533208953.486,8602.98,
1533208953.817,,4.8768
1533208953.945,8602.98,
1533208954.278,,4.8768
1533208954.377,8602.98,
1533208954.784,,4.8768
1533208954.887,8602.98,
1533208955.201,,4.8768
1533208955.315,8610.6,
1533208955.672,,4.8768
1533208955.875,8610.6,
1533208956.188,,4.8768
1533208956.334,8610.6,
1533208956.743,,4.8768
1533208956.924,8618.220000000001,
1533208957.187,,4.8768
1533208957.520,8618.220000000001,
1533208957.784,,4.8768
1533208957.938,8618.220000000001,
1533208958.195,,4.8768
1533208958.450,8625.84,
1533208958.778,,4.8768
1533208959.043,8625.84,
1533208959.326,,4.8768
1533208959.478,8625.84,
1533208959.802,,4.8768
1533208960.073,8633.460000000001,
1533208960.355,,4.8768
1533208960.724,8633.460000000001,
1533208960.812,,4.8768
1533208961.168,8633.460000000001,
1533208961.277,,4.8768
1533208961.623,8641.08,
1533208961.767,,4.55168
1533208962.130,8641.08,
1533208962.335,,4.55168
1533208962.696,8641.08,
1533208962.926,,4.55168
1533208963.259,8648.7,
1533208963.358,,4.55168
1533208963.837,8648.7,
1533208963.957,,4.55168
1533208964.431,8648.7,
1533208964.509,,4.55168
1533208964.919,8648.7,
1533208965.017,,4.55168
1533208965.368,8656.32,
1533208965.427,,4.55168
1533208965.894,8656.32,
1533208965.930,,4.55168
1533208966.385,8656.32,
1533208966.517,,4.55168
1533208966.807,8663.94,
1533208966.933,,4.55168
1533208967.393,8663.94,
1533208967.404,,4.8768
1533208967.810,,4.8768
1533208967.913,8663.94,
1533208968.317,,4.8768
1533208968.493,8671.560000000001,
1533208968.841,,4.8768
1533208969.027,8671.560000000001,
1533208969.226,,4.8768
1533208969.500,8671.560000000001,
1533208969.659,,4.8768
1533208970.064,8679.18,
1533208970.166,,4.8768
1533208970.600,8679.18,
1533208970.703,,4.8768
1533208971.098,8679.18,
1533208971.143,,4.8768
1533208971.606,,4.55168
1533208971.689,8686.800000000001,
1533208972.041,,4.55168
1533208972.175,8686.800000000001,
1533208972.233,8686.800000000001,
1533208972.565,,4.55168
1533208972.644,8686.800000000001,
1533208973.057,,4.55168
1533208973.233,8686.800000000001,
1533208973.656,,4.55168
1533208973.682,8694.42,
1533208974.072,,4.55168
1533208974.219,8694.42,
1533208974.568,,4.55168
1533208974.797,8694.42,
1533208975.174,,4.55168
1533208975.394,8702.04,
1533208975.566,,4.55168
1533208975.853,8702.04,
1533208975.989,,4.55168
1533208976.338,8702.04,
1533208976.522,,4.55168
1533208976.932,8709.66,
1533208977.033,,4.55168
1533208977.434,8709.66,
1533208977.535,,4.55168
1533208977.930,8709.66,
1533208977.981,,4.55168
1533208978.379,8709.66,
1533208978.588,,4.55168
1533208978.848,8717.28,
1533208979.023,,4.55168
1533208979.331,8717.28,
1533208979.613,,4.55168
1533208979.741,8717.28,
1533208980.176,,4.55168
1533208980.336,8724.9,
1533208980.666,,4.55168
1533208980.792,8724.9,
1533208981.108,,4.55168
1533208981.353,8724.9,
1533208981.702,,4.55168
1533208981.848,8732.52,
1533208982.188,,4.55168
1533208982.265,8732.52,
1533208982.655,,4.55168
1533208982.803,8732.52,
1533208983.190,,4.55168
1533208983.202,8732.52,
1533208983.591,,4.55168
1533208983.758,8740.140000000001,
1533208984.079,,4.55168
1533208984.285,8740.140000000001,
1533208984.540,,4.55168
1533208984.719,8740.140000000001,
1533208985.001,,4.55168
1533208985.205,8740.140000000001,
1533208985.521,,4.55168
1533208985.730,8747.76,
1533208985.962,,4.55168
1533208986.298,8747.76,
1533208986.424,,4.55168
1533208986.727,8747.76,
1533208986.906,,4.55168
1533208987.276,8755.380000000001,
1533208987.331,,4.55168
1533208987.759,,4.55168
1533208987.825,8755.380000000001,
1533208988.244,,4.55168
1533208988.402,8755.380000000001,
1533208988.749,,4.55168
1533208988.833,8763.0,
1533208989.299,,4.55168
1533208989.349,8763.0,
1533208989.854,8763.0,
1533208989.861,,4.8768
1533208990.254,8763.0,
1533208990.323,,4.8768
1533208990.752,8770.62,
1533208990.834,,4.8768
1533208991.310,8770.62,
1533208991.395,,4.8768
1533208991.802,,4.8768
1533208991.907,8770.62,
1533208992.339,,4.8768
1533208992.499,8778.24,
1533208992.941,,4.8768
1533208993.018,8778.24,
1533208993.434,,4.55168
1533208993.491,8778.24,
1533208993.914,,4.55168
1533208994.066,8785.86,
1533208994.316,,4.55168
1533208994.572,8785.86,
1533208994.863,,4.55168
1533208995.153,8785.86,
1533208995.362,,4.55168
1533208995.719,8793.48,
1533208995.933,,4.55168
1533208996.230,8793.48,
1533208996.495,,4.22656
1533208996.805,8793.48,
1533208997.052,,4.22656
1533208997.294,8801.1,
1533208997.339,,4.55168
1533208997.352,8793.48,
1533208997.386,8793.48,
1533208997.466,,4.22656
1533208997.743,,4.55168
1533208997.813,8801.1,
1533208997.886,,4.22656
1533208997.890,,4.22656
1533208998.314,,4.22656
1533208998.344,8801.1,
1533208998.727,,4.22656
1533208998.826,8801.1,
1533208999.264,,4.22656
1533208999.341,8808.720000000001,
1533208999.749,8808.720000000001,
1533208999.865,,4.22656
1533209000.196,8808.720000000001,
1533209000.468,,4.22656
1533209000.675,8808.720000000001,
1533209000.880,,4.22656
1533209001.134,8816.34,
1533209001.428,,4.22656
1533209001.626,8816.34,
1533209001.862,,4.22656
1533209002.152,8816.34,
1533209002.376,,4.22656
1533209002.634,8816.34,
1533209002.866,,4.22656
1533209003.097,8823.960000000001,
1533209003.326,,4.22656
1533209003.506,8823.960000000001,
1533209003.845,,4.22656
1533209004.062,8823.960000000001,
1533209004.366,,4.22656
1533209004.620,8823.960000000001,
1533209004.824,,4.22656
1533209005.154,8831.58,
1533209005.334,,4.22656
1533209005.692,8831.58,
1533209005.769,,3.90144
1533209006.215,8831.58,
1533209006.216,,3.90144
1533209006.739,8839.2,
1533209006.755,,3.90144
1533209007.132,8839.2,
1533209007.267,,3.90144
1533209007.622,8839.2,
1533209007.800,,3.90144
1533209008.231,8839.2,
1533209008.266,,3.90144
1533209008.697,8846.82,
1533209008.799,,3.90144
1533209009.132,8846.82,
1533209009.402,,3.90144
1533209009.601,8846.82,
1533209009.702,8846.82,
1533209009.881,,3.90144
1533209010.103,8846.82,
1533209010.363,,3.90144
1533209010.562,8846.82,
1533209010.765,,3.90144
1533209011.129,8854.44,
1533209011.217,,3.90144
1533209011.622,,3.90144
1533209011.703,8854.44,
1533209012.107,8854.44,
1533209012.152,,3.90144
1533209012.553,8854.44,
1533209012.688,,3.90144
1533209012.970,8862.060000000001,
1533209013.227,,3.90144
1533209013.495,8862.060000000001,
1533209013.774,,3.90144
1533209014.029,8862.060000000001,
1533209014.195,,3.90144
1533209014.609,8869.68,
1533209014.793,,3.90144
1533209015.022,8869.68,
1533209015.268,,3.90144
1533209015.507,8869.68,
1533209015.839,,3.90144
1533209016.000,8869.68,
1533209016.295,,3.90144
1533209016.431,8869.68,
1533209016.696,,3.90144
1533209016.972,8877.300000000001,
1533209017.101,,3.90144
1533209017.509,8877.300000000001,
1533209017.610,,3.90144
1533209017.976,8877.300000000001,
1533209018.134,,3.90144
1533209018.462,8877.300000000001,
1533209018.555,,3.90144
1533209018.900,8884.92,
1533209019.111,,3.90144
1533209019.497,8884.92,
1533209019.542,,3.90144
1533209019.572,,3.90144
1533209020.084,8884.92,
1533209020.084,,3.90144
1533209020.593,8892.54,
1533209020.679,,3.90144
1533209020.888,8884.92,
1533209021.038,8892.54,
1533209021.271,,3.90144
1533209021.527,8892.54,
1533209021.691,,3.90144
1533209021.968,8892.54,
1533209022.269,,3.90144
1533209022.432,8892.54,
1533209022.772,,3.90144
1533209022.875,8900.16,
1533209023.231,,3.90144
1533209023.310,8900.16,
1533209023.796,,3.90144
1533209023.875,8900.16,
1533209024.219,,3.90144
1533209024.430,8900.16,
1533209024.705,,3.90144
1533209024.863,8907.78,
1533209025.306,,3.90144
1533209025.326,8907.78,
1533209025.811,8907.78,
1533209025.814,,3.90144
1533209026.303,8907.78,
1533209026.358,,3.90144
1533209026.717,8915.4,
1533209026.841,,3.90144
1533209027.227,8915.4,
1533209027.432,,3.90144
1533209027.661,8915.4,
1533209028.028,,3.90144
1533209028.158,8915.4,
1533209028.532,,3.90144
1533209028.744,8923.02,
1533209028.939,,3.90144
1533209029.280,8923.02,
1533209029.490,,3.90144
1533209029.850,8923.02,
1533209030.001,,3.90144
1533209030.439,8923.02,
1533209030.591,,3.90144
1533209030.858,8930.640000000001,
1533209031.033,,3.90144
1533209031.370,8930.640000000001,
1533209031.472,,3.90144
1533209031.885,8930.640000000001,
1533209032.036,,3.90144
1533209032.336,8930.640000000001,
1533209032.564,,3.90144
1533209032.750,8930.640000000001,
1533209032.777,8938.26,
1533209033.162,,3.90144
1533209033.369,8938.26,
1533209033.600,,3.90144
1533209033.852,8938.26,
1533209034.056,,3.90144
1533209034.285,8938.26,
1533209034.634,,3.90144
1533209034.705,8945.880000000001,
1533209035.168,,3.90144
1533209035.316,8945.880000000001,
1533209035.642,,3.90144
1533209035.755,8945.880000000001,
1533209036.125,,3.90144
1533209036.286,8945.880000000001,
1533209036.725,8953.5,
1533209036.807,,4.22656
1533209037.166,8953.5,
1533209037.303,,4.22656
1533209037.737,8953.5,
1533209037.888,,4.22656
1533209038.202,8953.5,
1533209038.431,,4.22656
1533209038.610,8961.12,
1533209038.925,,4.22656
1533209039.077,8961.12,
1533209039.359,,4.22656
1533209039.538,8961.12,
1533209039.793,,4.22656
1533209040.108,8961.12,
1533209040.255,,4.22656
1533209040.622,8968.74,
1533209040.829,,4.22656
1533209041.140,8968.74,
1533209041.359,,4.22656
1533209041.653,8968.74,
1533209041.767,,4.22656
1533209042.118,8968.74,
1533209042.200,,4.22656
1533209042.628,,4.22656
1533209042.704,8976.36,
1533209043.216,,4.22656
1533209043.296,8976.36,
1533209043.818,,4.22656
1533209043.905,8976.36,
1533209044.297,,4.22656
1533209044.445,8983.98,
1533209044.858,,4.22656
1533209044.884,8983.98,
1533209045.326,,4.22656
1533209045.377,8983.98,
1533209045.842,,4.22656
1533209045.861,8983.98,
1533209046.287,8991.6,
1533209046.416,,4.22656
1533209046.777,8991.6,
1533209046.968,,4.22656
1533209047.353,8991.6,
1533209047.474,,4.22656
1533209047.939,8991.6,
1533209047.964,,4.22656
1533209048.398,8999.220000000001,
1533209048.477,,4.22656
1533209048.836,8999.220000000001,
1533209049.094,,4.22656
1533209049.333,8999.220000000001,
1533209049.637,,3.90144
1533209049.912,9006.84,
1533209050.213,,3.90144
1533209050.366,9006.84,
1533209050.774,,3.90144
1533209050.980,9006.84,
1533209051.258,,3.90144
1533209051.462,9006.84,
1533209051.859,,3.90144
1533209051.934,9014.460000000001,
1533209052.362,,3.90144
1533209052.387,9014.460000000001,
1533209052.782,,3.90144
1533209052.811,9014.460000000001,
1533209053.372,,3.90144
1533209053.398,9014.460000000001,
1533209053.775,,3.90144
1533209053.878,9014.460000000001,
1533209054.282,,3.90144
1533209054.449,9022.08,
1533209054.828,,3.90144
1533209055.023,9022.08,
1533209055.413,,3.90144
1533209055.463,9022.08,
1533209055.919,9029.7,
1533209055.940,,3.90144
1533209056.386,9029.7,
1533209056.486,,3.90144
1533209056.872,9029.7,
1533209056.898,9029.7,
1533209056.899,,3.90144
1533209057.433,9029.7,
1533209057.524,,3.90144
1533209057.987,9037.32,
1533209058.074,,3.90144
1533209058.455,9037.32,
1533209058.612,,3.90144
1533209058.993,9037.32,
1533209059.020,,3.90144
1533209059.463,9037.32,
1533209059.558,,3.90144
1533209059.971,,3.90144
1533209060.503,,4.22656
1533209060.528,9044.94,
1533209060.915,,4.22656
1533209061.001,9044.94,
1533209061.376,,4.22656
1533209061.545,9044.94,
1533209061.830,,4.22656
1533209062.090,9052.560000000001,
1533209062.264,,4.22656
1533209062.681,9052.560000000001,
1533209062.733,,4.22656
1533209063.135,9052.560000000001,
1533209063.171,,4.22656
1533209063.713,9052.560000000001,
1533209063.763,,4.22656
1533209064.224,9060.18,
1533209064.274,,4.22656
1533209064.685,,4.22656
1533209064.720,9060.18,
1533209065.164,,4.22656
1533209065.257,9060.18,
1533209065.679,,4.22656
1533209065.794,9067.800000000001,
1533209066.100,,4.22656
1533209066.274,9067.800000000001,
1533209066.608,,4.22656
1533209066.888,9067.800000000001,
1533209067.128,,4.22656
1533209067.323,9067.800000000001,
1533209067.654,,4.22656
1533209067.807,9075.42,
1533209068.075,,4.22656
1533209068.209,9075.42,
1533209068.517,,4.22656
1533209068.771,9075.42,
1533209068.932,,4.22656
1533209069.320,9083.04,
1533209069.377,,4.22656
1533209069.765,9083.04,
1533209069.913,,4.22656
1533209070.322,9083.04,
1533209070.424,,4.22656
1533209070.782,9083.04,
1533209070.869,,4.22656
1533209071.298,9090.66,
1533209071.324,,4.22656
1533209071.738,9090.66,
1533209071.763,,4.22656
1533209072.224,,4.22656
1533209072.336,9090.66,
1533209072.742,9090.66,
1533209072.777,,4.22656
1533209073.179,,4.22656
1533209073.307,9098.28,
1533209073.609,,4.22656
1533209073.871,9098.28,
1533209074.036,,4.22656
1533209074.467,9098.28,
1533209074.543,,4.22656
1533209074.977,9105.9,
1533209075.001,,4.22656
1533209075.403,9105.9,
1533209075.619,,4.22656
1533209075.876,9105.9,
1533209076.100,,4.22656
1533209076.279,9105.9,
1533209076.658,,4.22656
1533209076.737,9105.9,
1533209077.082,,4.22656
1533209077.277,9113.52,
1533209077.505,,4.22656
1533209077.837,9113.52,
1533209077.992,,4.22656
1533209078.306,9113.52,
1533209078.449,,4.22656
1533209078.857,9121.140000000001,
1533209078.947,,4.22656
1533209079.384,9121.140000000001,
1533209079.493,,4.22656
1533209079.943,9121.140000000001,
1533209079.981,,4.22656
1533209080.397,9121.140000000001,
1533209080.583,,4.22656
1533209080.862,9128.76,
1533209081.170,,4.22656
1533209081.269,9128.76,
1533209081.599,,4.22656
1533209081.687,9128.76,
1533209082.005,9128.76,
1533209082.082,,4.22656
1533209082.262,9128.76,
1533209082.660,9136.380000000001,
1533209082.736,,4.22656
1533209083.144,,4.22656
1533209083.162,9136.380000000001,
1533209083.700,,4.22656
1533209083.703,9136.380000000001,
1533209084.213,9136.380000000001,
1533209084.263,,4.22656
1533209084.699,9144.0,
1533209084.800,,4.22656
1533209085.259,9144.0,
1533209085.285,,4.22656
1533209085.768,9144.0,
1533209085.794,,4.22656
1533209086.255,,4.22656
1533209086.306,9151.62,
1533209086.795,,4.22656
1533209086.897,9151.62,
1533209087.393,,3.90144
1533209087.471,9151.62,
1533209087.925,,3.90144
1533209087.977,9151.62,
1533209088.440,,3.90144
1533209088.441,9159.24,
1533209088.949,,3.90144
1533209088.950,9159.24,
1533209089.370,9159.24,
1533209089.383,,3.90144
1533209089.384,9159.24,
1533209089.809,9159.24,
1533209089.823,,3.90144
1533209089.823,9159.24,
1533209090.225,,3.90144
1533209090.245,9166.86,
1533209090.665,,3.90144
1533209090.727,9166.86,
1533209091.080,,3.90144
1533209091.203,9166.86,
1533209091.499,,3.90144
1533209091.792,9166.86,
1533209091.964,,3.90144
1533209092.231,9174.48,
1533209092.439,,3.90144
1533209092.795,9174.48,
1533209092.926,,3.90144
1533209093.371,9174.48,
1533209093.515,,4.22656
1533209093.784,9174.48,
1533209093.973,,4.22656
1533209094.315,9182.1,
1533209094.446,,4.22656
1533209094.802,9182.1,
1533209094.959,,4.22656
1533209095.316,9182.1,
1533209095.546,,4.22656
1533209095.882,9182.1,
1533209096.018,,4.22656
1533209096.450,9189.720000000001,
1533209096.583,,4.22656
1533209096.945,9189.720000000001,
1533209097.097,,4.22656
1533209097.402,9189.720000000001,
1533209097.681,,4.22656
1533209097.836,9189.720000000001,
1533209098.282,,4.22656
1533209098.412,9197.34,
1533209098.749,,4.22656
1533209098.958,9197.34,
1533209099.162,,4.22656
1533209099.466,9197.34,
1533209099.698,,3.90144
1533209100.046,9204.960000000001,
1533209100.189,,3.90144
1533209100.509,9204.960000000001,
1533209100.696,,3.90144
1533209101.028,9204.960000000001,
1533209101.267,,3.90144
1533209101.464,9204.960000000001,
1533209101.674,,3.90144
1533209102.072,9212.58,
1533209102.272,,3.90144
1533209102.476,9212.58,
1533209102.705,,3.90144
1533209102.934,9212.58,
1533209103.209,,3.90144
1533209103.465,9212.58,
1533209103.643,,3.90144
1533209103.922,9220.2,
1533209104.178,,3.90144
1533209104.508,9220.2,
1533209104.662,,3.90144
1533209105.095,9220.2,
1533209105.165,,3.90144
1533209105.620,9220.2,
1533209105.644,,3.90144
1533209106.043,9227.82,
1533209106.110,,3.90144
1533209106.590,9227.82,
1533209106.604,,3.90144
1533209107.126,9227.82,
1533209107.128,,3.90144
1533209107.532,,3.90144
1533209107.709,9227.82,
1533209108.096,,3.90144
1533209108.314,9235.44,
1533209108.673,,3.90144
1533209108.834,9235.44,
1533209109.242,9235.44,
1533209109.277,,3.90144
1533209109.629,9220.2,
1533209109.667,9227.82,
1533209109.677,9227.82,
1533209109.689,,3.90144
1533209109.692,,3.90144
1533209109.802,9243.060000000001,
1533209110.146,,3.90144
1533209110.262,9243.060000000001,
1533209110.592,,4.22656
1533209110.717,9243.060000000001,
1533209111.023,,4.22656
1533209111.124,9243.060000000001,
1533209111.557,,4.22656
1533209111.601,9243.060000000001,
1533209112.083,,4.22656
1533209112.118,9250.68,
1533209112.550,9250.68,
1533209112.597,,3.90144
1533209113.093,,3.90144
1533209113.205,9250.68,
1533209113.573,,3.90144
1533209113.627,9258.300000000001,
1533209114.038,9258.300000000001,
1533209114.064,,3.90144
1533209114.598,9258.300000000001,
1533209114.650,,4.22656
1533209115.096,9258.300000000001,
1533209115.170,,4.22656
1533209115.674,9265.92,
1533209115.756,,4.22656
1533209116.159,9265.92,
1533209116.237,,4.22656
1533209116.640,9265.92,
1533209116.786,,4.22656
1533209117.265,9265.92,
1533209117.350,,4.22656
1533209117.708,9273.54,
1533209117.792,,4.22656
1533209117.917,,4.22656
1533209118.231,9273.54,
1533209118.349,,4.22656
1533209118.698,9273.54,
1533209118.779,,4.22656
1533209119.190,9273.54,
1533209119.352,,4.22656
1533209119.630,9281.16,
1533209119.935,,4.22656
1533209120.233,9281.16,
1533209120.346,,4.22656
1533209120.532,9265.92,
1533209120.780,9281.16,
1533209120.789,,4.22656
1533209120.900,9273.54,
1533209120.904,,4.22656
1533209120.920,9273.54,
1533209120.929,9273.54,
1533209121.375,9288.78,
1533209121.392,,4.22656
1533209121.443,,4.22656
1533209121.856,,4.22656
1533209121.946,9288.78,
1533209122.293,,4.22656
1533209122.392,9288.78,
1533209122.828,,4.22656
1533209122.836,9288.78,
1533209123.337,,4.22656
1533209123.362,9296.4,
1533209123.839,,4.22656
1533209123.840,9296.4,
1533209123.861,9296.4,
1533209123.920,,4.22656
1533209123.940,9288.78,
1533209124.276,9296.4,
1533209124.436,,4.22656
1533209124.762,9296.4,
1533209124.969,,4.22656
1533209125.338,9296.4,
1533209125.352,9304.02,
1533209125.475,,4.22656
1533209125.836,9304.02,
1533209125.896,,4.22656
1533209126.314,9304.02,
1533209126.507,,4.22656
1533209126.803,9304.02,
1533209127.067,,4.22656
1533209127.309,9311.640000000001,
1533209127.609,,4.22656
1533209127.727,9311.640000000001,
1533209127.783,9311.640000000001,
1533209128.178,,4.22656
1533209128.338,9311.640000000001,
1533209128.612,,4.22656
1533209128.898,9319.26,
1533209129.025,,4.22656
1533209129.449,9319.26,
1533209129.457,,4.22656
1533209129.868,,4.22656
1533209129.908,9319.26,
1533209129.944,9319.26,
1533209130.392,9319.26,
1533209130.429,,4.22656
1533209130.857,9326.880000000001,
1533209130.955,,4.22656
1533209131.398,9326.880000000001,
1533209131.458,,3.90144
1533209131.947,9326.880000000001,
1533209131.972,,3.90144
1533209132.479,,3.90144
1533209132.561,9326.880000000001,
1533209132.597,9326.880000000001,
1533209132.599,,4.22656
1533209132.928,,3.90144
1533209133.042,9334.5,
1533209133.108,9326.880000000001,
1533209133.372,,3.90144
1533209133.467,9334.5,
1533209133.817,,3.90144
1533209133.887,9334.5,
1533209134.290,,3.90144
1533209134.343,9334.5,
1533209134.385,9334.5,
1533209134.404,9334.5,
1533209134.870,,3.90144
1533209134.931,9342.12,
1533209134.969,9334.5,
1533209135.378,,3.90144
1533209135.407,9342.12,
1533209135.857,9342.12,
1533209135.915,,3.90144
1533209136.356,9342.12,
1533209136.441,,3.90144
1533209136.873,,3.90144
1533209136.923,9349.74,
1533209137.415,,3.90144
1533209137.480,9349.74,
1533209137.816,,3.90144
1533209137.862,9349.74,
1533209138.047,9349.74,
1533209138.428,,3.90144
1533209138.456,9349.74,
1533209138.913,,3.90144
1533209138.990,9357.36,
1533209139.425,,3.90144
1533209139.469,9357.36,
1533209139.898,,3.90144
1533209140.026,9357.36,
1533209140.320,,3.90144
1533209140.457,9357.36,
1533209140.749,,3.90144
1533209140.888,9364.98,
1533209141.182,,3.90144
1533209141.361,9364.98,
1533209141.644,,3.90144
1533209141.757,9364.98,
1533209141.919,9364.98,
1533209142.115,,3.90144
1533209142.371,9364.98,
1533209142.681,,4.22656
1533209142.843,9372.6,
1533209143.237,,4.22656
1533209143.291,9372.6,
1533209143.725,9372.6,
1533209143.776,,3.90144
1533209144.240,9372.6,
1533209144.360,,3.90144
1533209144.792,,3.90144
1533209144.833,9380.220000000001,
1533209145.197,,3.90144
1533209145.321,9380.220000000001,
1533209145.618,,3.90144
1533209145.765,9380.220000000001,
1533209146.166,,3.90144
1533209146.200,9380.220000000001,
1533209146.571,9380.220000000001,
1533209146.574,,3.90144
1533209146.589,9387.84,
1533209147.030,,3.90144
1533209147.110,9387.84,
1533209147.598,,3.90144
1533209147.682,9387.84,
1533209148.059,,3.90144
1533209148.095,9380.220000000001,
1533209148.238,9387.84,
1533209148.629,,3.90144
1533209148.721,9395.460000000001,
1533209149.150,9395.460000000001,
1533209149.216,,3.90144
1533209149.590,9395.460000000001,
1533209149.669,,4.22656
1533209150.196,9395.460000000001,
1533209150.220,,4.22656
1533209150.691,9403.08,
1533209150.811,,4.22656
1533209151.193,9403.08,
1533209151.373,,4.22656
1533209151.759,9403.08,
1533209151.915,,4.22656
1533209152.221,9403.08,
1533209152.374,,4.22656
1533209152.704,9410.7,
1533209152.956,,4.22656
1533209153.249,9410.7,
1533209153.487,,4.22656
1533209153.719,9410.7,
1533209154.004,,4.22656
1533209154.315,9418.32,
1533209154.490,,3.90144
1533209154.752,9418.32,
1533209155.058,,3.90144
1533209155.279,9418.32,
1533209155.611,,3.90144
1533209155.880,9418.32,
1533209156.055,,3.90144
1533209156.180,9410.7,
1533209156.281,9418.32,
1533209156.412,9425.94,
1533209156.616,,3.90144
1533209156.974,9425.94,
1533209157.232,,3.90144
1533209157.539,9425.94,
1533209157.771,,3.90144
1533209158.093,9425.94,
1533209158.175,,3.90144
1533209158.586,,3.90144
1533209158.638,9433.560000000001,
1533209158.737,9425.94,
1533209159.019,9433.560000000001,
1533209159.197,,3.90144
1533209159.530,9433.560000000001,
1533209159.607,,3.90144
1533209159.982,9433.560000000001,
1533209160.008,9433.560000000001,
1533209160.164,,3.90144
1533209160.488,9441.18,
1533209160.747,,3.90144
1533209161.044,9441.18,
1533209161.127,9433.560000000001,
1533209161.155,,3.90144
1533209161.441,9441.18,
1533209161.572,,3.90144
1533209161.582,9441.18,
1533209162.061,9441.18,
1533209162.096,,3.90144
1533209162.505,,3.90144
1533209162.601,9448.800000000001,
1533209163.043,,3.90144
1533209163.177,9448.800000000001,
1533209163.598,,3.90144
1533209163.630,9448.800000000001,
1533209163.786,9448.800000000001,
1533209164.103,,3.90144
1533209164.175,9448.800000000001,
1533209164.540,,3.90144
1533209164.619,9456.42,
1533209165.082,,3.90144
1533209165.202,9456.42,
1533209165.522,,3.90144
1533209165.738,9456.42,
1533209166.015,,3.90144
1533209166.127,9456.42,
1533209166.540,,4.22656
1533209166.582,9464.04,
1533209167.027,,4.22656
1533209167.122,9464.04,
1533209167.525,9464.04,
1533209167.682,,3.90144
1533209168.001,9464.04,
1533209168.209,,3.90144
1533209168.353,9456.42,
1533209168.446,9471.66,
1533209168.501,9464.04,
1533209168.623,,3.90144
1533209168.929,9471.66,
1533209169.081,,3.90144
1533209169.446,9471.66,
1533209169.478,9471.66,
1533209169.495,,3.90144
1533209169.601,,3.90144
1533209169.852,9471.66,
1533209170.066,,3.90144
1533209170.467,9479.28,
1533209170.549,,3.90144
1533209170.975,9479.28,
1533209171.128,,3.90144
1533209171.528,9479.28,
1533209171.710,,3.90144
1533209171.964,9479.28,
1533209172.244,,3.90144
1533209172.498,9486.9,
1533209172.687,,3.90144
1533209172.979,9486.9,
1533209173.247,,3.90144
1533209173.407,9486.9,
1533209173.736,,3.90144
1533209173.750,,3.90144
1533209173.980,9486.9,
1533209174.312,,3.90144
1533209174.553,9494.52,
1533209174.756,,3.90144
1533209175.059,9494.52,
1533209175.291,,3.90144
1533209175.677,9494.52,
1533209175.690,,3.90144
1533209176.237,,3.90144
1533209176.241,9502.140000000001,
1533209176.554,9494.52,
1533209176.736,,3.90144
1533209176.754,,3.90144
1533209176.757,9502.140000000001,
1533209177.292,,3.90144
1533209177.367,9502.140000000001,
1533209177.883,,4.22656
1533209177.935,9502.140000000001,
1533209178.379,9509.76,
1533209178.396,,4.22656
1533209178.904,9509.76,
1533209178.995,,4.22656
1533209179.333,9509.76,
1533209179.421,,4.22656
1533209179.864,9509.76,
1533209180.033,,4.22656
1533209180.412,9517.380000000001,
1533209180.438,,4.22656
1533209180.924,9517.380000000001,
1533209180.932,,4.22656
1533209180.982,9517.380000000001,
1533209181.396,9517.380000000001,
1533209181.466,,4.22656
1533209181.921,9525.0,
1533209181.932,,4.22656
1533209182.440,9525.0,
1533209182.503,,4.22656
1533209183.013,9525.0,
1533209183.074,,4.22656
1533209183.237,9525.0,
1533209183.493,,4.22656
1533209183.522,9525.0,
1533209183.966,,4.22656
1533209184.073,9532.62,
1533209184.421,,4.22656
1533209184.504,9525.0,
1533209184.668,9532.62,
1533209184.842,,4.22656
1533209184.893,,3.90144
1533209185.073,9532.62,
1533209185.273,,4.22656
1533209185.565,9532.62,
1533209185.733,,4.22656
1533209186.044,9540.24,
1533209186.049,9532.62,
1533209186.176,,4.22656
1533209186.638,9540.24,
1533209186.753,,4.22656
1533209187.046,9540.24,
1533209187.176,,4.22656
1533209187.580,9540.24,
1533209187.710,,4.22656
1533209188.106,9547.86,
1533209188.212,,4.22656
1533209188.632,9547.86,
1533209188.749,,4.22656
1533209189.183,9547.86,
1533209189.291,,4.22656
1533209189.762,9555.480000000001,
1533209189.858,,4.22656
1533209190.338,9555.480000000001,
1533209190.417,,4.22656
1533209190.775,9555.480000000001,
1533209190.923,,4.22656
1533209191.229,9555.480000000001,
1533209191.476,,4.22656
1533209191.497,9555.480000000001,
1533209191.663,9563.1,
1533209191.909,,4.22656
1533209192.256,9563.1,
1533209192.476,,4.22656
1533209192.807,9563.1,
1533209192.986,,4.22656
1533209193.338,9563.1,
1533209193.450,,4.22656
1533209193.752,9570.720000000001,
1533209193.853,,4.22656
1533209194.327,,4.22656
1533209194.329,9570.720000000001,
1533209194.871,9570.720000000001,
1533209194.908,,4.22656
1533209194.923,9570.720000000001,
1533209195.328,9570.720000000001,
1533209195.456,,4.22656
1533209195.869,,4.22656
1533209195.932,9578.34,
1533209196.298,,4.22656
1533209196.392,9578.34,
1533209196.801,,4.22656
1533209196.870,9578.34,
1533209197.292,,4.22656
1533209197.351,9585.960000000001,
1533209197.842,9585.960000000001,
1533209197.898,,4.22656
1533209198.332,,4.22656
1533209198.367,9585.960000000001,
1533209198.754,,4.22656
1533209198.858,9585.960000000001,
1533209199.233,,4.22656
1533209199.255,,4.22656
1533209199.377,9593.58,
1533209199.505,9509.76,
1533209199.639,,4.22656
1533209199.703,,4.22656
1533209199.842,9593.58,
1533209200.104,,4.22656
1533209200.214,,4.22656
1533209200.214,9517.380000000001,
1533209200.297,9525.0,
1533209200.358,,4.22656
1533209200.358,9525.0,
1533209200.447,9593.58,
1533209200.536,,4.22656
1533209200.539,9540.24,
1533209200.952,9593.58,
1533209201.102,,4.22656
1533209201.380,9601.2,
1533209201.531,,4.22656
1533209201.934,9601.2,
1533209202.081,,4.22656
1533209202.465,9601.2,
1533209202.584,,4.22656
1533209202.992,9608.82,
1533209203.065,,4.22656
1533209203.539,9593.58,
1533209203.540,,4.22656
1533209203.568,9608.82,
1533209203.621,,4.22656
1533209204.085,,4.22656
1533209204.131,9608.82,
1533209204.662,,4.22656
1533209204.687,9608.82,
1533209205.093,,4.22656
1533209205.183,9616.44,
1533209205.648,9616.44,
1533209205.710,,4.22656
1533209206.078,9616.44,
1533209206.282,,4.22656
1533209206.590,9616.44,
1533209206.736,9616.44,
1533209206.786,,4.22656
1533209207.017,9624.060000000001,
1533209207.232,,4.22656
1533209207.591,9624.060000000001,
1533209207.788,,4.22656
1533209207.991,9624.060000000001,
1533209208.269,,4.22656
1533209208.567,9624.060000000001,
1533209208.695,,4.22656
1533209209.128,9631.68,
1533209209.205,,4.22656
1533209209.486,9624.060000000001,
1533209209.716,,4.22656
1533209209.721,9631.68,
1533209210.124,,4.22656
1533209210.176,9631.68,
1533209210.719,,4.22656
1533209210.737,9639.300000000001,
1533209211.228,9639.300000000001,
1533209211.247,,4.22656
1533209211.737,9639.300000000001,
1533209211.838,,4.22656
1533209212.250,,4.22656
1533209212.322,9639.300000000001,
1533209212.783,,4.22656
1533209212.926,9646.92,
1533209213.258,,4.22656
1533209213.351,9646.92,
1533209213.752,9646.92,
1533209213.831,,3.90144
1533209214.160,9646.92,
1533209214.380,,3.90144
1533209214.619,9654.54,
1533209214.795,,3.90144
1533209215.193,9654.54,
1533209215.274,,3.90144
1533209215.613,9654.54,
1533209215.814,,3.90144
1533209216.130,9654.54,
1533209216.379,,3.90144
1533209216.549,9662.16,
1533209216.793,,3.90144
1533209217.101,9662.16,
1533209217.245,,3.90144
1533209217.579,9662.16,
1533209217.709,,3.90144
1533209218.089,9662.16,
1533209218.267,,3.90144
1533209218.537,9669.78,
1533209218.747,,3.90144
1533209219.080,9669.78,
1533209219.158,,3.90144
1533209219.637,9669.78,
1533209219.760,,3.90144
1533209220.193,9669.78,
1533209220.267,,3.90144
1533209220.736,9677.4,
1533209220.811,,3.90144
1533209221.251,9677.4,
1533209221.251,,3.90144
1533209221.762,9677.4,
1533209221.762,,4.22656
1533209222.197,,4.22656
1533209222.342,9677.4,
1533209222.799,,3.90144
1533209222.840,9685.02,
1533209223.243,,3.90144
1533209223.245,9685.02,
1533209223.832,,3.90144
1533209223.854,9685.02,
1533209224.267,9692.640000000001,
1533209224.309,,3.90144
1533209224.784,,3.90144
1533209224.860,9692.640000000001,
1533209225.195,,3.90144
1533209225.420,9692.640000000001,
1533209225.774,,3.90144
1533209226.290,,3.90144
1533209226.569,9700.26,
1533209226.848,,3.90144
1533209227.159,9700.26,
1533209227.321,,3.90144
1533209227.573,9700.26,
1533209227.722,,3.90144
1533209228.128,9700.26,
1533209228.267,,3.90144
1533209228.638,9707.880000000001,
1533209228.846,,3.90144
1533209229.180,9707.880000000001,
1533209229.200,,3.90144
1533209229.328,,3.90144
1533209229.719,9707.880000000001,
1533209229.807,,3.90144
1533209230.194,9707.880000000001,
1533209230.303,,3.90144
1533209230.736,9715.5,
1533209230.866,,3.90144
1533209231.294,9715.5,
1533209231.377,,3.90144
1533209231.787,,3.90144
1533209231.807,9715.5,
1533209232.247,9715.5,
1533209232.375,,3.90144
1533209232.706,9723.12,
1533209232.859,,3.90144
1533209233.243,9723.12,
1533209233.281,,3.90144
1533209233.782,,3.90144
1533209233.818,9723.12,
1533209234.248,,3.90144
1533209234.421,9730.74,
1533209234.715,,3.90144
1533209234.914,9730.74,
1533209235.253,,3.90144
1533209235.433,9730.74,
1533209235.661,,3.90144
1533209235.968,9730.74,
1533209236.255,,3.90144
1533209236.438,9738.36,
1533209236.775,9730.74,
1533209236.796,,3.90144
1533209236.976,9738.36,
1533209237.392,9738.36,
1533209237.413,,3.90144
1533209237.821,9738.36,
1533209237.821,,3.90144
1533209237.957,9738.36,
1533209238.439,,3.90144
1533209238.562,9745.980000000001,
1533209238.958,,3.90144
1533209239.126,9745.980000000001,
1533209239.459,,3.90144
1533209239.561,9745.980000000001,
1533209240.048,,3.90144
1533209240.094,9745.980000000001,
1533209240.459,,3.90144
1533209240.509,9753.6,
1533209241.051,,3.90144
1533209241.051,9753.6,
1533209241.482,9753.6,
1533209241.534,,4.22656
1533209241.922,9753.6,
1533209241.965,,4.22656
1533209242.003,9753.6,
1533209242.377,9761.220000000001,
1533209242.499,,4.22656
1533209242.884,9761.220000000001,
1533209242.985,,4.22656
1533209243.333,9761.220000000001,
1533209243.552,,4.22656
1533209243.927,9761.220000000001,
1533209243.964,,4.22656
1533209244.353,9761.220000000001,
1533209244.374,9768.84,
1533209244.401,,4.22656
1533209244.879,9768.84,
1533209244.904,,4.22656
1533209245.390,9768.84,
1533209245.469,,4.22656
1533209245.877,9776.460000000001,
1533209245.992,9768.84,
1533209245.992,,4.22656
1533209246.404,9776.460000000001,
1533209246.587,,4.22656
1533209246.852,9776.460000000001,
1533209247.086,,4.22656
1533209247.293,9776.460000000001,
1533209247.499,,4.22656
1533209247.839,9784.08,
1533209247.915,,4.22656
1533209248.298,9784.08,
1533209248.387,,4.22656
1533209248.870,9784.08,
1533209248.932,,4.22656
1533209249.398,9784.08,
1533209249.490,,4.22656
1533209249.920,9791.7,
1533209249.951,,4.22656
1533209250.360,9791.7,
1533209250.417,,4.22656
1533209250.800,9791.7,
1533209251.065,,4.22656
1533209251.310,9791.7,
1533209251.598,,4.22656
1533209251.767,9799.32,
1533209252.045,,4.22656
1533209252.187,9799.32,
1533209252.462,,4.22656
1533209252.759,9799.32,
1533209253.027,,4.22656
1533209253.271,9799.32,
1533209253.599,,4.22656
1533209253.811,9806.94,
1533209254.019,,4.22656
1533209254.356,9806.94,
1533209254.548,,3.90144
1533209254.927,9806.94,
1533209254.981,,3.90144
1533209255.461,9814.560000000001,
1533209255.511,,3.90144
1533209255.926,,3.90144
1533209256.031,9814.560000000001,
1533209256.399,,3.90144
1533209256.529,9814.560000000001,
1533209256.578,9814.560000000001,
1533209256.804,,3.90144
1533209257.074,9814.560000000001,
1533209257.219,,3.90144
1533209257.561,9822.18,
1533209257.769,,3.90144
1533209257.947,,3.90144
1533209258.016,9822.18,
1533209258.170,,3.90144
1533209258.502,9822.18,
1533209258.682,,3.90144
1533209259.066,9822.18,
1533209259.087,,3.90144
1533209259.525,9829.800000000001,
1533209259.579,,3.90144
1533209259.992,,3.90144
1533209260.069,9829.800000000001,
1533209260.517,,3.90144
1533209260.569,9829.800000000001,
1533209261.038,,3.90144
1533209261.057,9829.800000000001,
1533209261.592,,3.90144
1533209261.651,9837.42,
1533209262.134,9837.42,
1533209262.221,,3.90144
1533209262.646,9837.42,
1533209262.775,,3.90144
1533209263.209,9837.42,
1533209263.265,,3.90144
1533209263.673,,3.90144
1533209263.690,9845.04,
1533209264.182,,3.90144
1533209264.237,9845.04,
1533209264.609,,3.90144
1533209264.759,9845.04,
1533209265.041,,3.90144
1533209265.308,9852.66,
1533209265.454,,3.90144
1533209265.881,9852.66,
1533209265.963,,3.90144
1533209266.339,9852.66,
1533209266.377,,3.90144
1533209266.777,9852.66,
1533209266.864,,3.90144
1533209267.273,9852.66,
1533209267.401,,3.90144
1533209267.705,9860.28,
1533209267.939,,3.90144
1533209268.284,9860.28,
1533209268.393,,3.90144
1533209268.687,9860.28,
1533209268.969,,3.90144
1533209269.203,9860.28,
1533209269.541,,3.90144
1533209269.714,9867.9,
1533209270.076,,3.90144
1533209270.228,9867.9,
1533209270.587,9867.9,
1533209270.625,,3.90144
1533209270.688,9867.9,
1533209271.202,,3.90144
1533209271.272,9867.9,
1533209271.844,9875.52,
1533209272.117,,3.90144
1533209272.437,9875.52,
1533209272.603,,4.22656
1533209273.041,9875.52,
1533209273.082,,4.22656
1533209273.603,9883.140000000001,
1533209273.679,,4.55168
1533209274.083,9883.140000000001,
1533209274.264,,4.55168
1533209274.345,9883.140000000001,
1533209274.472,9883.140000000001,
1533209274.701,,4.55168
1533209274.934,9883.140000000001,
1533209275.262,,4.55168
1533209275.413,9890.76,
1533209275.803,,4.55168
1533209276.074,9890.76,
1533209276.399,,4.55168
1533209276.579,9890.76,
1533209276.859,,4.22656
1533209277.096,9898.380000000001,
1533209277.401,,4.22656
1533209277.602,9898.380000000001,
1533209278.039,9898.380000000001,
1533209278.084,,4.22656
1533209278.181,9898.380000000001,
1533209278.486,,4.22656
1533209278.754,9906.0,
1533209279.048,,4.22656
1533209279.303,9906.0,
1533209279.592,,3.90144
1533209279.745,9906.0,
1533209280.153,,3.90144
1533209280.429,9906.0,
1533209280.655,,3.90144
1533209280.873,9913.62,
1533209281.296,,3.90144
1533209281.490,9913.62,
1533209281.688,9913.62,
1533209281.718,,3.90144
1533209281.925,9913.62,
1533209281.992,,3.90144
1533209282.359,9913.62,
1533209282.393,,3.90144
1533209282.576,9913.62,
1533209282.888,,3.90144
1533209282.923,9921.24,
1533209283.304,,3.90144
1533209283.456,9921.24,
1533209283.810,,4.22656
1533209283.980,9921.24,
1533209284.352,,4.22656
1533209284.580,9921.24,
1533209284.885,,4.22656
1533209284.983,9928.86,
1533209285.340,,4.22656
1533209285.473,9928.86,
1533209285.932,,4.22656
1533209286.014,9928.86,
1533209286.476,9936.480000000001,
1533209286.501,,4.22656
1533209287.064,9936.480000000001,
1533209287.090,,4.22656
1533209287.523,,4.22656
1533209287.604,9936.480000000001,
1533209288.036,,4.22656
1533209288.087,9936.480000000001,
1533209288.579,,3.90144
1533209288.719,9944.1,
1533209288.983,,3.90144
1533209289.132,9944.1,
1533209289.436,,3.90144
1533209289.599,9944.1,
1533209290.008,,3.90144
1533209290.089,9944.1,
1533209290.574,9951.720000000001,
1533209290.599,,3.90144
1533209291.058,,3.90144
1533209291.063,9951.720000000001,
1533209291.592,9951.720000000001,
1533209291.636,,3.90144
1533209292.052,,3.90144
1533209292.052,9951.720000000001,
1533209292.551,9959.34,
1533209292.551,,3.90144
1533209293.063,,3.90144
1533209293.117,9959.34,
1533209293.577,9959.34,
1533209293.625,,3.90144
1533209294.086,,3.90144
1533209294.112,9959.34,
1533209294.548,,3.90144
1533209294.548,9966.960000000001,
1533209295.041,,3.90144
1533209295.078,9966.960000000001,
1533209295.483,,3.90144
1533209295.694,9966.960000000001,
1533209296.029,,3.90144
1533209296.150,9966.960000000001,
1533209296.569,,4.22656
1533209296.696,9974.58,
1533209297.130,,4.22656
1533209297.142,9974.58,
1533209297.601,9974.58,
1533209297.715,,4.22656
1533209298.158,,4.22656
1533209298.192,9974.58,
1533209298.606,9982.2,
1533209298.684,,4.22656
1533209299.175,9982.2,
1533209299.197,,4.22656
1533209299.628,,4.22656
1533209299.751,9982.2,
1533209300.093,,4.22656
1533209300.139,9982.2,
1533209300.545,9989.82,
1533209300.669,,4.22656
1533209300.960,9989.82,
1533209301.131,,4.22656
1533209301.461,9989.82,
1533209301.641,,4.22656
1533209301.920,9989.82,
1533209302.112,9989.82,
1533209302.113,,4.22656
1533209302.114,9989.82,
1533209302.500,9997.44,
1533209302.608,,4.22656
1533209302.947,9997.44,
1533209302.958,9997.44,
1533209303.094,,4.22656
1533209303.467,9997.44,
1533209303.594,,3.90144
1533209303.797,9997.44,
1533209304.120,,3.90144
1533209304.348,10005.060000000001,
1533209304.646,,3.90144
1533209304.775,10005.060000000001,
1533209305.080,,3.90144
1533209305.263,10005.060000000001,
1533209305.482,,3.90144
1533209305.754,10005.060000000001,
1533209306.077,,3.90144
1533209306.200,10012.68,
1533209306.512,,3.90144
1533209306.611,10012.68,
1533209307.036,,3.90144
1533209307.061,10012.68,
1533209307.521,10012.68,
1533209307.598,,3.90144
1533209307.957,10012.68,
1533209308.056,,3.90144
1533209308.457,10020.300000000001,
1533209308.521,,3.90144
1533209308.874,10020.300000000001,
1533209308.947,,3.90144
1533209309.396,10020.300000000001,
1533209309.528,,3.90144
1533209309.934,10020.300000000001,
1533209310.090,,3.90144
1533209310.418,10027.92,
1533209310.616,,3.90144
1533209310.947,10027.92,
1533209311.160,,3.90144
1533209311.232,10027.92,
1533209311.490,10027.92,
1533209311.585,10027.92,
1533209311.612,,3.90144
1533209311.969,10035.54,
1533209312.022,,3.90144
1533209312.384,10035.54,
1533209312.578,,4.22656
1533209312.820,10035.54,
1533209313.129,,4.22656
1533209313.402,10035.54,
1533209313.638,,4.22656
1533209313.927,10043.16,
1533209314.073,,4.22656
1533209314.398,10043.16,
1533209314.507,,4.22656
1533209314.866,10043.16,
1533209315.013,,4.22656
1533209315.337,10043.16,
1533209315.515,,4.22656
1533209315.903,10050.78,
1533209316.077,,4.22656
1533209316.431,10050.78,
1533209316.514,,4.22656
1533209316.899,10050.78,
1533209317.027,,4.22656
1533209317.507,10058.4,
1533209317.546,,4.22656
1533209317.975,10058.4,
1533209318.123,,4.22656
1533209318.452,10058.4,
1533209318.624,,4.22656
1533209318.882,10058.4,
1533209319.217,,4.22656
1533209319.297,10058.4,
1533209319.690,,3.90144
1533209319.793,10066.02,
1533209320.129,,3.90144
1533209320.152,10058.4,
1533209320.284,10066.02,
1533209320.698,,3.90144
1533209320.724,10066.02,
1533209321.213,10073.640000000001,
1533209321.226,,3.90144
1533209321.686,10073.640000000001,
1533209321.769,,3.90144
1533209322.218,10073.640000000001,
1533209322.278,,3.90144
1533209322.656,10073.640000000001,
1533209322.685,,3.90144
1533209323.146,,3.90144
1533209323.245,10081.26,
1533209323.607,,3.90144
1533209323.786,10081.26,
1533209324.017,,3.90144
1533209324.239,10081.26,
1533209324.435,,3.90144
1533209324.693,10081.26,
1533209324.973,,3.90144
1533209325.183,10081.26,
1533209325.415,,3.90144
1533209325.639,10088.880000000001,
1533209325.987,,3.90144
1533209326.175,10088.880000000001,
1533209326.484,,3.90144
1533209326.732,10088.880000000001,
1533209326.847,10081.26,
1533209327.037,,3.90144
1533209327.318,10096.5,
1533209327.561,,3.90144
1533209327.768,10096.5,
1533209328.072,,3.90144
1533209328.368,10096.5,
1533209328.699,,3.90144
1533209328.811,10096.5,
1533209329.203,,3.90144
1533209329.238,10104.12,
1533209329.682,,3.90144
1533209329.707,10104.12,
1533209330.203,,3.90144
1533209330.246,10104.12,
1533209330.623,,3.90144
1533209330.838,10104.12,
1533209331.150,,3.90144
1533209331.453,10111.74,
1533209331.719,,3.90144
1533209331.938,10111.74,
1533209332.197,,3.90144
1533209332.493,10111.74,
1533209332.786,,3.90144
1533209333.023,10111.74,
1533209333.252,,3.90144
1533209333.517,10119.36,
1533209333.777,,3.90144
1533209333.971,10119.36,
1533209334.213,,3.90144
1533209334.571,10119.36,
1533209334.665,,3.5763200000000004
1533209335.033,10119.36,
1533209335.242,,3.5763200000000004
1533209335.546,10126.980000000001,
1533209335.597,10119.36,
1533209335.673,,3.5763200000000004
1533209336.045,10126.980000000001,
1533209336.179,,3.5763200000000004
1533209336.543,10126.980000000001,
1533209336.609,,3.5763200000000004
1533209336.953,10126.980000000001,
1533209337.011,,3.5763200000000004
1533209337.439,10126.980000000001,
1533209337.598,,3.5763200000000004
1533209337.879,10134.6,
1533209338.141,,3.5763200000000004
1533209338.441,10134.6,
1533209338.697,,3.5763200000000004
1533209338.933,10134.6,
1533209339.218,,3.5763200000000004
1533209339.322,10134.6,
1533209339.683,,3.5763200000000004
1533209339.787,10142.220000000001,
1533209340.146,,3.5763200000000004
1533209340.249,10142.220000000001,
1533209340.740,,3.5763200000000004
1533209340.767,10142.220000000001,
1533209341.157,10134.6,
1533209341.169,10142.220000000001,
1533209341.185,,3.5763200000000004
1533209341.583,10142.220000000001,
1533209341.639,,3.5763200000000004
1533209341.639,10134.6,
1533209341.714,,3.2512000000000003
1533209342.026,10142.220000000001,
1533209342.273,,3.2512000000000003
1533209342.513,10149.84,
1533209342.859,,3.2512000000000003
1533209343.077,10149.84,
1533209343.289,,3.2512000000000003
1533209343.572,10149.84,
1533209343.694,10149.84,
1533209343.699,,3.2512000000000003
1533209344.116,,3.2512000000000003
1533209344.136,10149.84,
1533209344.580,10149.84,
1533209344.697,,3.2512000000000003
1533209344.705,10157.460000000001,
1533209345.248,,3.2512000000000003
1533209345.268,10157.460000000001,
1533209345.748,,3.2512000000000003
1533209346.210,,3.2512000000000003
1533209346.234,10157.460000000001,
1533209346.663,,3.2512000000000003
1533209346.755,10165.08,
1533209347.135,,3.2512000000000003
1533209347.339,10165.08,
1533209347.613,,3.2512000000000003
1533209347.830,10165.08,
1533209348.017,,3.2512000000000003
1533209348.234,10165.08,
1533209348.476,,3.2512000000000003
1533209348.725,10165.08,
1533209348.980,,3.2512000000000003
1533209349.287,10172.7,
1533209349.489,,3.2512000000000003
1533209349.755,10172.7,
1533209350.067,,3.2512000000000003
1533209350.333,10172.7,
1533209350.647,,3.2512000000000003
1533209350.810,10172.7,
1533209351.131,,3.2512000000000003
1533209351.333,10172.7,
1533209351.556,,3.2512000000000003
1533209351.948,10180.32,
1533209351.977,,3.2512000000000003
1533209352.431,10180.32,
1533209352.545,,3.2512000000000003
1533209352.961,10180.32,
1533209353.074,,3.2512000000000003
1533209353.514,,3.2512000000000003
1533209353.538,10180.32,
1533209354.048,10187.94,
1533209354.072,,3.2512000000000003
1533209354.497,10187.94,
1533209354.611,,3.5763200000000004
1533209355.036,10187.94,
1533209355.136,,3.5763200000000004
1533209355.538,10187.94,
1533209355.702,,3.5763200000000004
1533209356.281,,3.5763200000000004
1533209356.681,10195.560000000001,
1533209356.838,,3.5763200000000004
1533209357.131,10195.560000000001,
1533209357.381,,3.5763200000000004
1533209357.578,10195.560000000001,
1533209357.853,,3.5763200000000004
1533209358.026,10195.560000000001,
1533209358.273,,3.5763200000000004
1533209358.443,10195.560000000001,
1533209358.537,10203.18,
1533209358.828,,3.5763200000000004
1533209358.889,10187.94,
1533209358.902,,3.2512000000000003
1533209358.927,10195.560000000001,
1533209359.117,10203.18,
1533209359.424,,3.2512000000000003
1533209359.562,10203.18,
1533209359.832,,3.2512000000000003
1533209360.107,10203.18,
1533209360.240,,3.2512000000000003
1533209360.626,10203.18,
1533209360.698,,3.2512000000000003
1533209361.120,10210.800000000001,
1533209361.202,,3.2512000000000003
1533209361.647,10210.800000000001,
1533209361.719,,3.2512000000000003
1533209362.082,10210.800000000001,
1533209362.206,,3.2512000000000003
1533209362.646,10210.800000000001,
1533209362.696,,3.2512000000000003
1533209363.103,10218.42,
1533209363.253,,3.2512000000000003
1533209363.533,10218.42,
1533209363.742,,2.9260800000000002
1533209364.050,10218.42,
1533209364.339,,2.9260800000000002
1533209364.455,,3.2512000000000003
1533209364.601,10218.42,
1533209364.896,,2.9260800000000002
1533209365.063,10218.42,
1533209365.074,10218.42,
1533209365.437,,2.9260800000000002
1533209365.512,10218.42,
1533209365.938,10226.04,
1533209365.996,,2.9260800000000002
1533209366.414,,2.9260800000000002
1533209366.506,10226.04,
1533209366.896,,2.9260800000000002
1533209366.973,,3.2512000000000003
1533209367.054,10226.04,
1533209367.417,,2.9260800000000002
1533209367.642,10226.04,
1533209367.885,,2.9260800000000002
1533209368.066,10226.04,
1533209368.457,,2.9260800000000002
1533209368.576,10233.66,
1533209368.910,,2.9260800000000002
1533209368.986,10233.66,
1533209369.227,10218.42,
1533209369.434,,2.9260800000000002
1533209369.581,10233.66,
1533209369.901,,2.9260800000000002
1533209370.162,10233.66,
1533209370.315,,2.9260800000000002
1533209370.591,10233.66,
1533209370.755,,2.9260800000000002
1533209371.010,10233.66,
1533209371.171,10226.04,
1533209371.176,,2.9260800000000002
1533209371.437,10226.04,
1533209371.536,10241.28,
1533209371.703,10233.66,
1533209371.723,,2.9260800000000002
1533209371.985,10241.28,
1533209372.316,,2.9260800000000002
1533209372.389,10241.28,
1533209372.750,,2.9260800000000002
1533209372.985,10241.28,
1533209373.189,,2.9260800000000002
1533209373.240,10233.66,
1533209373.446,10241.28,
1533209373.679,,2.9260800000000002
1533209373.942,10248.9,
1533209374.156,,2.9260800000000002
1533209374.370,10248.9,
1533209374.728,,2.9260800000000002
1533209374.806,10248.9,
1533209375.221,10248.9,
1533209375.265,,2.9260800000000002
1533209375.716,10248.9,
1533209375.786,,2.9260800000000002
1533209376.132,,2.9260800000000002
1533209376.153,10248.9,
1533209376.695,10256.52,
1533209376.717,,2.9260800000000002
1533209377.156,,2.9260800000000002
1533209377.173,10256.52,
1533209377.733,,2.9260800000000002
1533209377.749,10256.52,
1533209378.260,,2.9260800000000002
1533209378.301,10256.52,
1533209378.820,,2.9260800000000002
1533209378.904,10264.140000000001,
1533209379.264,,2.9260800000000002
1533209379.296,,2.9260800000000002
1533209379.335,10264.140000000001,
1533209379.430,10264.140000000001,
1533209379.788,,2.9260800000000002
1533209379.985,10264.140000000001,
1533209380.170,,2.9260800000000002
1533209380.382,10264.140000000001,
1533209380.590,,2.9260800000000002
1533209380.924,10264.140000000001,
1533209381.018,,2.9260800000000002
1533209381.443,10264.140000000001,
1533209381.557,,2.9260800000000002
1533209381.882,10271.76,
1533209382.082,,2.9260800000000002
1533209382.367,10271.76,
1533209382.494,,2.9260800000000002
1533209382.873,10271.76,
1533209382.959,,2.9260800000000002
1533209383.408,10271.76,
1533209383.513,,2.9260800000000002
1533209383.926,,2.9260800000000002
1533209383.975,10271.76,
1533209384.422,,2.9260800000000002
1533209384.479,10279.380000000001,
1533209384.775,,2.9260800000000002
1533209384.945,10279.380000000001,
1533209385.350,,2.9260800000000002
1533209385.381,10279.380000000001,
1533209385.758,,2.9260800000000002
1533209385.981,10279.380000000001,
1533209386.218,,2.9260800000000002
1533209386.573,10279.380000000001,
1533209386.727,,2.9260800000000002
1533209387.033,10287.0,
1533209387.328,,2.9260800000000002
1533209387.460,10287.0,
1533209387.821,,2.9260800000000002
1533209387.971,10287.0,
1533209388.333,,2.9260800000000002
1533209388.479,10287.0,
1533209388.825,10241.28,
1533209388.838,,2.9260800000000002
1533209389.092,10287.0,
1533209389.372,,2.9260800000000002
1533209389.585,10294.62,
1533209389.805,,2.9260800000000002
1533209390.080,10294.62,
1533209390.403,,2.9260800000000002
1533209390.622,10294.62,
1533209390.844,,2.9260800000000002
1533209391.194,10294.62,
1533209391.429,,2.9260800000000002
1533209391.779,10294.62,
1533209391.863,,2.9260800000000002
1533209392.234,10302.24,
1533209392.424,,2.9260800000000002
1533209392.650,10302.24,
1533209392.871,,2.9260800000000002
1533209393.209,10302.24,
1533209393.434,,2.9260800000000002
1533209393.668,10302.24,
1533209393.997,,2.9260800000000002
1533209394.173,10302.24,
1533209394.451,,2.9260800000000002
1533209394.575,10302.24,
1533209394.859,10248.9,
1533209394.992,,2.9260800000000002
1533209394.994,10248.9,
1533209395.048,,2.9260800000000002
1533209395.065,10309.86,
1533209395.203,10256.52,
1533209395.454,10271.76,
1533209395.536,10309.86,
1533209395.565,,2.9260800000000002
1533209395.588,10279.380000000001,
1533209395.612,10279.380000000001,
1533209395.640,10279.380000000001,
1533209395.689,,2.9260800000000002
1533209395.804,10287.0,
1533209395.872,10294.62,
1533209395.933,10294.62,
1533209395.971,10309.86,
1533209395.972,,2.9260800000000002
1533209396.022,10302.24,
1533209396.142,10309.86,
1533209396.442,10309.86,
1533209396.573,,2.9260800000000002
1533209397.027,10309.86,
1533209397.055,,2.9260800000000002
1533209397.135,,2.9260800000000002
1533209397.507,10317.480000000001,
1533209397.551,,2.9260800000000002
1533209397.896,10294.62,
1533209397.945,,3.2512000000000003
1533209398.047,10317.480000000001,
1533209398.477,,3.2512000000000003
1533209398.527,10317.480000000001,
1533209398.907,,3.2512000000000003
1533209398.986,10317.480000000001,
1533209399.392,,3.2512000000000003
1533209399.495,10317.480000000001,
1533209399.982,,2.9260800000000002
1533209400.010,,2.9260800000000002
1533209400.071,10325.1,
1533209400.556,,2.9260800000000002
1533209400.613,10325.1,
1533209401.109,,2.9260800000000002
1533209401.167,10325.1,
1533209401.661,,2.9260800000000002
1533209401.697,10325.1,
1533209402.212,,2.9260800000000002
1533209402.290,10325.1,
1533209402.654,,2.9260800000000002
1533209402.848,10332.720000000001,
1533209403.251,,2.9260800000000002
1533209403.448,10332.720000000001,
1533209403.818,,2.9260800000000002
1533209404.033,10332.720000000001,
1533209404.289,,2.9260800000000002
1533209404.488,10332.720000000001,
1533209404.723,,2.9260800000000002
1533209405.091,10332.720000000001,
1533209405.219,,2.9260800000000002
1533209405.536,10340.34,
1533209405.675,,2.9260800000000002
1533209406.075,10340.34,
1533209406.102,,2.9260800000000002
1533209406.541,10340.34,
1533209406.601,,2.9260800000000002
1533209407.073,10340.34,
1533209407.092,,2.9260800000000002
1533209407.551,,2.9260800000000002
1533209407.589,10340.34,
1533209408.070,,2.9260800000000002
1533209408.084,10347.960000000001,
1533209408.555,10347.960000000001,
1533209408.629,,2.9260800000000002
1533209409.020,10347.960000000001,
1533209409.079,,2.9260800000000002
1533209409.534,,2.9260800000000002
1533209409.608,10347.960000000001,
1533209410.002,,2.9260800000000002
1533209410.212,10347.960000000001,
1533209410.415,,2.9260800000000002
1533209410.672,10355.58,
1533209410.939,,2.9260800000000002
1533209411.112,10355.58,
1533209411.410,,2.9260800000000002
1533209411.687,10355.58,
1533209411.936,,2.9260800000000002
1533209412.255,10355.58,
1533209412.346,,2.9260800000000002
1533209412.763,,2.9260800000000002
1533209412.794,10355.58,
1533209413.257,,2.9260800000000002
1533209413.317,10363.2,
1533209413.780,,2.9260800000000002
1533209413.851,10363.2,
1533209414.237,,2.9260800000000002
1533209414.301,10363.2,
1533209414.766,,2.9260800000000002
1533209414.861,10363.2,
1533209414.869,10363.2,
1533209415.311,,2.9260800000000002
1533209415.387,10363.2,
1533209415.794,,2.9260800000000002
1533209415.869,10370.82,
1533209416.278,10370.82,
1533209416.357,,2.9260800000000002
1533209416.769,10370.82,
1533209416.835,,2.9260800000000002
1533209417.251,,2.9260800000000002
1533209417.349,10370.82,
1533209417.697,,2.9260800000000002
1533209417.852,10370.82,
1533209418.293,10378.44,
1533209418.296,,2.9260800000000002
1533209418.738,,2.9260800000000002
1533209418.853,10378.44,
1533209419.262,,2.9260800000000002
1533209419.415,10378.44,
1533209419.714,,2.9260800000000002
1533209419.856,10378.44,
1533209420.233,,2.9260800000000002
1533209420.328,10378.44,
1533209420.713,,2.9260800000000002
1533209420.805,10386.060000000001,
1533209421.146,,2.9260800000000002
1533209421.243,10386.060000000001,
1533209421.583,,2.9260800000000002
1533209421.731,10386.060000000001,
1533209422.193,,2.9260800000000002
1533209422.234,10386.060000000001,
1533209422.706,,2.9260800000000002
1533209422.745,10386.060000000001,
1533209423.192,,2.9260800000000002
1533209423.264,10386.060000000001,
1533209423.598,,2.9260800000000002
1533209423.817,10393.68,
1533209424.076,,2.9260800000000002
1533209424.308,10393.68,
1533209424.656,,2.9260800000000002
1533209424.782,10393.68,
1533209425.189,,2.9260800000000002
1533209425.213,10393.68,
1533209425.611,,2.9260800000000002
1533209425.632,10393.68,
1533209426.118,,2.9260800000000002
1533209426.215,10401.300000000001,
1533209426.674,,2.9260800000000002
1533209426.674,10401.300000000001,
1533209427.092,,2.9260800000000002
1533209427.229,10401.300000000001,
1533209427.609,,2.9260800000000002
1533209427.757,10401.300000000001,
1533209428.021,,2.9260800000000002
1533209428.339,10401.300000000001,
1533209428.446,,2.9260800000000002
1533209428.841,10408.92,
1533209428.931,,2.9260800000000002
1533209429.338,10408.92,
1533209429.476,,2.9260800000000002
1533209429.903,10408.92,
1533209430.005,,2.9260800000000002
1533209430.338,10408.92,
1533209430.517,,2.9260800000000002
1533209430.950,10408.92,
1533209430.985,,2.60096
1533209431.147,10408.92,
1533209431.418,,2.60096
1533209431.460,10408.92,
1533209431.909,10408.92,
1533209431.927,10416.54,
1533209432.025,,2.60096
1533209432.321,10416.54,
1533209432.485,,2.60096
1533209432.799,10416.54,
1533209433.000,,2.60096
1533209433.306,10416.54,
1533209433.551,,2.60096
1533209433.782,10416.54,
1533209434.025,,2.60096
1533209434.365,10416.54,
1533209434.518,,2.60096
1533209434.745,10424.16,
1533209434.919,,2.60096
1533209435.307,10424.16,
1533209435.487,,2.60096
1533209435.867,10424.16,
1533209436.052,,2.9260800000000002
1533209436.401,10424.16,
1533209436.548,,2.9260800000000002
1533209436.880,10424.16,
1533209437.062,,2.9260800000000002
1533209437.359,10431.78,
1533209437.614,,2.9260800000000002
1533209437.799,10431.78,
1533209438.143,,2.9260800000000002
1533209438.214,10431.78,
1533209438.622,,2.9260800000000002
1533209438.652,10431.78,
1533209439.105,10431.78,
1533209439.181,,2.9260800000000002
1533209439.539,10431.78,
1533209439.639,,2.9260800000000002
1533209440.020,10439.4,
1533209440.221,,2.9260800000000002
1533209440.482,10439.4,
1533209440.675,,2.60096
1533209440.715,,2.9260800000000002
1533209440.858,10439.4,
1533209441.091,,2.60096
1533209441.383,10439.4,
1533209441.687,,2.60096
1533209441.956,10439.4,
1533209442.220,,2.60096
1533209442.399,10439.4,
1533209442.786,,2.60096
1533209442.916,10447.02,
1533209443.304,10447.02,
1533209443.371,,2.60096
1533209443.749,10447.02,
1533209443.832,,2.60096
1533209444.205,10447.02,
1533209444.374,,2.60096
1533209444.617,10447.02,
1533209444.783,,2.60096
1533209445.163,10447.02,
1533209445.262,,2.60096
1533209445.639,10447.02,
1533209445.858,,2.60096
1533209446.138,10454.640000000001,
1533209446.266,,2.60096
1533209446.679,10454.640000000001,
1533209446.706,,2.60096
1533209447.190,10454.640000000001,
1533209447.266,,2.60096
1533209447.683,10454.640000000001,
1533209447.699,,2.60096
1533209448.258,,2.60096
1533209448.269,10454.640000000001,
1533209448.659,,2.60096
1533209448.798,10454.640000000001,
1533209449.206,10462.26,
1533209449.226,,2.60096
1533209449.650,10462.26,
1533209449.777,,2.60096
1533209450.197,10462.26,
1533209450.347,,2.60096
1533209450.579,10462.26,
1533209450.754,,2.9260800000000002
1533209451.162,10462.26,
1533209451.307,,2.9260800000000002
1533209451.755,,2.9260800000000002
1533209451.786,10462.26,
1533209452.349,10469.880000000001,
1533209452.349,,2.9260800000000002
1533209452.833,10469.880000000001,
1533209452.875,,2.9260800000000002
1533209453.376,,2.9260800000000002
1533209453.385,10469.880000000001,
1533209453.786,,2.9260800000000002
1533209453.968,10469.880000000001,
1533209454.284,,2.9260800000000002
1533209454.495,10469.880000000001,
1533209454.773,,2.9260800000000002
1533209455.068,10477.5,
1533209455.300,,2.9260800000000002
1533209455.618,10477.5,
1533209455.707,,2.9260800000000002
1533209455.760,,2.9260800000000002
1533209456.095,10477.5,
1533209456.289,,2.9260800000000002
1533209456.661,10477.5,
1533209456.856,,2.9260800000000002
1533209457.102,10477.5,
1533209457.365,,2.9260800000000002
1533209457.541,10485.12,
1533209457.958,,2.9260800000000002
1533209458.014,10485.12,
1533209458.486,,2.9260800000000002
1533209458.612,10485.12,
1533209459.012,,2.9260800000000002
1533209459.131,10485.12,
1533209459.584,,2.9260800000000002
1533209459.737,10485.12,
1533209460.086,,2.60096
1533209460.283,10485.12,
1533209460.689,,2.9260800000000002
1533209460.692,10492.74,
1533209461.143,10492.74,
1533209461.144,,2.9260800000000002
1533209461.576,10492.74,
1533209461.604,,2.9260800000000002
1533209462.149,10492.74,
1533209462.193,,2.9260800000000002
1533209462.591,10492.74,
1533209462.726,,2.9260800000000002
1533209463.157,10500.36,
1533209463.172,,2.9260800000000002
1533209463.698,,2.9260800000000002
1533209463.720,10500.36,
1533209464.132,10500.36,
1533209464.235,,2.9260800000000002
1533209464.711,,2.60096
1533209465.034,10500.36,
1533209465.123,,2.60096
1533209465.623,,2.9260800000000002
1533209465.632,10500.36,
1533209466.128,,2.9260800000000002
1533209466.155,10507.980000000001,
1533209466.545,,2.9260800000000002
1533209466.771,10507.980000000001,
1533209467.058,,2.60096
1533209467.237,10507.980000000001,
1533209467.532,,2.60096
1533209467.652,10507.980000000001,
1533209467.714,10507.980000000001,
1533209468.110,,2.60096
1533209468.258,10507.980000000001,
1533209468.664,,2.60096
1533209468.746,10515.6,
1533209469.212,,2.60096
1533209469.281,10515.6,
1533209469.816,10515.6,
1533209469.850,,2.60096
1533209470.275,10515.6,
1533209470.275,,2.60096
1533209470.717,,2.60096
1533209470.863,10515.6,
1533209471.261,10515.6,
1533209471.278,,2.60096
1533209471.762,10523.220000000001,
1533209471.882,,2.60096
1533209472.322,10523.220000000001,
1533209472.407,,2.60096
1533209472.871,,2.60096
1533209472.887,10523.220000000001,
1533209473.316,,2.60096
1533209473.364,10523.220000000001,
1533209473.808,,2.60096
1533209473.821,10523.220000000001,
1533209474.291,10523.220000000001,
1533209474.295,,2.60096
1533209474.693,10530.84,
1533209474.831,,2.60096
1533209475.139,10530.84,
1533209475.234,,2.60096
1533209475.663,,2.27584
1533209475.666,10530.84,
1533209476.145,10530.84,
1533209476.223,,2.27584
1533209476.637,10530.84,
1533209476.750,,2.27584
1533209477.125,10530.84,
1533209477.236,,2.27584
1533209477.676,10538.460000000001,
1533209477.706,,2.60096
1533209478.066,10538.460000000001,
1533209478.145,,2.60096
1533209478.600,10538.460000000001,
1533209478.654,,2.60096
1533209479.104,,2.60096
1533209479.169,10538.460000000001,
1533209479.629,10538.460000000001,
1533209479.639,,2.60096
1533209480.100,,2.60096
1533209480.167,10538.460000000001,
1533209480.530,,2.60096
1533209480.751,10546.08,
1533209481.045,,2.9260800000000002
1533209481.256,10546.08,
1533209481.613,,2.9260800000000002
1533209481.717,,2.9260800000000002
1533209481.836,10546.08,
1533209482.134,,2.9260800000000002
1533209482.402,10546.08,
1533209482.644,,2.9260800000000002
1533209482.847,10546.08,
1533209483.045,,2.9260800000000002
1533209483.402,10553.7,
1533209483.458,,2.9260800000000002
1533209483.878,,2.9260800000000002
1533209483.922,10553.7,
1533209484.415,10553.7,
1533209484.499,,2.9260800000000002
1533209484.877,,2.9260800000000002
1533209484.958,,2.9260800000000002
1533209484.980,10553.7,
1533209484.983,10553.7,
1533209485.472,,2.9260800000000002
1533209485.561,10553.7,
1533209485.914,,2.9260800000000002
1533209486.113,10561.32,
1533209486.377,,2.9260800000000002
1533209486.552,10561.32,
1533209486.904,,2.9260800000000002
1533209487.072,10561.32,
1533209487.384,,2.9260800000000002
1533209487.496,10561.32,
1533209487.885,,2.9260800000000002
1533209487.954,10561.32,
1533209488.395,,2.9260800000000002
1533209488.474,10561.32,
1533209488.947,,2.9260800000000002
1533209489.010,10568.94,
1533209489.372,,2.9260800000000002
1533209489.474,10568.94,
1533209489.822,,2.9260800000000002
1533209489.868,10568.94,
1533209490.341,10568.94,
1533209490.374,,2.9260800000000002
1533209490.787,10568.94,
1533209490.865,,2.9260800000000002
1533209491.299,10568.94,
1533209491.300,,2.9260800000000002
1533209491.782,,2.9260800000000002
1533209491.861,10576.560000000001,
1533209492.355,,2.9260800000000002
1533209492.452,10576.560000000001,
1533209492.682,,2.9260800000000002
1533209492.872,10576.560000000001,
1533209493.201,,2.9260800000000002
1533209493.464,10576.560000000001,
1533209493.784,,2.9260800000000002
1533209493.985,10576.560000000001,
1533209494.413,10584.18,
1533209494.435,,2.9260800000000002
1533209494.936,,2.9260800000000002
1533209494.962,10584.18,
1533209495.364,,2.9260800000000002
1533209495.517,10584.18,
1533209495.807,,2.60096
1533209496.027,,2.60096
1533209496.117,10584.18,
1533209496.296,,2.60096
1533209496.512,10584.18,
1533209496.791,,2.9260800000000002
1533209497.048,10591.800000000001,
1533209497.241,,2.9260800000000002
1533209497.593,10591.800000000001,
1533209497.734,,2.60096
1533209497.985,10591.800000000001,
1533209498.112,,2.60096
1533209498.458,10591.800000000001,
1533209498.598,,2.60096
1533209498.928,10591.800000000001,
1533209499.169,,2.60096
1533209499.363,10591.800000000001,
1533209499.514,,2.60096
1533209499.826,10599.42,
1533209500.108,,2.60096
1533209500.290,10599.42,
1533209500.536,,2.60096
1533209500.859,10599.42,
1533209500.988,,2.60096
1533209501.275,10599.42,
1533209501.550,,2.60096
1533209501.691,10599.42,
1533209501.866,10599.42,
1533209501.955,,2.60096
1533209502.026,,2.60096
1533209502.299,10599.42,
1533209502.497,,2.60096
1533209502.911,10599.42,
1533209502.982,,2.60096
1533209503.422,10607.04,
1533209503.452,,2.60096
1533209503.916,10607.04,
1533209504.055,,2.60096
1533209504.426,10607.04,
1533209504.472,,2.60096
1533209504.991,,2.60096
1533209505.097,10607.04,
1533209505.469,,2.60096
1533209505.545,10607.04,
1533209505.963,,2.60096
1533209506.124,10614.66,
1533209506.532,,2.60096
1533209506.558,10614.66,
1533209506.967,10614.66,
1533209507.044,,2.60096
1533209507.453,10614.66,
1533209507.624,,2.60096
1533209508.061,10614.66,
1533209508.069,,2.60096
1533209508.505,,2.60096
1533209508.632,10614.66,
1533209508.938,,2.60096
1533209509.176,10614.66,
1533209509.509,,2.60096
1533209509.728,10622.28,
1533209509.920,,2.60096
1533209510.239,10622.28,
1533209510.268,10622.28,
1533209510.489,,2.60096
1533209510.707,10622.28,
1533209511.067,,2.60096
1533209511.246,10622.28,
1533209511.647,,2.60096
1533209511.726,10622.28,
1533209512.150,10622.28,
1533209512.168,,2.60096
1533209512.565,10629.9,
1533209512.660,,2.60096
1533209513.135,,2.60096
1533209513.158,10629.9,
1533209513.655,,2.60096
1533209513.724,10629.9,
1533209514.263,,2.60096
1533209514.286,10629.9,
1533209514.753,10629.9,
1533209514.773,,2.60096
1533209515.269,10637.52,
1533209515.319,,2.60096
1533209515.667,10637.52,
1533209515.775,,2.60096
1533209516.267,10637.52,
1533209516.337,,2.60096
1533209516.788,,2.60096
1533209516.827,10637.52,
1533209517.234,,2.60096
1533209517.263,10637.52,
1533209517.670,,2.60096
1533209517.828,10637.52,
1533209518.153,,2.60096
1533209518.291,10645.140000000001,
1533209518.706,10645.140000000001,
1533209518.741,,2.60096
1533209519.295,10645.140000000001,
1533209519.338,,2.60096
1533209519.747,10645.140000000001,
1533209519.829,,2.60096
1533209520.210,10645.140000000001,
1533209520.283,,2.60096
1533209520.636,10645.140000000001,
1533209520.722,,2.60096
1533209521.209,10652.76,
1533209521.258,,2.60096
1533209521.468,,2.60096
1533209521.468,10645.140000000001,
1533209521.602,10652.76,
1533209521.698,,2.60096
1533209522.130,10652.76,
1533209522.281,,2.60096
1533209522.386,10652.76,
1533209522.598,10652.76,
1533209522.765,,2.60096
1533209523.141,10652.76,
1533209523.278,,2.60096
1533209523.621,10652.76,
1533209523.694,,2.60096
1533209524.178,10660.380000000001,
1533209524.211,,2.60096
1533209524.616,10660.380000000001,
1533209524.635,,2.60096
1533209525.184,10660.380000000001,
1533209525.227,,2.60096
1533209525.653,,2.60096
1533209525.727,10660.380000000001,
1533209526.197,,2.60096
1533209526.324,10660.380000000001,
1533209526.723,,2.60096
1533209526.860,10660.380000000001,
1533209527.266,,2.60096
1533209527.426,10668.0,
1533209527.772,,2.60096
1533209527.947,10668.0,
1533209528.339,,2.60096
1533209528.477,10668.0,
1533209528.865,,2.60096
1533209529.032,10668.0,
1533209529.277,,2.60096
1533209529.525,10668.0,
1533209529.823,,2.60096
1533209529.988,10668.0,
1533209530.334,,2.60096
1533209530.472,10675.62,
1533209530.889,,2.60096
1533209530.902,10675.62,
1533209531.340,,2.60096
1533209531.341,10675.62,
1533209531.800,,2.60096
1533209531.837,10675.62,
1533209532.336,10675.62,
1533209532.447,,2.60096
1533209532.841,10675.62,
1533209532.880,,2.60096
1533209533.299,10683.24,
1533209533.372,,2.60096
1533209533.630,10683.24,
1533209533.872,,2.60096
1533209534.104,10683.24,
1533209534.423,,2.60096
1533209534.530,10683.24,
1533209534.929,,2.9260800000000002
1533209535.007,10683.24,
1533209535.392,,2.9260800000000002
1533209535.431,10683.24,
1533209535.789,,2.60096
1533209535.854,10683.24,
1533209536.098,10683.24,
1533209536.378,10690.86,
1533209536.383,,2.60096
1533209536.903,,2.9260800000000002
1533209536.915,10690.86,
1533209537.365,10690.86,
1533209537.464,,2.9260800000000002
1533209537.865,,2.9260800000000002
1533209537.939,10690.86,
1533209538.335,10690.86,
1533209538.450,,2.9260800000000002
1533209538.770,10690.86,
1533209539.022,,2.9260800000000002
1533209539.383,10698.480000000001,
1533209539.599,,2.9260800000000002
1533209539.877,10698.480000000001,
1533209540.062,,2.60096
1533209540.341,10698.480000000001,
1533209540.495,,2.60096
1533209540.896,10698.480000000001,
1533209540.951,,2.60096
1533209541.330,10698.480000000001,
1533209541.588,,2.60096
1533209541.945,10698.480000000001,
1533209542.034,,2.60096
1533209542.459,10706.1,
1533209542.608,,2.60096
1533209542.996,10706.1,
1533209543.114,,2.60096
1533209543.327,10706.1,
1533209543.629,,2.60096
1533209543.878,10706.1,
1533209544.136,,2.60096
1533209544.344,10706.1,
1533209544.698,,2.60096
1533209544.905,10713.720000000001,
1533209545.146,,2.60096
1533209545.314,10713.720000000001,
1533209545.722,,2.60096
1533209545.874,10713.720000000001,
1533209546.295,,2.60096
1533209546.468,10713.720000000001,
1533209546.816,,2.60096
1533209546.892,10713.720000000001,
1533209547.280,,2.60096
1533209547.378,10713.720000000001,
1533209547.731,,2.60096
1533209547.995,10713.720000000001,
1533209548.279,,2.60096
1533209548.454,10721.34,
1533209548.768,,2.60096
1533209548.927,10721.34,
1533209549.257,,2.60096
1533209549.390,10721.34,
1533209549.822,,2.60096
1533209549.837,10721.34,
1533209550.241,10721.34,
1533209550.357,,2.60096
1533209550.701,10721.34,
1533209550.782,,2.60096
1533209551.105,10728.960000000001,
1533209551.273,,2.60096
1533209551.613,10728.960000000001,
1533209551.832,,2.60096
1533209552.115,10728.960000000001,
1533209552.242,,2.60096
1533209552.652,10728.960000000001,
1533209552.703,,2.60096
1533209553.136,10728.960000000001,
1533209553.161,,2.60096
1533209553.574,10728.960000000001,
1533209553.650,,2.60096
1533209554.032,10736.58,
1533209554.187,,2.60096
1533209554.497,10736.58,
1533209554.619,,2.60096
1533209555.027,,2.60096
1533209555.050,10736.58,
1533209555.532,10736.58,
1533209555.563,,2.60096
1533209555.975,10736.58,
1533209556.067,,2.60096
1533209556.539,,2.60096
1533209556.550,10736.58,
1533209556.983,10744.2,
1533209557.012,,2.60096
1533209557.449,10744.2,
1533209557.478,,2.60096
1533209557.928,,2.60096
1533209557.955,10744.2,
1533209558.495,10744.2,
1533209558.611,,2.60096
1533209558.984,10744.2,
1533209559.046,,2.60096
1533209559.553,10744.2,
1533209559.607,,2.60096
1533209560.032,,2.60096
1533209560.113,10751.82,
1533209560.505,,2.60096
1533209560.706,10751.82,
1533209560.964,,2.60096
1533209561.126,10751.82,
1533209561.465,,2.60096
1533209561.667,10751.82,
1533209561.947,,2.60096
1533209562.098,10751.82,
1533209562.394,,2.60096
1533209562.622,10751.82,
1533209562.848,,2.60096
1533209563.042,10759.44,
1533209563.323,,2.60096
1533209563.656,10759.44,
1533209563.823,,2.60096
1533209564.086,10759.44,
1533209564.255,,2.60096
1533209564.577,10759.44,
1533209564.661,,2.60096
1533209564.949,10759.44,
1533209565.182,,2.60096
1533209565.412,10759.44,
1533209565.642,,2.60096
1533209565.878,10759.44,
1533209566.153,,2.60096
1533209566.358,10767.060000000001,
1533209566.662,,2.60096
1533209566.806,10767.060000000001,
1533209567.200,,2.60096
1533209567.239,10767.060000000001,
1533209567.352,10767.060000000001,
1533209567.673,,2.60096
1533209567.915,10767.060000000001,
1533209568.092,,2.60096
1533209568.409,10767.060000000001,
1533209568.656,,2.60096
1533209568.922,10767.060000000001,
1533209569.126,,2.60096
1533209569.452,10774.68,
1533209569.610,,2.60096
1533209569.949,10774.68,
1533209570.136,,2.60096
1533209570.517,10774.68,
1533209570.537,,2.60096
1533209570.563,10774.68,
1533209571.022,10774.68,
1533209571.096,,2.60096
1533209571.454,10774.68,
1533209571.556,,2.60096
1533209572.038,10774.68,
1533209572.091,,2.60096
1533209572.616,10782.300000000001,
1533209572.684,,2.60096
1533209573.143,10782.300000000001,
1533209573.263,,2.60096
1533209573.586,10782.300000000001,
1533209573.842,,2.60096
1533209573.998,10782.300000000001,
1533209574.380,,2.60096
1533209574.526,10782.300000000001,
1533209574.818,,2.60096
1533209575.107,10789.92,
1533209575.305,,2.60096
1533209575.642,10789.92,
1533209575.820,,2.60096
1533209576.078,10789.92,
1533209576.331,,2.60096
1533209576.659,10789.92,
1533209576.823,,2.60096
1533209577.032,10789.92,
1533209577.408,,2.60096
1533209577.659,10789.92,
1533209577.906,,2.60096
1533209578.128,10789.92,
1533209578.433,,2.60096
1533209578.982,,2.60096
1533209579.064,10797.54,
1533209579.550,10797.54,
1533209579.568,,2.60096
1533209580.033,10797.54,
1533209580.121,,2.60096
1533209580.636,,2.60096
1533209581.079,10797.54,
1533209581.125,,2.60096
1533209581.588,10805.16,
1533209581.652,,2.60096
1533209582.040,,2.27584
1533209582.176,10805.16,
1533209582.535,,2.27584
1533209582.673,10805.16,
1533209583.016,,2.27584
1533209583.183,10805.16,
1533209583.515,,2.27584
1533209583.762,10805.16,
1533209583.920,,2.27584
1533209584.324,10805.16,
1533209584.432,,2.27584
1533209584.836,10812.78,
1533209584.977,,2.27584
1533209585.389,10812.78,
1533209585.577,,2.27584
1533209585.872,10812.78,
1533209586.123,,2.27584
1533209586.252,10812.78,
1533209586.605,,2.27584
1533209586.823,10812.78,
1533209587.054,,2.27584
1533209587.354,10812.78,
1533209587.575,,2.27584
1533209587.830,10820.4,
1533209587.985,,2.27584
1533209588.400,10820.4,
1533209588.521,,2.27584
1533209588.877,10820.4,
1533209589.019,,2.60096
1533209589.360,10820.4,
1533209589.538,,2.60096
1533209589.958,,2.60096
1533209589.960,10820.4,
1533209590.501,10820.4,
1533209590.517,,2.60096
1533209590.941,,2.60096
1533209590.991,10828.02,
1533209591.477,,2.60096
1533209591.585,10828.02,
1533209591.893,,2.60096
1533209592.101,10828.02,
1533209592.427,,2.60096
1533209592.635,10828.02,
1533209592.970,,2.60096
1533209593.086,10828.02,
1533209593.454,,2.60096
1533209593.627,10828.02,
1533209593.956,,2.60096
1533209594.223,10835.640000000001,
1533209594.386,,2.60096
1533209594.692,10835.640000000001,
1533209594.849,,2.60096
1533209595.126,10835.640000000001,
1533209595.342,,2.60096
1533209595.569,10835.640000000001,
1533209595.752,,2.60096
1533209596.051,10835.640000000001,
1533209596.219,,2.60096
1533209596.588,10835.640000000001,
1533209596.662,,2.27584
1533209597.044,10843.26,
1533209597.180,,2.27584
1533209597.616,10843.26,
1533209597.654,,2.27584
1533209598.181,10843.26,
1533209598.234,,2.27584
1533209598.645,,2.27584
1533209598.718,10843.26,
1533209599.145,10843.26,
1533209599.163,,2.60096
1533209599.231,10843.26,
1533209599.699,,2.27584
1533209599.800,10843.26,
1533209600.164,,2.27584
1533209600.367,10850.880000000001,
1533209600.698,,2.60096
1533209600.857,10850.880000000001,
1533209601.274,,2.60096
1533209601.348,10850.880000000001,
1533209601.753,,2.60096
1533209601.755,10850.880000000001,
1533209602.242,,2.60096
1533209602.387,10850.880000000001,
1533209602.650,,2.60096
1533209602.783,10850.880000000001,
1533209603.071,,2.60096
1533209603.303,10858.5,
1533209603.483,,2.60096
1533209603.837,10858.5,
1533209603.964,,2.60096
1533209604.268,10850.880000000001,
1533209604.362,10858.5,
1533209604.530,,2.60096
1533209604.849,10858.5,
1533209605.145,,2.60096
1533209605.402,10858.5,
1533209605.650,,2.60096
1533209606.004,10858.5,
1533209606.198,,2.60096
1533209606.491,10866.12,
1533209606.644,,2.60096
1533209606.981,10866.12,
1533209607.166,,2.60096
1533209607.523,10866.12,
1533209607.741,,2.60096
1533209607.977,10866.12,
1533209608.165,,2.60096
1533209608.501,10866.12,
1533209608.764,,2.60096
1533209609.007,10866.12,
1533209609.284,,2.60096
1533209609.412,10866.12,
1533209609.557,10873.74,
1533209609.743,,2.60096
1533209610.109,10873.74,
1533209610.173,,2.60096
1533209610.526,10873.74,
1533209610.626,,2.60096
1533209611.020,10873.74,
1533209611.072,,2.60096
1533209611.609,,2.60096
1533209611.647,10873.74,
1533209612.053,,2.60096
1533209612.146,10881.36,
1533209612.510,,2.60096
1533209612.680,10881.36,
1533209612.995,,2.60096
1533209613.196,10881.36,
1533209613.453,,2.60096
1533209613.633,10881.36,
1533209613.940,,2.60096
1533209614.143,10881.36,
1533209614.403,,2.60096
1533209614.502,10881.36,
1533209614.558,10881.36,
1533209614.728,10881.36,
1533209614.909,,2.60096
1533209615.164,10888.980000000001,
1533209615.430,10881.36,
1533209615.452,,2.60096
1533209615.604,10888.980000000001,
1533209615.937,,2.60096
1533209615.999,10888.980000000001,
1533209616.525,10888.980000000001,
1533209616.525,,2.60096
1533209617.042,10888.980000000001,
1533209617.109,,2.60096
1533209617.553,10888.980000000001,
1533209617.671,,2.60096
1533209618.120,10896.6,
1533209618.155,,2.60096
1533209618.544,10896.6,
1533209618.725,,2.60096
1533209618.972,10896.6,
1533209619.318,,2.60096
1533209619.554,10896.6,
1533209619.914,,2.60096
1533209619.943,10896.6,
1533209620.469,,2.60096
1533209620.495,10896.6,
1533209620.881,,2.60096
1533209620.906,10904.220000000001,
1533209621.335,10904.220000000001,
1533209621.372,,2.60096
1533209621.864,10904.220000000001,
1533209621.963,,2.60096
1533209622.374,,2.60096
1533209622.450,10904.220000000001,
1533209622.918,,2.60096
1533209623.008,10904.220000000001,
1533209623.506,10904.220000000001,
1533209623.884,10911.84,
1533209623.974,,2.60096
1533209624.457,10911.84,
1533209624.606,,2.60096
1533209625.004,,2.60096
1533209625.043,10911.84,
1533209625.502,,2.60096
1533209625.523,10911.84,
1533209626.024,,2.27584
1533209626.078,10911.84,
1533209626.081,,2.60096
1533209626.702,10911.84,
1533209627.124,,2.27584
1533209627.261,10919.460000000001,
1533209627.668,,2.27584
1533209627.780,10919.460000000001,
1533209628.209,,2.27584
1533209628.247,10919.460000000001,
1533209628.681,10919.460000000001,
1533209628.716,,2.27584
1533209629.142,,2.27584
1533209629.156,10919.460000000001,
1533209629.594,,2.27584
1533209629.626,10919.460000000001,
1533209630.121,,2.27584
1533209630.157,10919.460000000001,
1533209630.584,,2.27584
1533209630.698,10927.08,
1533209630.986,,2.27584
1533209631.174,10927.08,
1533209631.539,,2.27584
1533209631.602,10927.08,
1533209632.044,,2.27584
1533209632.059,10927.08,
1533209632.605,10927.08,
1533209632.614,,2.27584
1533209632.675,10927.08,
1533209633.108,10927.08,
1533209633.108,,2.60096
1533209633.579,10934.7,
1533209633.614,,2.60096
1533209634.087,10934.7,
1533209634.128,,2.27584
1533209634.614,10934.7,
1533209634.803,,2.27584
1533209635.025,10934.7,
1533209635.208,,2.27584
1533209635.578,10934.7,
1533209635.780,,2.27584
1533209636.088,10934.7,
1533209636.369,,2.27584
1533209636.548,10934.7,
1533209636.937,,2.27584
1533209637.092,10942.32,
1533209637.431,,2.27584
1533209637.671,10942.32,
1533209637.871,,2.27584
1533209638.104,10942.32,
1533209638.391,10942.32,
1533209638.400,,2.27584
1533209638.515,10942.32,
1533209638.864,,2.27584
1533209639.034,10942.32,
1533209639.333,,2.27584
1533209639.650,10942.32,
1533209639.856,,2.60096
1533209640.091,10949.94,
1533209640.432,,2.60096
1533209640.516,10949.94,
1533209640.918,,2.60096
1533209640.945,10949.94,
1533209641.397,,2.60096
1533209641.454,10949.94,
1533209641.880,10949.94,
1533209641.939,,2.60096
1533209642.338,10949.94,
1533209642.353,,2.60096
1533209642.371,10949.94,
1533209642.881,10949.94,
1533209643.003,,2.60096
1533209643.356,10957.560000000001,
1533209643.415,,2.60096
1533209643.757,10957.560000000001,
1533209643.875,,2.27584
1533209644.379,10957.560000000001,
1533209644.429,,2.27584
1533209644.930,10957.560000000001,
1533209644.952,,2.27584
1533209645.413,,2.27584
1533209645.437,10957.560000000001,
1533209645.871,10957.560000000001,
1533209645.967,,2.27584
1533209646.442,10965.18,
1533209646.555,,2.27584
1533209646.814,10965.18,
1533209647.141,,2.27584
1533209647.453,10965.18,
1533209647.709,,2.60096
1533209647.799,10965.18,
1533209648.193,,2.60096
1533209648.244,10965.18,
1533209648.673,10965.18,
1533209648.690,,2.60096
1533209649.123,,2.60096
1533209649.169,10965.18,
1533209649.553,,2.60096
1533209649.698,10972.800000000001,
1533209650.014,,2.60096
1533209650.532,,2.60096
1533209650.774,10972.800000000001,
1533209650.974,,2.60096
1533209651.180,10972.800000000001,
1533209651.385,10972.800000000001,
1533209651.517,,2.60096
1533209651.619,10972.800000000001,
1533209652.138,,2.60096
1533209652.161,10972.800000000001,
1533209652.551,,2.60096
1533209652.560,10980.42,
1533209653.006,,2.60096
1533209653.032,10980.42,
1533209653.489,,2.60096
1533209653.500,10980.42,
1533209653.920,10980.42,
1533209653.968,,2.60096
1533209654.456,10980.42,
1533209654.472,,2.60096
1533209654.916,10980.42,
1533209655.021,,2.60096
1533209655.333,10988.04,
1533209655.578,,2.60096
1533209655.965,10988.04,
1533209656.134,,2.60096
1533209656.358,10988.04,
1533209656.690,,2.60096
1533209656.839,10988.04,
1533209657.226,,2.60096
1533209657.270,10988.04,
1533209657.686,10988.04,
1533209657.712,,2.60096
1533209658.175,,2.60096
1533209658.226,10988.04,
1533209658.769,10995.66,
1533209659.153,,2.27584
1533209659.280,10995.66,
1533209659.627,,2.27584
1533209659.815,10995.66,
1533209660.150,,2.27584
1533209660.300,,2.27584
1533209660.370,10995.66,
1533209660.694,,2.27584
1533209660.923,10995.66,
1533209661.185,,2.27584
1533209661.460,10995.66,
1533209661.641,,2.27584
1533209662.025,11003.28,
1533209662.116,,2.27584
1533209662.634,,2.27584
1533209662.635,11003.28,
1533209663.109,11003.28,
1533209663.125,,2.27584
1533209663.549,11003.28,
1533209663.600,,2.27584
1533209664.063,,2.27584
1533209664.075,,2.27584
1533209664.113,11003.28,
1533209664.475,,2.27584
1533209664.571,11003.28,
1533209665.066,,2.27584
1533209665.613,,2.27584
1533209665.653,11010.900000000001,
1533209666.140,,2.27584
1533209666.317,11010.900000000001,
1533209666.638,,2.27584
1533209666.760,11010.900000000001,
1533209667.169,,2.27584
1533209667.341,11010.900000000001,
1533209667.608,,2.27584
1533209667.797,11010.900000000001,
1533209668.052,,1.95072
1533209668.361,11010.900000000001,
1533209668.622,,1.95072
1533209668.912,11010.900000000001,
1533209669.261,,2.27584
1533209669.340,11018.52,
1533209669.535,11010.900000000001,
1533209669.754,,2.27584
1533209669.758,11018.52,
1533209670.180,,2.27584
1533209670.298,11018.52,
1533209670.687,11018.52,
1533209670.710,,1.95072
1533209671.205,11018.52,
1533209671.214,,1.95072
1533209671.636,,1.95072
1533209671.802,11018.52,
1533209672.068,,1.95072
1533209672.286,11018.52,
1533209672.569,,1.95072
1533209672.845,11018.52,
1533209673.131,,1.95072
1533209673.361,11026.140000000001,
1533209673.568,,1.95072
1533209673.800,11026.140000000001,
1533209674.164,,1.95072
1533209674.402,11026.140000000001,
1533209674.722,,1.95072
1533209674.826,11026.140000000001,
1533209675.162,,1.95072
1533209675.383,11026.140000000001,
1533209675.633,,1.95072
1533209675.814,11026.140000000001,
1533209676.031,,2.27584
1533209676.212,11026.140000000001,
1533209676.559,,2.27584
1533209676.639,11026.140000000001,
1533209677.028,,1.95072
1533209677.092,11033.76,
1533209677.473,,1.95072
1533209677.588,11033.76,
1533209677.913,,1.95072
1533209678.024,11033.76,
1533209678.101,11033.76,
1533209678.388,,1.95072
1533209678.514,11033.76,
1533209679.004,,2.27584
1533209679.030,11033.76,
1533209679.433,,2.27584
1533209679.626,11033.76,
1533209679.984,,2.27584
1533209680.085,11033.76,
1533209680.477,,2.27584
1533209680.605,11041.380000000001,
1533209680.990,,2.27584
1533209681.104,11041.380000000001,
1533209681.428,,2.27584
1533209681.635,11041.380000000001,
1533209681.838,,2.27584
1533209682.237,11041.380000000001,
1533209682.390,,2.27584
1533209682.710,11041.380000000001,
1533209682.921,,2.27584
1533209683.249,11041.380000000001,
1533209683.377,,2.27584
1533209683.677,11049.0,
1533209683.840,,2.27584
1533209684.182,11049.0,
1533209684.363,,2.27584
1533209684.646,11049.0,
1533209684.984,,2.27584
1533209685.157,11049.0,
1533209685.386,,2.27584
1533209685.636,11049.0,
1533209685.899,,2.27584
1533209686.237,11049.0,
1533209686.374,,2.27584
1533209686.716,11049.0,
1533209686.919,,2.27584
1533209687.284,11056.62,
1533209687.438,,2.27584
1533209687.684,11056.62,
1533209687.923,,1.95072
1533209688.161,11056.62,
1533209688.421,,1.95072
1533209688.597,11056.62,
1533209688.926,,1.95072
1533209689.036,11056.62,
1533209689.336,,1.95072
1533209689.518,11056.62,
1533209689.855,,1.95072
1533209689.956,11056.62,
1533209690.107,11056.62,
1533209690.355,,1.95072
1533209690.397,11056.62,
1533209690.915,11064.24,
1533209690.915,,1.95072
1533209691.447,11064.24,
1533209691.468,,1.95072
1533209691.896,11064.24,
1533209691.958,,1.95072
1533209692.368,11064.24,
1533209692.377,,1.95072
1533209692.776,11064.24,
1533209692.886,,1.95072
1533209693.173,11064.24,
1533209693.473,,1.95072
1533209693.626,11064.24,
1533209694.029,,1.95072
1533209694.131,11064.24,
1533209694.527,,1.95072
1533209694.695,11071.86,
1533209695.046,,1.95072
1533209695.162,11071.86,
1533209695.505,,1.95072
1533209695.614,11071.86,
1533209696.020,,1.95072
1533209696.105,11071.86,
1533209696.585,,1.95072
1533209696.689,11071.86,
1533209697.014,,1.95072
1533209697.265,11071.86,
1533209697.441,,1.95072
1533209697.725,11071.86,
1533209698.039,,1.95072
1533209698.274,11071.86,
1533209698.451,,1.95072
1533209698.692,11079.480000000001,
1533209698.874,,1.95072
1533209699.237,11079.480000000001,
1533209699.297,,1.95072
1533209699.742,11079.480000000001,
1533209699.901,,1.95072
1533209700.016,,1.95072
1533209700.328,11079.480000000001,
1533209700.425,,1.95072
1533209700.866,,1.95072
1533209700.891,11079.480000000001,
1533209701.333,11079.480000000001,
1533209701.353,11079.480000000001,
1533209701.442,,1.95072
1533209701.879,,1.95072
1533209701.904,11079.480000000001,
1533209702.394,11079.480000000001,
1533209702.453,,1.95072
1533209702.855,11087.1,
1533209702.895,,1.95072
1533209703.337,11087.1,
1533209703.457,,1.95072
1533209703.882,,1.6256000000000002
1533209703.887,11087.1,
1533209704.424,11087.1,
1533209704.445,,1.6256000000000002
1533209704.971,,1.6256000000000002
1533209705.003,11087.1,
1533209705.423,11087.1,
1533209705.462,,1.6256000000000002
1533209705.978,11087.1,
1533209706.035,,1.6256000000000002
1533209706.457,11087.1,
1533209706.468,,1.6256000000000002
1533209706.468,11087.1,
1533209706.963,11087.1,
1533209707.031,11087.1,
1533209707.186,,1.6256000000000002
1533209707.424,11094.720000000001,
1533209707.763,,1.6256000000000002
1533209707.967,11094.720000000001,
1533209708.316,10980.42,
1533209708.373,,1.6256000000000002
1533209708.432,11094.720000000001,
1533209708.930,,1.95072
1533209709.020,11094.720000000001,
1533209709.451,,1.95072
1533209709.478,11094.720000000001,
1533209709.889,,1.95072
1533209709.909,11094.720000000001,
1533209710.324,11094.720000000001,
1533209710.428,,1.95072
1533209710.927,11094.720000000001,
1533209710.946,,1.95072
1533209711.477,11102.34,
1533209711.516,,1.95072
1533209711.930,,1.95072
1533209712.030,11102.34,
1533209712.470,,1.95072
1533209712.470,11102.34,
1533209712.902,11102.34,
1533209712.979,,1.95072
1533209713.396,,1.95072
1533209713.486,11102.34,
1533209713.960,,1.95072
1533209713.961,11102.34,
1533209714.370,11102.34,
1533209714.502,,1.95072
1533209714.969,11102.34,
1533209715.012,,2.27584
1533209715.427,,2.27584
1533209715.466,11109.960000000001,
1533209715.833,,2.27584
1533209716.041,11109.960000000001,
1533209716.298,,2.27584
1533209716.549,11109.960000000001,
1533209716.812,,2.27584
1533209717.114,11109.960000000001,
1533209717.262,,2.27584
1533209717.503,11109.960000000001,
1533209717.672,,2.27584
1533209717.691,11109.960000000001,
1533209718.146,11109.960000000001,
1533209718.209,,2.27584
1533209718.607,11117.58,
1533209718.739,,2.27584
1533209719.172,11117.58,
1533209719.200,,2.27584
1533209719.596,11117.58,
1533209719.790,,2.27584
1533209720.105,11117.58,
1533209720.357,,2.27584
1533209720.509,11117.58,
1533209720.891,,2.27584
1533209721.096,11117.58,
1533209721.182,11117.58,
1533209721.401,,2.27584
1533209721.669,11117.58,
1533209721.863,,2.27584
1533209722.218,11125.2,
1533209722.299,,2.27584
1533209722.683,11125.2,
1533209722.878,,1.95072
1533209723.138,11125.2,
1533209723.420,,1.95072
1533209723.597,11125.2,
1533209723.992,,1.95072
1533209724.131,11125.2,
1533209724.551,,1.95072
1533209724.678,11125.2,
1533209725.104,,1.95072
1533209725.253,11125.2,
1533209725.639,,1.95072
1533209725.680,11125.2,
1533209726.097,,1.95072
1533209726.274,11132.82,
1533209726.512,,1.95072
1533209726.794,11132.82,
1533209727.026,,1.6256000000000002
1533209727.318,11132.82,
1533209727.628,,1.6256000000000002
1533209727.858,11132.82,
1533209728.206,,1.6256000000000002
1533209728.461,11132.82,
1533209728.644,,1.6256000000000002
1533209729.026,11132.82,
1533209729.229,,1.95072
1533209729.436,11132.82,
1533209729.638,,1.95072
1533209729.894,11132.82,
1533209730.078,,1.95072
1533209730.408,11140.44,
1533209730.463,11132.82,
1533209730.977,11140.44,
1533209731.068,,1.95072
1533209731.423,11140.44,
1533209731.478,11140.44,
1533209731.489,,1.95072
1533209731.848,11140.44,
1533209732.012,,1.95072
1533209732.397,11140.44,
1533209732.489,,1.95072
1533209732.960,11140.44,
1533209733.086,,2.27584
1533209733.422,11140.44,
1533209733.651,,2.27584
1533209734.040,11148.060000000001,
1533209734.088,,2.27584
1533209734.490,,2.27584
1533209734.921,11148.060000000001,
1533209735.071,,2.27584
1533209735.510,11148.060000000001,
1533209735.570,,2.27584
1533209736.043,11148.060000000001,
1533209736.120,,2.27584
1533209736.560,11148.060000000001,
1533209736.642,,2.27584
1533209737.054,11148.060000000001,
1533209737.155,,2.27584
1533209737.660,11155.68,
1533209737.742,,2.27584
1533209738.028,11155.68,
1533209738.238,,2.27584
1533209738.615,11155.68,
1533209738.699,,2.27584
1533209739.132,11155.68,
1533209739.177,,2.27584
1533209739.647,11155.68,
1533209739.683,,2.27584
1533209740.143,,1.95072
1533209740.146,11155.68,
1533209740.656,,1.95072
1533209740.742,11155.68,
1533209741.129,11163.300000000001,
1533209741.172,,1.95072
1533209741.582,,1.95072
1533209741.584,11163.300000000001,
1533209742.006,11163.300000000001,
1533209742.163,,1.95072
1533209742.551,11163.300000000001,
1533209742.697,,1.95072
1533209743.023,11163.300000000001,
1533209743.226,,1.95072
1533209743.592,11163.300000000001,
1533209743.725,,1.95072
1533209744.094,11163.300000000001,
1533209744.309,,1.95072
1533209744.605,11163.300000000001,
1533209744.762,,1.95072
1533209745.175,,1.95072
1533209745.193,11163.300000000001,
1533209745.745,11170.92,
1533209745.761,,1.95072
1533209746.188,11170.92,
1533209746.279,,1.95072
1533209746.657,11170.92,
1533209746.734,,1.95072
1533209747.077,11170.92,
1533209747.298,,1.95072
1533209747.679,11170.92,
1533209747.757,,1.95072
1533209748.146,11170.92,
1533209748.222,,1.95072
1533209748.630,11170.92,
1533209748.652,,1.95072
1533209749.118,11170.92,
1533209749.237,,1.95072
1533209749.652,11178.54,
1533209749.708,,1.95072
1533209750.144,11178.54,
1533209750.242,,1.95072
1533209750.662,11178.54,
1533209750.862,,1.95072
1533209751.069,11178.54,
1533209751.270,,1.95072
1533209751.681,11178.54,
1533209751.683,11178.54,
1533209751.774,,1.95072
1533209752.210,,1.95072
1533209752.249,11178.54,
1533209752.675,,1.95072
1533209752.768,11178.54,
1533209753.171,,1.95072
1533209753.244,11186.16,
1533209753.656,,1.95072
1533209753.728,11186.16,
1533209754.170,,1.95072
1533209754.180,11186.16,
1533209754.703,11186.16,
1533209754.703,,1.95072
1533209755.095,11186.16,
1533209755.121,,1.95072
1533209755.533,11186.16,
1533209755.585,,1.95072
1533209756.045,11186.16,
1533209756.178,,1.95072
1533209756.459,11186.16,
1533209756.723,,1.95072
1533209756.957,11186.16,
1533209757.231,,1.95072
1533209757.487,11193.78,
1533209757.675,,1.95072
1533209757.976,11193.78,
1533209758.136,,1.95072
1533209758.458,11193.78,
1533209758.654,,1.95072
1533209758.954,11193.78,
1533209759.113,,1.95072
1533209759.449,11193.78,
1533209759.550,,1.95072
1533209759.680,11193.78,
1533209759.907,11193.78,
1533209760.041,11193.78,
1533209760.096,,1.95072
1533209760.407,11193.78,
1533209760.559,11193.78,
1533209760.587,,1.95072
1533209760.999,11193.78,
1533209761.024,,1.95072
1533209761.508,,1.95072
1533209761.530,11201.400000000001,
1533209761.534,11193.78,
1533209762.010,,1.6256000000000002
1533209762.074,11201.400000000001,
1533209762.469,11201.400000000001,
1533209762.573,,1.6256000000000002
1533209763.005,11201.400000000001,
1533209763.156,,1.6256000000000002
1533209763.532,11201.400000000001,
1533209763.681,,1.6256000000000002
1533209764.054,11201.400000000001,
1533209764.176,,1.6256000000000002
1533209764.600,,1.6256000000000002
1533209764.630,11201.400000000001,
1533209764.646,11201.400000000001,
1533209765.039,,1.95072
1533209765.129,11201.400000000001,
1533209765.572,11209.02,
1533209765.633,,1.95072
1533209766.086,,1.95072
1533209766.179,11209.02,
1533209766.627,,1.95072
1533209766.700,11209.02,
1533209767.102,11209.02,
1533209767.208,,1.95072
1533209767.608,11209.02,
1533209767.814,,1.95072
1533209768.062,11209.02,
1533209768.265,,1.95072
1533209768.506,11209.02,
1533209768.900,,1.95072
1533209768.985,11209.02,
1533209769.349,,1.95072
1533209769.386,11209.02,
1533209769.828,11216.640000000001,
1533209769.894,,1.95072
1533209770.406,11216.640000000001,
1533209770.413,,1.95072
1533209770.947,11216.640000000001,
1533209771.004,,1.95072
1533209771.402,11216.640000000001,
1533209771.522,,1.95072
1533209771.821,11216.640000000001,
1533209772.050,,1.95072
1533209772.281,11216.640000000001,
1533209772.594,,1.95072
1533209772.716,11216.640000000001,
1533209773.154,,1.95072
1533209773.155,11216.640000000001,
1533209773.601,11224.26,
1533209773.707,,1.95072
1533209774.079,11224.26,
1533209774.201,,1.95072
1533209774.516,11224.26,
1533209774.783,,1.95072
1533209774.975,11224.26,
1533209775.085,11224.26,
1533209775.481,11224.26,
1533209775.739,,1.95072
1533209775.966,11224.26,
1533209776.135,,1.95072
1533209776.474,11224.26,
1533209776.620,,1.95072
1533209777.005,11224.26,
1533209777.166,,1.95072
1533209777.515,11231.880000000001,
1533209777.582,,1.95072
1533209777.976,11231.880000000001,
1533209778.052,,1.95072
1533209778.473,,1.95072
1533209778.516,11231.880000000001,
1533209778.982,11231.880000000001,
1533209779.030,,1.6256000000000002
1533209779.432,,1.6256000000000002
1533209779.463,11231.880000000001,
1533209779.939,11231.880000000001,
1533209779.972,,1.6256000000000002
1533209780.440,11231.880000000001,
1533209780.534,,1.6256000000000002
1533209781.040,11231.880000000001,
1533209781.068,,1.6256000000000002
1533209781.592,,1.6256000000000002
1533209781.630,11231.880000000001,
1533209782.065,,1.30048
1533209782.220,11239.5,
1533209782.224,11231.880000000001,
1533209782.496,,1.30048
1533209782.723,11239.5,
1533209783.051,,1.30048
1533209783.322,11239.5,
1533209783.534,,1.30048
1533209783.923,11239.5,
1533209784.069,,1.30048
1533209784.390,11239.5,
1533209784.528,,1.30048
1533209784.931,11239.5,
1533209785.091,,1.30048
1533209785.429,11239.5,
1533209785.512,11239.5,
1533209785.537,,1.30048
1533209785.866,11239.5,
1533209785.998,,0.97536
1533209786.283,11239.5,
1533209786.481,,0.97536
1533209786.694,11239.5,
1533209786.920,,0.97536
1533209787.307,11239.5,
1533209787.456,,0.97536
1533209787.716,11239.5,
1533209787.899,,0.97536
1533209788.180,11247.12,
1533209788.314,,0.97536
1533209788.353,11239.5,
1533209788.554,11239.5,
1533209788.632,11239.5,
1533209788.698,11247.12,
1533209788.729,,0.97536
1533209788.824,,1.30048
1533209789.153,11247.12,
1533209789.372,,1.30048
1533209789.633,11247.12,
1533209789.875,,1.30048
1533209790.048,11247.12,
1533209790.388,,1.30048
1533209790.631,11247.12,
1533209790.920,,1.30048
1533209791.228,11247.12,
1533209791.435,,1.30048
1533209791.750,11247.12,
1533209791.995,,1.30048
1533209792.008,11247.12,
1533209792.158,11247.12,
1533209792.200,11247.12,
1533209792.492,,1.30048
1533209792.735,11247.12,
1533209793.038,,1.30048
1533209793.138,11247.12,
1533209793.476,,1.30048
1533209793.648,11247.12,
1533209793.954,,1.30048
1533209794.187,11254.74,
1533209794.486,,1.30048
1533209794.593,11254.74,
1533209795.021,,1.6256000000000002
1533209795.117,11254.74,
1533209795.546,,1.6256000000000002
1533209795.599,11254.74,
1533209796.092,,1.6256000000000002
1533209796.176,11254.74,
1533209796.524,,1.6256000000000002
1533209796.550,11254.74,
1533209796.612,11254.74,
1533209796.683,11254.74,
1533209797.056,,1.6256000000000002
1533209797.280,11254.74,
1533209797.566,,1.6256000000000002
1533209797.716,11254.74,
1533209798.117,,1.6256000000000002
1533209798.142,11254.74,
1533209798.606,11254.74,
1533209798.648,,1.6256000000000002
1533209799.161,11254.74,
1533209799.192,,1.30048
1533209799.588,11262.36,
1533209799.699,,1.30048
1533209800.097,11262.36,
1533209800.204,,1.30048
1533209800.657,11262.36,
1533209800.764,,1.30048
1533209801.266,11262.36,
1533209801.303,,1.30048
1533209801.799,11262.36,
1533209801.821,,1.30048
1533209802.388,,1.30048
1533209802.413,11262.36,
1533209802.930,,1.30048
1533209802.967,11262.36,
1533209803.408,,1.30048
1533209803.527,11262.36,
1533209803.893,,1.30048
1533209804.006,11262.36,
1533209804.434,11262.36,
1533209804.485,,1.30048
1533209804.918,,1.30048
1533209804.983,11269.980000000001,
1533209805.516,,1.30048
1533209805.546,11269.980000000001,
1533209805.994,,1.30048
1533209806.116,11269.980000000001,
1533209806.447,,1.30048
1533209806.612,11269.980000000001,
1533209806.681,11269.980000000001,
1533209806.975,,1.30048
1533209807.147,11269.980000000001,
1533209807.536,,1.30048
1533209807.678,11269.980000000001,
1533209807.682,11269.980000000001,
1533209807.939,,1.30048
1533209808.259,11269.980000000001,
1533209808.356,,1.30048
1533209808.713,11269.980000000001,
1533209808.822,,1.30048
1533209809.135,11269.980000000001,
1533209809.742,11269.980000000001,
1533209809.751,,1.30048
1533209810.227,11269.980000000001,
1533209810.329,,1.30048
1533209810.741,11269.980000000001,
1533209810.748,11269.980000000001,
1533209810.834,,0.97536
1533209811.253,11269.980000000001,
1533209811.392,,0.97536
1533209811.825,,0.97536
1533209811.883,11277.6,
1533209811.924,11269.980000000001,
1533209812.299,,0.97536
1533209812.332,11277.6,
1533209812.726,,0.97536
1533209812.870,11277.6,
1533209813.272,11277.6,
1533209813.303,,0.97536
1533209813.801,11277.6,
1533209813.823,,0.97536
1533209814.253,,0.97536
1533209814.286,11277.6,
1533209814.819,11277.6,
1533209814.841,,0.65024
1533209815.321,11277.6,
1533209815.399,,0.65024
1533209815.774,11277.6,
1533209815.944,,0.65024
1533209816.321,11277.6,
1533209816.463,,0.65024
1533209816.718,11277.6,
1533209817.016,,0.32512
1533209817.278,11277.6,
1533209817.562,,0.32512
1533209817.708,11277.6,
1533209818.066,,0.32512
1533209818.237,11277.6,
1533209818.524,,0.32512
1533209818.729,11277.6,
1533209819.035,,0.0
1533209819.242,11277.6,
1533209819.560,,0.0
1533209819.779,11277.6,
1533209819.962,,0.0
1533209820.004,,0.0
1533209820.234,11277.6,
1533209820.483,,0.0
1533209820.735,11277.6,
1533209821.059,,0.0
1533209821.076,11277.6,
1533209821.462,,0.0
1533209821.693,11277.6,
1533209821.908,,0.0
1533209822.170,11277.6,
1533209822.388,,0.0
1533209822.687,11277.6,
1533209822.871,,0.0
1533209823.153,11277.6,
1533209823.470,,0.0
1533209823.718,11277.6,
1533209823.904,,0.0
1533209824.264,11277.6,
1533209824.497,,0.0
1533209824.829,11277.6,
1533209825.010,,0.0
1533209825.370,11277.6,
1533209825.472,,0.0
1533209825.834,11277.6,
1533209826.042,,0.0
1533209826.351,11277.6,
1533209826.651,,0.0
1533209826.883,11277.6,
1533209827.113,,0.0
1533209827.394,11277.6,
1533209827.650,,0.0
1533209827.865,11277.6,
1533209828.203,,0.0
1533209828.375,,0.0
1533209828.416,11277.6,
1533209828.690,,0.0
1533209828.960,11277.6,
1533209829.106,,0.0
1533209829.488,11277.6,
1533209829.655,,0.0
1533209829.915,11277.6,
1533209830.101,,0.32512
1533209830.479,11277.6,
1533209830.699,,0.32512
1533209830.900,11277.6,
1533209831.260,,0.32512
1533209831.359,11277.6,
1533209831.726,,0.32512
1533209831.881,11277.6,
1533209832.250,,0.32512
1533209832.277,11277.6,
1533209832.689,11277.6,
1533209832.689,,0.32512
1533209833.098,11277.6,
1533209833.201,,0.32512
1533209833.536,11277.6,
1533209833.794,,0.0
1533209834.072,11277.6,
1533209834.195,,0.0
1533209834.612,11277.6,
1533209834.651,,0.0
1533209835.115,11277.6,
1533209835.243,,0.0
1533209835.631,11277.6,
1533209835.734,,0.0
1533209836.190,11277.6,
1533209836.259,,0.0
1533209836.646,11277.6,
1533209836.842,,0.0
1533209837.108,11277.6,
1533209837.254,,0.0
1533209837.697,11277.6,
1533209837.779,,0.0
1533209838.290,11277.6,
1533209838.340,,0.0
1533209838.782,11277.6,
1533209838.858,,0.0
1533209839.324,11277.6,
1533209839.360,,0.0
1533209839.794,,0.0
1533209839.819,11277.6,
1533209840.230,,0.0
1533209840.341,11277.6,
1533209840.822,,0.0
1533209840.822,11277.6,
1533209841.366,11277.6,
1533209841.392,,0.0
1533209841.901,,0.0
1533209841.922,11277.6,
1533209842.308,,0.0
1533209842.477,11277.6,
1533209842.757,,0.0
1533209842.922,11277.6,
1533209843.318,,0.0
1533209843.344,11277.6,
1533209843.883,11277.6,
1533209843.897,,0.0
1533209844.392,,0.0
1533209844.447,11277.6,
1533209844.885,11277.6,
1533209844.950,,0.0
1533209845.333,11277.6,
1533209845.383,,0.0
1533209845.944,11277.6,
1533209845.957,,0.0
1533209846.358,,0.0
1533209846.377,11277.6,
1533209846.929,,0.0
1533209846.981,11277.6,
1533209847.453,,0.0
1533209847.479,11277.6,
1533209847.706,,0.32512
1533209848.020,,0.0
1533209848.068,11277.6,
1533209848.442,,0.0
1533209848.566,11277.6,
1533209848.971,,0.0
1533209849.085,11277.6,
1533209849.417,,0.0
1533209849.527,11277.6,
1533209850.059,,0.0
1533209850.076,11277.6,
1533209850.548,11277.6,
1533209850.568,,0.0
1533209851.002,11277.6,
1533209851.133,,0.0
1533209851.570,11277.6,
1533209851.687,,0.0
1533209852.189,,0.0
1533209852.622,11277.6,
1533209852.649,,0.0
1533209853.107,11277.6,
1533209853.206,,0.0
1533209853.223,11277.6,
1533209853.254,,0.0
1533209853.615,11277.6,
1533209853.701,,0.0
1533209854.273,,0.0
1533209854.607,11277.6,
1533209854.760,,0.0
1533209855.087,11277.6,
1533209855.264,,0.0
1533209855.572,11277.6,
1533209855.661,,0.32512
1533209856.153,,0.32512
1533209856.167,11277.6,
1533209856.360,11277.6,
1533209856.613,11277.6,
1533209856.655,,0.0
1533209857.011,11277.6,
1533209857.155,,0.0
1533209857.157,,0.0
1533209857.479,11277.6,
1533209857.677,,0.0
1533209857.932,11277.6,
1533209858.282,,0.0
1533209858.481,11277.6,
1533209858.761,,-0.32512
1533209858.955,11277.6,
1533209859.215,,-0.32512
1533209859.440,11277.6,
1533209859.651,,-0.32512
1533209859.919,11277.6,
1533209860.252,,-0.32512
1533209860.438,11277.6,
1533209860.770,,-0.32512
1533209861.279,11277.6,
1533209861.332,,-0.32512
1533209861.852,11277.6,
1533209861.854,,-0.32512
1533209862.347,11277.6,
1533209862.433,,0.0
1533209862.815,11277.6,
1533209862.955,,0.0
1533209863.331,11277.6,
1533209863.493,,0.0
1533209863.871,11277.6,
1533209863.910,,0.0
1533209864.390,11277.6,
1533209864.474,,0.0
1533209864.877,,0.0
1533209864.969,11277.6,
1533209865.363,,0.0
1533209865.429,11277.6,
1533209865.847,11277.6,
1533209865.926,,0.0
1533209866.387,11277.6,
1533209866.417,,0.32512
1533209866.895,11277.6,
1533209866.926,,0.32512
1533209867.240,11277.6,
1533209867.400,,0.32512
1533209867.810,11277.6,
1533209867.932,,0.32512
1533209868.183,11277.6,
1533209868.396,,0.32512
1533209868.753,11277.6,
1533209868.804,,0.32512
1533209869.188,11277.6,
1533209869.264,,0.32512
1533209869.691,11277.6,
1533209869.752,,0.32512
1533209870.211,,0.32512
1533209870.260,11277.6,
1533209870.640,,0.32512
1533209870.821,11277.6,
1533209871.054,,0.32512
1533209871.338,11277.6,
1533209871.463,,0.32512
1533209871.852,11277.6,
1533209871.978,,0.32512
1533209871.985,,0.32512
1533209872.316,11277.6,
1533209872.493,,0.0
1533209872.774,11277.6,
1533209873.014,,0.0
1533209873.232,11277.6,
1533209873.454,,0.0
1533209873.841,11277.6,
1533209874.028,,0.0
1533209874.359,11277.6,
1533209874.551,,0.0
1533209874.793,11277.6,
1533209875.016,,0.0
1533209875.301,11277.6,
1533209875.560,,0.0
1533209875.989,11277.6,
1533209876.079,,0.0
1533209876.362,11277.6,
1533209876.675,,0.0
1533209876.861,11277.6,
1533209877.135,,0.0
1533209877.238,11277.6,
1533209877.266,11277.6,
1533209877.742,,0.0
1533209877.825,11277.6,
1533209878.308,,0.0
1533209878.360,11277.6,
1533209878.816,,0.0
1533209878.873,11277.6,
1533209879.388,,0.0
1533209879.441,11277.6,
1533209879.873,,0.0
1533209879.889,,0.0
1533209879.918,11277.6,
1533209880.007,,0.0
1533209880.027,11277.6,
1533209880.459,,0.0
1533209880.485,11277.6,
1533209880.974,11277.6,
1533209880.975,,0.0
1533209881.572,11277.6,
1533209881.572,,0.0
1533209882.096,,0.0
1533209882.135,11277.6,
1533209882.165,,0.0
1533209882.576,11277.6,
1533209882.750,,0.0
1533209883.117,11277.6,
1533209883.190,,0.0
1533209883.566,11277.6,
1533209883.746,,0.0
1533209884.079,11277.6,
1533209884.283,,0.0
1533209884.620,11277.6,
1533209884.749,,0.0
1533209885.043,11277.6,
1533209885.215,,0.0
1533209885.659,11277.6,
1533209885.797,,0.0
1533209886.220,11277.6,
1533209886.232,,0.0
1533209886.570,11277.6,
1533209886.697,,0.0
1533209887.033,11277.6,
1533209887.212,,0.0
1533209887.516,11277.6,
1533209887.796,,-0.32512
1533209887.974,11277.6,
1533209888.234,,-0.32512
1533209888.412,11277.6,
1533209888.646,,-0.32512
1533209889.012,11277.6,
1533209889.068,,-0.32512
1533209889.379,11277.6,
1533209889.707,,-0.32512
1533209889.968,11277.6,
1533209890.135,,-0.32512
1533209890.497,11277.6,
1533209890.626,,-0.32512
1533209890.998,11277.6,
1533209891.068,,-0.32512
1533209891.530,,-0.32512
1533209891.589,11277.6,
1533209891.593,11277.6,
1533209891.732,11277.6,
1533209892.075,,-0.32512
1533209892.178,11277.6,
1533209892.539,,-0.32512
1533209892.539,11277.6,
1533209892.990,11277.6,
1533209893.117,,-0.32512
1533209893.423,11277.6,
1533209893.761,,0.0
1533209893.885,11277.6,
1533209894.165,,0.0
1533209894.450,11277.6,
1533209894.518,,0.0
1533209894.981,,0.0
1533209895.007,11277.6,
1533209895.390,,0.0
1533209895.418,11277.6,
1533209895.824,,0.0
1533209895.891,11277.6,
1533209896.369,,0.0
1533209896.464,11277.6,
1533209896.775,,0.0
1533209897.106,11277.6,
1533209897.333,,0.0
1533209897.553,11277.6,
1533209897.777,,0.0
1533209898.157,11277.6,
1533209898.197,,0.0
1533209898.349,,0.0
1533209898.720,11277.6,
1533209898.847,,0.0
1533209899.269,11277.6,
1533209899.465,,0.32512
1533209899.830,11277.6,
1533209899.943,,0.32512
1533209900.355,11277.6,
1533209900.500,,0.32512
1533209900.746,11277.6,
1533209900.951,,0.32512
1533209901.231,11277.6,
1533209901.420,,0.32512
1533209901.750,11277.6,
1533209901.823,,0.32512
1533209902.329,11277.6,
1533209902.372,,0.32512
1533209902.794,,0.32512
1533209902.871,11277.6,
1533209903.266,,0.32512
1533209903.441,11277.6,
1533209903.857,,0.32512
1533209903.974,11277.6,
1533209904.429,,0.32512
1533209904.582,11277.6,
1533209904.583,11277.6,
1533209904.948,,0.32512
1533209905.129,11277.6,
1533209905.616,,0.0
1533209905.624,11277.6,
1533209906.142,11277.6,
1533209906.153,,0.0
1533209906.557,,0.0
1533209906.611,11277.6,
1533209906.990,11277.6,
1533209906.990,,0.0
1533209907.556,,0.0
1533209907.744,11277.6,
1533209908.083,,0.0
1533209908.197,11277.6,
1533209908.227,11277.6,
1533209908.686,11277.6,
1533209908.725,,0.0
1533209908.750,11277.6,
1533209909.128,,0.0
1533209909.169,11277.6,
1533209909.183,11277.6,
1533209909.583,,0.0
1533209909.609,11277.6,
1533209910.034,,0.0
1533209910.164,11277.6,
1533209910.609,11277.6,
1533209910.679,,0.0
1533209911.077,11277.6,
1533209911.134,,0.0
1533209911.610,11277.6,
1533209911.664,,0.0
1533209912.068,11277.6,
1533209912.079,,0.0
1533209912.582,11277.6,
1533209912.712,,0.0
1533209913.155,,0.0
1533209913.168,11277.6,
1533209913.646,11277.6,
1533209913.711,,0.32512
1533209914.206,11277.6,
1533209914.225,,0.32512
1533209914.301,11277.6,
1533209914.680,,0.32512
1533209914.810,11277.6,
1533209915.199,,0.32512
1533209915.250,11277.6,
1533209915.643,,0.32512
1533209915.801,11277.6,
1533209916.128,,0.32512
1533209916.239,11277.6,
1533209916.656,,0.32512
1533209916.835,11277.6,
1533209917.170,,0.32512
1533209917.418,11277.6,
1533209917.699,,0.32512
1533209917.883,11277.6,
1533209918.280,,0.32512
1533209918.383,11277.6,
1533209918.452,11277.6,
1533209918.969,11277.6,
1533209919.342,,0.32512
1533209919.383,11277.6,
1533209919.766,,0.32512
1533209919.875,11277.6,
1533209920.305,11277.6,
1533209920.383,,0.32512
1533209920.878,11277.6,
1533209920.960,,0.32512
1533209921.447,,0.0
1533209921.479,11277.6,
1533209921.938,,0.0
1533209922.008,11277.6,
1533209922.409,,0.0
1533209922.573,11277.6,
1533209922.900,,0.0
1533209923.016,11277.6,
1533209923.068,,0.0
1533209923.455,11277.6,
1533209923.476,,0.0
1533209923.941,,0.0
1533209923.968,11277.6,
1533209924.438,,0.0
1533209924.458,11277.6,
1533209924.901,,0.0
1533209925.028,11277.6,
1533209925.388,,0.0
1533209925.525,11277.6,
1533209925.861,,0.0
1533209925.964,11277.6,
1533209926.349,,0.0
1533209926.528,11277.6,
1533209926.999,11277.6,
1533209927.199,,0.0
1533209927.378,11277.6,
1533209927.788,,0.0
1533209927.825,11277.6,
1533209928.197,,0.0
1533209928.241,11277.6,
1533209928.649,,0.0
1533209928.680,,-0.32512
1533209928.778,11277.6,
1533209929.072,,-0.32512
1533209929.239,11277.6,
1533209929.344,11277.6,
1533209929.691,11277.6,
1533209929.848,11277.6,
1533209930.028,,-0.32512
1533209930.194,11277.6,
1533209930.786,11277.6,
1533209931.097,,-0.32512
1533209931.273,11277.6,
1533209931.528,,-0.32512
1533209931.737,11277.6,
1533209931.933,11277.6,
1533209931.996,,-0.32512
1533209932.301,11277.6,
1533209932.593,,-0.32512
1533209932.892,11277.6,
1533209933.000,,-0.32512
1533209933.355,11277.6,
1533209933.392,11277.6,
1533209933.572,,-0.32512
1533209933.979,11277.6,
1533209934.113,,-0.32512
1533209934.457,11277.6,
1533209934.647,,-0.32512
1533209934.997,11277.6,
1533209935.179,,-0.32512
1533209935.508,11277.6,
1533209935.733,,0.0
1533209935.938,11277.6,
1533209936.106,11277.6,
1533209936.319,,0.0
1533209936.475,11277.6,
1533209936.865,,0.0
1533209937.282,,0.0
1533209937.310,11277.6,
1533209937.811,,0.0
1533209937.857,11277.6,
1533209938.269,11277.6,
1533209938.282,,0.0
1533209938.684,11277.6,
1533209938.783,,0.0
1533209939.277,11277.6,
1533209939.332,,0.0
1533209939.771,,0.0
1533209939.794,11277.6,
1533209940.174,,0.0
1533209940.343,11277.6,
1533209940.772,,0.0
1533209940.892,11277.6,
1533209941.257,,0.0
1533209941.401,11277.6,
1533209941.798,11277.6,
1533209941.876,,0.0
1533209942.223,11277.6,
1533209942.308,,0.0
1533209942.848,11277.6,
1533209942.867,,0.0
1533209943.383,,0.0
1533209943.415,11277.6,
1533209943.816,,0.0
1533209943.920,11277.6,
1533209944.218,,0.0
1533209944.422,11277.6,
1533209944.819,,0.0
1533209944.945,11277.6,
1533209945.284,,0.0
1533209945.480,11277.6,
1533209945.812,,0.0
1533209945.959,11277.6,
1533209946.264,,0.0
1533209946.400,11277.6,
1533209946.853,11277.6,
1533209946.928,,0.0
1533209947.260,11277.6,
1533209947.408,,0.32512
1533209947.771,11277.6,
1533209947.829,,0.32512
1533209948.183,11277.6,
1533209948.244,,0.32512
1533209948.602,11277.6,
1533209948.842,,0.32512
1533209949.096,11277.6,
1533209949.277,,0.32512
1533209949.687,11277.6,
1533209949.782,,0.32512
1533209950.148,11277.6,
1533209950.184,,0.32512
1533209950.612,,0.0
1533209950.698,11277.6,
1533209951.080,,0.0
1533209951.245,11277.6,
1533209951.612,,0.0
1533209951.857,11277.6,
1533209952.101,,0.0
1533209952.361,11277.6,
1533209952.740,,0.0
1533209952.895,11277.6,
1533209953.170,,0.0
1533209953.287,11277.6,
1533209953.839,11277.6,
1533209954.178,,0.0
1533209954.368,11277.6,
1533209954.619,,0.0
1533209954.800,11277.6,
1533209955.122,,0.0
1533209955.333,11277.6,
1533209955.534,,0.32512
1533209955.841,11277.6,
1533209956.090,,0.32512
1533209956.331,11277.6,
1533209956.641,,0.32512
1533209956.819,11277.6,
1533209957.231,,0.32512
1533209957.358,11277.6,
1533209957.813,,0.32512
1533209957.822,11277.6,
1533209958.258,11277.6,
1533209958.387,,0.32512
1533209958.715,11277.6,
1533209958.803,,0.32512
1533209959.240,,0.32512
1533209959.263,11277.6,
1533209959.651,,0.32512
1533209959.681,11277.6,
1533209959.811,,0.0
1533209960.202,11277.6,
1533209960.283,,0.0
1533209960.734,,0.0
1533209960.798,11277.6,
1533209961.159,,0.0
1533209961.401,11277.6,
1533209961.576,,0.0
1533209961.918,11277.6,
1533209962.049,,0.0
1533209962.443,11277.6,
1533209962.537,,-0.32512
1533209962.873,11277.6,
1533209962.971,,-0.32512
1533209962.993,11277.6,
1533209963.297,11277.6,
1533209963.450,,-0.32512
1533209963.792,11277.6,
1533209964.039,,-0.32512
1533209964.256,11277.6,
1533209964.570,,-0.32512
1533209964.800,11277.6,
1533209964.983,,-0.32512
1533209965.296,11277.6,
1533209965.528,,-0.32512
1533209965.704,11277.6,
1533209965.937,,-0.32512
1533209966.112,11277.6,
1533209966.447,,-0.32512
1533209966.698,11277.6,
1533209966.926,,-0.32512
1533209967.232,11277.6,
1533209967.572,,-0.32512
1533209967.835,11277.6,
1533209968.067,,-0.32512
1533209968.346,11277.6,
1533209968.500,,0.0
1533209968.789,11277.6,
1533209968.998,,0.0
1533209969.259,11277.6,
1533209969.841,11277.6,
1533209969.987,,0.0
1533209970.457,11277.6,
1533209970.478,,0.0
1533209970.914,11277.6,
1533209971.034,,0.0
1533209971.316,11277.6,
1533209971.601,,0.0
1533209971.864,11277.6,
1533209972.039,,0.0
1533209972.344,11277.6,
1533209972.375,11277.6,
1533209972.605,,0.0
1533209972.727,11277.6,
1533209973.061,,0.0
1533209973.154,11277.6,
1533209973.703,,0.0
1533209973.776,11277.6,
1533209974.239,,0.0
1533209974.264,11277.6,
1533209974.707,11277.6,
1533209974.846,,0.0
1533209975.261,11277.6,
1533209975.330,,0.0
1533209975.772,11277.6,
1533209975.811,,0.0
1533209976.152,11277.6,
1533209976.336,,0.0
1533209976.626,11277.6,
1533209976.807,,0.0
1533209977.098,11277.6,
1533209977.155,,0.0
1533209977.178,11277.6,
1533209977.692,11277.6,
1533209977.706,,0.0
1533209978.150,,0.0
1533209978.292,11277.6,
1533209978.701,,0.0
1533209978.824,11277.6,
1533209979.255,,0.0
1533209979.340,11277.6,
1533209979.854,11277.6,
1533209980.130,,0.0
1533209980.270,11277.6,
1533209980.943,11277.6,
1533209981.027,,0.0
1533209981.449,11277.6,
1533209981.550,,0.0
1533209981.963,,0.0
1533209982.040,11277.6,
1533209982.497,,0.0
1533209982.543,11277.6,
1533209983.005,,0.0
1533209983.071,11277.6,
1533209983.474,11277.6,
1533209983.623,,0.0
1533209983.966,11277.6,
1533209984.179,,0.0
1533209984.350,11277.6,
1533209984.761,,0.0
1533209984.935,11277.6,
1533209985.266,,0.0
1533209985.513,11277.6,
1533209985.786,,0.0
1533209986.106,11277.6,
1533209986.302,,0.0
1533209986.534,11277.6,
1533209986.826,,0.0
1533209986.955,11277.6,
1533209987.344,,0.0
1533209987.446,11277.6,
1533209987.782,,0.0
1533209988.011,11277.6,
1533209988.373,,0.0
1533209988.544,11277.6,
1533209988.867,,0.0
1533209989.052,11277.6,
1533209989.371,,0.0
1533209989.468,11277.6,
1533209989.835,,0.0
1533209989.961,11277.6,
1533209990.387,,0.0
1533209990.527,11277.6,
1533209990.957,,0.0
1533209991.053,11277.6,
1533209991.490,,0.0
1533209991.606,11277.6,
1533209991.941,,0.0
1533209992.181,11277.6,
1533209992.351,,0.0
1533209992.612,11277.6,
1533209992.971,,0.0
1533209993.022,11277.6,
1533209993.062,11277.6,
1533209993.377,,0.0
1533209993.436,11277.6,
1533209993.804,,0.0
1533209993.929,11277.6,
1533209994.267,,0.0
1533209994.412,11277.6,
1533209994.680,,0.0
1533209994.976,11277.6,
1533209995.198,,0.0
1533209995.444,11277.6,
1533209995.728,,0.0
1533209995.868,11277.6,
1533209996.205,,0.0
1533209996.409,11277.6,
1533209996.906,11277.6,
1533209997.210,,0.0
1533209997.430,11277.6,
1533209997.963,11277.6,
1533209998.224,,0.0
1533209998.456,11277.6,
1533209998.778,,0.0
1533209998.938,11277.6,
1533209999.197,,0.0
1533209999.395,11277.6,
1533209999.671,,0.0
1533209999.902,11277.6,
1533210000.004,11277.6,
1533210000.144,,0.0
1533210000.394,11277.6,
1533210000.628,,0.0
1533210000.984,11277.6,
1533210001.125,,0.0
1533210001.537,11277.6,
1533210001.714,,0.0
1533210001.946,11277.6,
1533210002.199,,0.0
1533210002.474,11277.6,
1533210002.661,,-0.32512
1533210002.993,11277.6,
1533210003.197,,-0.32512
1533210003.484,11277.6,
1533210003.531,11277.6,
1533210003.753,,-0.32512
1533210004.185,11277.6,
1533210004.342,,-0.32512
1533210004.642,11277.6,
1533210004.959,,-0.32512
1533210005.222,11277.6,
1533210005.428,,-0.32512
1533210005.746,11277.6,
1533210006.007,,-0.32512
1533210006.226,11277.6,
1533210006.541,,0.0
1533210006.691,11277.6,
1533210007.060,,0.0
1533210007.287,11277.6,
1533210007.641,,0.0
1533210007.709,11277.6,
1533210008.052,,0.0
1533210008.109,11277.6,
1533210008.514,11277.6,
1533210008.572,,0.0
1533210009.104,11277.6,
1533210009.619,,0.32512
1533210009.621,11277.6,
1533210010.057,,0.32512
1533210010.280,11277.6,
1533210010.558,,0.32512
1533210010.726,11277.6,
1533210011.094,,0.32512
1533210011.292,11277.6,
1533210011.670,,0.32512
1533210011.806,11277.6,
1533210012.263,,0.32512
1533210012.368,11277.6,
1533210012.683,,0.32512
1533210012.746,11277.6,
1533210013.292,11277.6,
1533210013.354,,0.32512
1533210013.676,,0.0
1533210013.855,11277.6,
1533210014.283,,0.0
1533210014.405,11277.6,
1533210014.817,,0.0
1533210014.942,11277.6,
1533210015.276,,0.0
1533210015.402,11277.6,
1533210015.757,,0.0
1533210015.968,11277.6,
1533210016.539,11277.6,
1533210016.709,,0.0
1533210017.133,11277.6,
1533210017.180,,0.0
1533210017.563,11277.6,
1533210017.632,,0.0
1533210018.086,11277.6,
1533210018.102,,0.0
1533210018.568,,0.0
1533210018.685,11277.6,
1533210019.080,,0.0
1533210019.094,11277.6,
1533210019.533,,0.0
1533210019.698,11277.6,
1533210020.090,,0.0
1533210020.289,11277.6,
1533210020.643,,0.0
1533210020.766,11277.6,
1533210021.252,,0.0
1533210021.353,11277.6,
1533210021.687,,0.0
1533210021.901,11277.6,
1533210022.265,,0.0
1533210022.430,11277.6,
1533210022.802,,0.0
1533210022.879,11277.6,
1533210023.212,,0.0
1533210023.326,11277.6,
1533210023.365,11277.6,
1533210023.802,,0.0
1533210023.859,11277.6,
1533210024.258,,0.0
1533210024.350,11277.6,
1533210024.778,,0.0
1533210024.859,11277.6,
1533210025.259,11277.6,
1533210025.347,,0.0
1533210025.777,11277.6,
1533210025.872,,0.0
1533210026.206,11277.6,
1533210026.292,,0.0
1533210026.706,11277.6,
1533210026.788,,0.0
1533210027.259,11277.6,
1533210027.370,,0.0
1533210027.850,11277.6,
1533210027.863,,0.0
1533210028.425,,0.0
1533210028.439,11277.6,
1533210028.921,11277.6,
1533210028.936,,0.0
1533210029.425,,0.0
1533210029.443,11277.6,
1533210029.876,,0.0
1533210030.015,11277.6,
1533210030.378,,0.0
1533210030.497,11277.6,
1533210030.834,,0.0
1533210030.991,11277.6,
1533210031.275,,0.0
1533210031.403,11277.6,
1533210031.816,,0.0
1533210031.861,11277.6,
1533210032.278,,0.0
1533210032.384,11277.6,
1533210032.693,,0.32512
1533210033.243,,0.32512
1533210033.451,11277.6,
1533210033.674,,0.32512
1533210033.981,11277.6,
1533210034.410,11277.6,
1533210034.620,,0.32512
1533210035.226,,0.32512
1533210035.381,11277.6,
1533210035.637,,0.32512
1533210035.930,11277.6,
1533210036.065,,0.32512
1533210036.362,11277.6,
1533210036.475,,0.32512
1533210036.876,11277.6,
1533210036.951,,0.32512
1533210037.449,11277.6,
1533210037.522,,0.32512
1533210037.892,11277.6,
1533210037.988,,0.32512
1533210038.320,11277.6,
1533210038.409,,0.0
1533210038.779,11277.6,
1533210038.984,,0.0
1533210039.247,11277.6,
1533210039.587,,0.0
1533210039.932,11277.6,
1533210040.167,,0.0
1533210040.273,11277.6,
1533210040.605,,0.0
1533210040.715,11277.6,
1533210041.143,11277.6,
1533210041.161,,0.0
1533210041.721,11277.6,
1533210041.725,,0.0
1533210042.267,,0.0
1533210042.300,11277.6,
1533210042.838,,0.0
1533210042.867,11277.6,
1533210043.292,,0.0
1533210043.381,11277.6,
1533210043.787,,0.0
1533210043.836,11277.6,
1533210044.384,11277.6,
1533210044.700,,0.0
1533210044.924,11277.6,
1533210045.171,,0.0
1533210045.381,11277.6,
1533210045.671,,0.0
1533210045.930,11277.6,
1533210046.140,,0.0
1533210046.524,11277.6,
1533210046.765,,0.0
1533210047.080,11277.6,
1533210047.293,,0.0
1533210047.602,11277.6,
1533210047.766,,0.0
1533210048.095,11277.6,
1533210048.381,,0.0
1533210048.614,11277.6,
1533210048.783,,0.0
1533210049.036,11277.6,
1533210049.204,11277.6,
1533210049.307,,0.0
1533210049.483,11277.6,
1533210049.717,,0.0
1533210050.108,11277.6,
1533210050.246,,0.0
1533210050.569,11277.6,
1533210050.774,,0.0
1533210051.095,11277.6,
1533210051.225,,0.0
1533210051.534,11277.6,
1533210051.694,,0.0
1533210052.031,11277.6,
1533210052.207,,0.0
1533210052.446,11277.6,
1533210052.621,,0.0
1533210052.974,11277.6,
1533210053.051,,0.0
1533210053.488,11277.6,
1533210053.539,,0.0
1533210053.953,,0.0
1533210054.005,11277.6,
1533210054.520,,0.0
1533210054.547,11277.6,
1533210055.100,,0.0
1533210055.206,11277.6,
1533210055.518,,0.0
1533210055.600,11277.6,
1533210056.009,,0.0
1533210056.190,11277.6,
1533210056.550,,0.0
1533210056.629,11277.6,
1533210057.121,,0.0
1533210057.179,11277.6,
1533210057.536,,0.0
1533210057.769,11277.6,
1533210058.004,,0.0
1533210058.550,,0.0
1533210058.839,11277.6,
1533210059.106,,0.0
1533210059.481,11277.6,
1533210059.646,,0.0
1533210060.002,11277.6,
1533210060.015,,0.0
1533210060.516,11277.6,
1533210060.537,,0.0
1533210061.061,11277.6,
1533210061.063,,0.0
1533210061.568,11277.6,
1533210061.651,,-0.32512
1533210062.145,11277.6,
1533210062.200,,-0.32512
1533210062.744,11277.6,
1533210062.758,,-0.32512
1533210063.326,,-0.32512
1533210063.353,11277.6,
1533210063.799,,-0.32512
1533210063.848,11277.6,
1533210064.367,,-0.32512
1533210064.367,11277.6,
1533210064.797,,-0.32512
1533210064.897,11277.6,
1533210065.395,11277.6,
1533210065.429,,-0.32512
1533210065.835,11277.6,
1533210065.898,,-0.32512
1533210066.297,11277.6,
1533210066.387,,-0.32512
1533210066.894,11277.6,
1533210066.909,,-0.32512
1533210067.354,11277.6,
1533210067.568,,-0.32512
1533210067.779,11277.6,
1533210068.032,,-0.32512
1533210068.308,11277.6,
1533210068.885,11277.6,
1533210069.121,,-0.32512
1533210069.424,11277.6,
1533210069.448,11277.6,
1533210069.570,,0.0
1533210069.916,11277.6,
1533210070.031,,0.0
1533210070.421,11277.6,
1533210070.497,,0.0
1533210070.858,11277.6,
1533210070.928,11277.6,
1533210070.942,,0.0
1533210071.344,11277.6,
1533210071.544,,0.0
1533210071.927,11277.6,
1533210072.011,,0.0
1533210072.475,11277.6,
1533210072.633,,0.0
1533210072.996,11277.6,
1533210073.098,11277.6,
1533210073.158,,0.0
1533210073.394,11277.6,
1533210073.549,11277.6,
1533210073.649,,0.0
1533210074.022,11277.6,
1533210074.054,,0.0
1533210074.455,11277.6,
1533210074.631,,0.0
1533210074.887,11277.6,
1533210075.100,,0.0
1533210075.289,11277.6,
1533210075.519,,0.0
1533210075.860,11277.6,
1533210076.018,,0.0
1533210076.423,11277.6,
1533210076.466,,0.0
1533210076.865,11277.6,
1533210077.064,,0.0
1533210077.355,11277.6,
1533210077.608,,0.0
1533210077.880,11277.6,
1533210078.128,,0.0
1533210078.347,11277.6,
1533210078.865,11277.6,
1533210079.159,,0.32512
1533210079.368,11277.6,
1533210079.659,,0.32512
1533210079.850,11277.6,
1533210080.104,,0.32512
1533210080.216,11277.6,
1533210080.758,,0.32512
1533210080.805,11277.6,
1533210081.288,11277.6,
1533210081.288,,0.32512
1533210081.650,11277.6,
1533210081.741,11277.6,
1533210081.812,11277.6,
1533210081.893,,0.0
1533210082.284,11277.6,
1533210082.387,,0.32512
1533210082.804,11277.6,
1533210082.913,,0.32512
1533210083.216,11277.6,
1533210083.314,,0.32512
1533210083.722,11277.6,
1533210083.783,,0.32512
1533210084.234,11277.6,
1533210084.284,,0.32512
1533210084.738,11277.6,
1533210084.834,,0.32512
1533210085.162,11277.6,
1533210085.415,,0.32512
1533210085.580,11277.6,
1533210086.004,,0.32512
1533210086.132,11277.6,
1533210086.416,,0.32512
1533210086.693,11277.6,
1533210086.851,,0.32512
1533210087.172,11277.6,
1533210087.432,,0.32512
1533210087.752,11277.6,
1533210087.935,,0.32512
1533210088.121,11277.6,
1533210088.245,11277.6,
1533210088.492,,0.32512
1533210088.559,11277.6,
1533210088.987,11277.6,
1533210089.012,,0.32512
1533210089.442,11277.6,
1533210089.624,,0.32512
1533210089.900,11277.6,
1533210090.178,,0.32512
1533210090.380,11277.6,
1533210090.649,,0.0
1533210090.869,11277.6,
1533210091.099,,0.0
1533210091.322,11277.6,
1533210091.633,,0.0
1533210091.813,11277.6,
1533210092.231,,0.0
1533210092.394,11277.6,
1533210092.703,,0.0
1533210092.976,11277.6,
1533210093.204,,0.0
1533210093.468,11277.6,
1533210093.749,,0.0
1533210093.904,11277.6,
1533210094.213,,0.0
1533210094.464,11277.6,
1533210094.771,,0.0
1533210094.921,11277.6,
1533210095.329,,0.0
1533210095.382,11277.6,
1533210095.774,,0.0
1533210095.848,11277.6,
1533210096.405,,0.0
1533210096.411,11277.6,
1533210096.853,,0.0
1533210097.033,11277.6,
1533210097.416,,0.0
1533210097.578,11277.6,
1533210097.896,,0.0
1533210098.061,11277.6,
1533210098.531,11277.6,
1533210098.550,,0.0
1533210098.746,11277.6,
1533210099.028,,0.0
1533210099.058,11277.6,
1533210099.492,11277.6,
1533210099.505,11277.6,
1533210099.635,,0.0
1533210099.973,11277.6,
1533210100.081,,0.0
1533210100.488,,0.0
1533210100.538,11277.6,
1533210100.957,11277.6,
1533210101.069,,0.0
1533210101.451,11277.6,
1533210101.591,,0.0
1533210101.995,11277.6,
1533210102.018,,0.0
1533210102.469,11277.6,
1533210102.474,,0.0
1533210102.923,11277.6,
1533210102.978,,0.0
1533210103.369,11277.6,
1533210103.567,,0.0
1533210103.965,11277.6,
1533210104.058,,0.0
1533210104.485,11277.6,
1533210104.596,,0.0
1533210104.919,11277.6,
1533210104.999,,0.0
1533210105.454,,0.0
1533210105.490,11277.6,
1533210105.932,11277.6,
1533210106.017,,0.0
1533210106.445,,0.0
1533210106.497,11277.6,
1533210107.011,,0.0
1533210107.011,11277.6,
1533210107.587,11277.6,
1533210107.594,,0.0
1533210108.133,11277.6,
1533210108.190,,0.0
1533210108.594,11277.6,
1533210108.775,,0.0
1533210109.151,11277.6,
1533210109.285,,0.0
1533210109.572,11277.6,
1533210109.854,,0.0
1533210110.164,11277.6,
1533210110.328,,0.0
1533210110.691,11277.6,
1533210110.891,,-0.32512
1533210111.133,11277.6,
1533210111.300,,-0.32512
1533210111.591,11277.6,
1533210111.896,,-0.32512
1533210112.159,11277.6,
1533210112.469,,-0.32512
1533210112.742,11277.6,
1533210113.038,,-0.32512
1533210113.200,11277.6,
1533210113.584,,-0.32512
1533210113.734,11277.6,
1533210114.027,,-0.32512
1533210114.280,11277.6,
1533210114.634,,-0.32512
1533210114.874,11277.6,
1533210115.206,,-0.32512
1533210115.521,11277.6,
1533210115.668,,-0.32512
1533210115.981,11277.6,
1533210116.205,,-0.32512
1533210116.473,11277.6,
1533210116.609,,-0.32512
1533210116.902,11277.6,
1533210117.043,,-0.32512
1533210117.452,,-0.32512
1533210117.509,11277.6,
1533210117.862,11277.6,
1533210117.903,,-0.32512
1533210118.435,11277.6,
1533210118.462,,-0.32512
1533210118.987,11277.6,
1533210119.044,,-0.32512
1533210119.496,11277.6,
1533210119.508,,-0.32512
1533210120.061,,-0.32512
1533210120.090,11277.6,
1533210120.507,11277.6,
1533210120.565,,-0.32512
1533210121.012,,-0.32512
1533210121.534,,-0.32512
1533210121.652,11277.6,
1533210121.980,,-0.32512
1533210122.235,11277.6,
1533210122.469,,-0.32512
1533210122.693,11277.6,
1533210123.055,,-0.32512
1533210123.192,11277.6,
1533210123.640,,0.0
1533210123.751,11277.6,
1533210124.171,,0.0
1533210124.198,11277.6,
1533210124.558,11277.6,
1533210124.651,,0.0
1533210125.090,11277.6,
1533210125.182,,0.0
1533210125.550,11277.6,
1533210125.664,,0.0
1533210126.095,11277.6,
1533210126.252,,0.0
1533210126.602,11277.6,
1533210126.782,,0.0
1533210127.151,11277.6,
1533210127.331,,0.0
1533210127.550,11277.6,
1533210127.851,,-0.32512
1533210128.062,11277.6,
1533210128.107,11277.6,
1533210128.278,,-0.32512
1533210128.651,11277.6,
1533210128.753,,0.0
1533210129.220,11277.6,
1533210129.223,,0.0
1533210129.653,11277.6,
1533210129.673,,0.0
1533210130.097,,0.0
1533210130.125,11277.6,
1533210130.660,,0.0
1533210130.660,11277.6,
1533210131.121,11277.6,
1533210131.221,,0.0
1533210131.457,11277.6,
1533210131.613,11277.6,
1533210131.736,,0.0
1533210132.185,,0.0
1533210132.211,11277.6,
1533210132.727,,0.0
1533210132.755,11277.6,
1533210133.270,,0.0
1533210133.273,11277.6,
1533210133.683,11277.6,
1533210133.747,,0.32512
1533210134.171,,0.32512
1533210134.207,11277.6,
1533210134.638,,0.32512
1533210134.716,11277.6,
1533210135.129,,0.32512
1533210135.664,,0.32512
1533210135.682,11277.6,
1533210135.757,,0.32512
1533210136.099,,0.32512
1533210136.114,11277.6,
1533210136.497,,0.32512
1533210136.577,11277.6,
1533210137.032,11277.6,
1533210137.038,,0.32512
1533210137.463,11277.6,
1533210137.504,,0.32512
1533210137.944,11277.6,
1533210138.067,,0.32512
1533210138.123,11277.6,
1533210138.506,11277.6,
1533210138.589,,0.32512
1533210139.109,11277.6,
1533210139.541,,0.32512
1533210139.696,11277.6,
1533210140.117,,0.32512
1533210140.214,11277.6,
1533210140.677,11277.6,
1533210140.683,,0.32512
1533210141.153,,0.32512
1533210141.190,11277.6,
1533210141.587,11277.6,
1533210141.647,,0.32512
1533210142.185,11277.6,
1533210142.211,,0.32512
1533210142.772,,0.32512
1533210142.786,11277.6,
1533210143.369,11277.6,
1533210143.377,11277.6,
1533210143.427,,0.32512
1533210143.917,,0.32512
1533210143.947,11277.6,
1533210144.009,11277.6,
1533210144.399,11277.6,
1533210144.466,,0.32512
1533210144.868,,0.32512
1533210144.882,11277.6,
1533210145.306,,0.32512
1533210145.331,11277.6,
1533210145.713,,0.32512
1533210145.773,11277.6,
1533210146.149,,0.32512
1533210146.366,11277.6,
1533210146.533,11277.6,
1533210146.694,,0.32512
1533210146.937,11277.6,
1533210147.326,,0.32512
1533210147.357,11277.6,
1533210147.727,,0.32512
1533210147.745,,0.0
1533210147.770,11277.6,
1533210148.337,11277.6,
1533210148.339,,0.0
1533210148.870,,0.0
1533210148.934,11277.6,
1533210149.366,,0.0
1533210149.370,11277.6,
1533210149.921,,0.0
1533210149.977,11277.6,
1533210150.522,,-0.32512
1533210150.562,11277.6,
1533210150.580,11277.6,
1533210150.987,,-0.32512
1533210151.057,11277.6,
1533210151.483,,-0.32512
1533210151.567,11277.6,
1533210151.936,,-0.32512
1533210152.000,11277.6,
1533210152.406,,-0.32512
1533210152.514,11277.6,
1533210152.821,,-0.32512
1533210152.934,11277.6,
1533210153.414,,-0.32512
1533210153.487,11277.6,
1533210153.870,,-0.65024
1533210154.043,11277.6,
1533210154.516,,-0.32512
1533210154.564,11277.6,
1533210154.987,,-0.32512
1533210155.111,11277.6,
1533210155.444,,-0.32512
1533210155.650,11277.6,
1533210155.894,,-0.32512
1533210156.180,11277.6,
1533210156.409,,-0.32512
1533210156.711,11277.6,
1533210156.854,,-0.32512
1533210157.142,11277.6,
1533210157.340,,-0.32512
1533210157.722,11277.6,
1533210157.877,,0.0
1533210158.197,11277.6,
1533210158.323,,0.0
1533210158.702,11277.6,
1533210158.892,,0.0
1533210159.199,11277.6,
1533210159.361,,0.0
1533210159.694,11277.6,
1533210159.860,,0.0
1533210160.249,11277.6,
1533210160.355,,0.0
1533210160.713,11277.6,
1533210160.878,,0.0
1533210160.998,11277.6,
1533210161.151,11277.6,
1533210161.426,,0.0
1533210161.734,11277.6,
1533210161.852,11277.6,
1533210161.884,,0.0
1533210162.157,11277.6,
1533210162.454,,0.0
1533210162.750,11277.6,
1533210162.894,,0.32512
1533210163.196,11277.6,
1533210163.366,,0.32512
1533210163.697,11277.6,
1533210163.877,,0.32512
1533210164.130,11277.6,
1533210164.370,,0.32512
1533210164.612,11277.6,
1533210164.861,,0.32512
1533210164.991,11277.6,
1533210165.419,,0.32512
1533210165.590,11277.6,
1533210165.854,,0.32512
1533210165.962,11277.6,
1533210166.281,,0.32512
1533210166.498,11277.6,
1533210166.684,,0.32512
1533210166.927,11277.6,
1533210167.216,,0.32512
1533210167.545,11277.6,
1533210167.766,,0.32512
1533210167.942,11277.6,
1533210168.369,,0.32512
1533210168.474,11277.6,
1533210168.855,,0.32512
1533210168.994,11277.6,
1533210169.396,,0.32512
1533210169.582,11277.6,
1533210169.806,,0.0
1533210169.993,11277.6,
1533210170.342,,0.0
1533210170.442,11277.6,
1533210170.858,,0.0
1533210171.012,11277.6,
1533210171.379,,0.0
1533210171.568,11277.6,
1533210171.862,,0.0
1533210172.065,11277.6,
1533210172.306,,0.0
1533210172.565,11277.6,
1533210172.743,,0.0
1533210172.994,11277.6,
1533210173.396,,0.0
1533210173.616,11277.6,
1533210173.880,,0.0
1533210174.115,11277.6,
1533210174.454,,0.0
1533210174.632,11277.6,
1533210174.983,,0.0
1533210175.095,11277.6,
1533210175.506,,0.0
1533210175.637,11277.6,
1533210175.946,,0.0
1533210176.143,11277.6,
1533210176.516,,0.0
1533210176.560,11277.6,
1533210177.081,,0.0
1533210177.136,11277.6,
1533210177.551,11277.6,
1533210177.655,,0.0
1533210177.712,11277.6,
1533210178.027,11277.6,
1533210178.204,,0.0
1533210178.525,11277.6,
1533210178.715,,0.0
1533210179.119,11277.6,
1533210179.271,,0.0
1533210179.626,11277.6,
1533210179.783,,0.0
1533210179.897,,0.0
1533210180.184,,0.0
1533210180.184,11277.6,
1533210180.197,11277.6,
1533210180.664,,0.0
1533210180.759,11277.6,
1533210181.112,,0.0
1533210181.177,11277.6,
1533210181.669,11277.6,
1533210181.691,,0.0
1533210182.042,11277.6,
1533210182.179,,0.0
1533210182.622,,0.0
1533210182.636,11277.6,
1533210183.158,11277.6,
1533210183.170,,0.0
1533210183.668,,0.0
1533210183.687,11277.6,
1533210184.224,,0.0
1533210184.224,11277.6,
1533210184.716,11277.6,
1533210184.767,,0.0
1533210185.259,11277.6,
1533210185.313,,0.0
1533210185.812,11277.6,
1533210185.823,,0.0
1533210186.209,11277.6,
1533210186.401,,0.0
1533210186.814,11277.6,
1533210186.967,,0.0
1533210187.274,11277.6,
1533210187.455,,0.0
1533210187.761,11277.6,
1533210187.899,,0.0
1533210188.234,11277.6,
1533210188.375,,0.0
1533210188.682,11277.6,
1533210188.799,,0.0
1533210188.831,11277.6,
1533210189.178,11277.6,
1533210189.393,,0.0
1533210189.639,11277.6,
1533210189.675,11277.6,
1533210189.998,,0.0
1533210190.136,11277.6,
1533210190.415,,0.0
1533210190.714,11277.6,
1533210190.878,,0.0
1533210191.213,11277.6,
1533210191.314,,0.0
1533210191.483,,0.0
1533210191.785,11277.6,
1533210191.856,,0.0
1533210192.213,11277.6,
1533210192.277,,0.0
1533210192.783,11277.6,
1533210192.836,,0.0
1533210192.870,,0.0
1533210193.211,11277.6,
1533210193.284,,0.0
1533210193.705,11277.6,
1533210193.772,,0.0
1533210193.861,11277.6,
1533210194.214,,0.0
1533210194.272,11277.6,
1533210194.641,,-0.32512
1533210194.765,11277.6,
1533210195.167,,-0.32512
1533210195.261,11277.6,
1533210195.381,11277.6,
1533210195.712,11277.6,
1533210195.754,,0.0
1533210196.177,11277.6,
1533210196.271,,0.0
1533210196.689,11277.6,
1533210196.729,,0.0
1533210197.112,11277.6,
1533210197.180,,0.0
1533210197.660,,0.0
1533210197.698,11277.6,
1533210198.102,,0.0
1533210198.157,11277.6,
1533210198.561,,0.0
1533210198.740,11277.6,
1533210198.969,,0.0
1533210199.269,11277.6,
1533210199.446,,0.0
1533210199.728,11277.6,
1533210199.915,,0.0
1533210200.300,11277.6,
1533210200.479,,-0.32512
1533210200.873,11277.6,
1533210200.953,11277.6,
1533210200.984,,-0.32512
1533210201.342,11277.6,
1533210201.548,,0.0
1533210201.950,,0.0
1533210201.952,11277.6,
1533210202.476,,0.0
1533210202.506,11277.6,
1533210202.917,,0.0
1533210203.026,11277.6,
1533210203.392,,0.0
1533210203.565,11277.6,
1533210203.934,,0.0
1533210204.138,11277.6,
1533210204.357,,0.0
1533210204.693,11277.6,
1533210204.812,,0.0
1533210205.229,11277.6,
1533210205.292,,0.0
1533210205.651,11277.6,
1533210205.884,,0.0
1533210206.127,11277.6,
1533210206.348,,0.0
1533210206.623,11277.6,
1533210206.925,,0.0
1533210207.139,11277.6,
1533210207.467,,0.0
1533210207.622,11277.6,
1533210207.670,11277.6,
1533210207.895,,0.0
1533210208.072,11277.6,
1533210208.411,,0.0
1533210208.563,11277.6,
1533210208.621,11277.6,
1533210208.822,,0.0
1533210208.989,11277.6,
1533210209.335,,0.0
1533210209.419,11277.6,
1533210209.768,,0.0
1533210209.877,11277.6,
1533210210.319,,0.0
1533210210.347,11277.6,
1533210210.870,11277.6,
1533210210.912,,0.0
1533210211.455,11277.6,
1533210211.498,,0.0
1533210211.966,11277.6,
1533210212.061,,0.0
1533210212.082,11277.6,
1533210212.500,11277.6,
1533210212.608,,0.32512
1533210212.957,11277.6,
1533210213.054,,0.32512
1533210213.412,11277.6,
1533210213.550,,0.0
1533210213.951,11277.6,
1533210214.048,,0.0
1533210214.419,11277.6,
1533210214.522,,0.32512
1533210215.000,11277.6,
1533210215.030,,0.32512
1533210215.468,11277.6,
1533210215.579,,0.0
1533210215.840,11277.6,
1533210216.049,,0.0
1533210216.281,11277.6,
1533210216.512,,0.0
1533210216.529,11277.6,
1533210216.702,11277.6,
1533210216.810,11277.6,
1533210217.006,,0.0
1533210217.238,11277.6,
1533210217.661,,0.0
1533210217.667,11277.6,
1533210218.190,,0.0
1533210218.231,11277.6,
1533210218.685,,0.0
1533210218.712,11277.6,
1533210219.098,,0.0
1533210219.204,11277.6,
1533210219.213,,0.0
1533210219.715,,0.0
1533210219.776,11277.6,
1533210220.179,,0.0
1533210220.346,11277.6,
1533210220.588,,0.0
1533210220.879,11277.6,
1533210221.184,,0.0
1533210221.364,11277.6,
1533210221.728,,0.0
1533210221.860,11277.6,
1533210221.887,11277.6,
1533210221.915,11277.6,
1533210222.256,,0.0
1533210222.344,,0.0
1533210222.379,11277.6,
1533210222.805,,-0.32512
1533210222.914,11277.6,
1533210223.248,,-0.32512
1533210223.350,11277.6,
1533210223.731,,0.0
1533210223.842,11277.6,
1533210224.258,11277.6,
1533210224.271,,0.0
1533210224.673,11277.6,
1533210224.756,,0.0
1533210224.800,,-0.32512
1533210225.095,11277.6,
1533210225.384,,-0.32512
1533210225.667,11277.6,
1533210225.870,,0.0
1533210226.210,11277.6,
1533210226.271,,0.0
1533210226.696,11277.6,
1533210226.803,,-0.32512
1533210227.170,11277.6,
1533210227.360,,-0.32512
1533210227.696,11277.6,
1533210227.965,,-0.32512
1533210228.119,11277.6,
1533210228.555,,-0.32512
1533210228.687,11277.6,
1533210229.088,,-0.32512
1533210229.216,11277.6,
1533210229.555,,-0.32512
1533210229.734,11277.6,
1533210229.756,11277.6,
1533210230.072,,-0.32512
1533210230.194,11277.6,
1533210230.522,,-0.32512
1533210230.765,11277.6,
1533210230.959,11277.6,
1533210231.175,,-0.32512
1533210231.336,11277.6,
1533210231.726,,0.0
1533210231.752,11277.6,
1533210232.322,,0.0
1533210232.323,11277.6,
1533210232.844,,0.0
1533210232.877,11277.6,
1533210233.340,11277.6,
1533210233.405,,0.0
1533210233.947,,0.0
1533210234.403,11277.6,
1533210234.547,,0.0
1533210234.883,11277.6,
1533210235.051,,0.0
1533210235.302,11277.6,
1533210235.518,,0.32512
1533210235.870,11277.6,
1533210235.935,11277.6,
1533210236.101,,0.32512
1533210236.458,11277.6,
1533210236.523,,0.32512
1533210236.964,11277.6,
1533210237.017,,0.32512
1533210237.504,11277.6,
1533210237.611,,0.32512
1533210238.017,,0.32512
1533210238.059,11277.6,
1533210238.500,,0.32512
1533210238.561,11277.6,
1533210238.958,,0.32512
1533210238.984,11277.6,
1533210239.409,11277.6,
1533210239.480,,0.32512
1533210239.886,11277.6,
1533210239.934,,0.32512
1533210240.000,,0.32512
1533210240.412,,0.32512
1533210240.457,11277.6,
1533210240.815,,0.32512
1533210240.927,11277.6,
1533210241.290,,0.32512
1533210241.531,11277.6,
1533210241.779,,0.0
1533210242.089,11277.6,
1533210242.217,,0.0
1533210242.526,11277.6,
1533210242.618,,0.0
1533210242.985,11277.6,
1533210243.113,,0.0
1533210243.526,11277.6,
1533210243.547,,0.0
1533210244.065,11277.6,
1533210244.123,,0.0
1533210244.449,11277.6,
1533210244.637,,0.0
1533210245.111,11277.6,
1533210245.169,,0.0
1533210245.493,11277.6,
1533210245.685,,0.0
1533210246.014,11277.6,
1533210246.146,,0.0
1533210246.481,11277.6,
1533210246.648,,0.0
1533210247.152,11277.6,
1533210247.202,,0.0
1533210247.524,11277.6,
1533210247.635,,0.0
1533210248.031,11277.6,
1533210248.237,,0.0
1533210248.545,11277.6,
1533210248.724,,0.0
1533210249.141,11277.6,
1533210249.327,,0.0
1533210249.548,11277.6,
1533210249.861,,0.0
1533210250.140,11277.6,
1533210250.280,,0.0
1533210250.655,11277.6,
1533210250.759,,0.0
1533210251.169,11277.6,
1533210251.183,,0.0
1533210251.653,11277.6,
1533210251.785,,0.0
1533210252.261,11277.6,
1533210252.262,,0.0
1533210252.719,,0.0
1533210252.774,11277.6,
1533210253.149,,0.0
1533210253.230,11277.6,
1533210253.673,,0.0
1533210253.770,11277.6,
1533210254.180,,0.0
1533210254.207,11277.6,
1533210254.629,,0.32512
1533210254.795,11277.6,
1533210254.862,,0.0
1533210254.863,11277.6,
1533210255.254,11277.6,
1533210255.465,,0.32512
1533210255.733,11277.6,
1533210255.869,,0.32512
1533210256.152,11277.6,
1533210256.354,,0.32512
1533210256.645,11277.6,
1533210256.961,,0.32512
1533210257.078,11277.6,
1533210257.195,11277.6,
1533210257.435,,0.32512
1533210257.522,11277.6,
1533210257.540,,0.0
1533210258.106,,0.0
1533210258.491,11277.6,
1533210258.679,,0.0
1533210259.091,11277.6,
1533210259.193,,0.0
1533210259.647,11277.6,
1533210259.678,,0.0
1533210260.203,,0.0
1533210260.229,11277.6,
1533210260.748,,0.0
1533210260.768,11277.6,
1533210261.331,11277.6,
1533210261.340,,0.0
1533210261.799,,0.0
1533210261.884,11277.6,
1533210262.442,11277.6,
1533210262.837,,0.0
1533210262.952,11277.6,
1533210263.031,,0.0
1533210263.370,,0.0
1533210263.525,11277.6,
1533210263.568,11277.6,
1533210263.937,,0.0
1533210263.998,11277.6,
1533210264.496,,0.0
1533210264.590,11277.6,
1533210265.159,11277.6,
1533210265.458,,0.0
1533210265.676,11277.6,
1533210265.998,,0.0
1533210266.090,11277.6,
1533210266.512,,0.0
1533210266.989,,0.0
1533210267.180,11277.6,
1533210267.484,,0.0
1533210267.688,11277.6,
1533210268.097,,0.0
1533210268.285,11277.6,
1533210268.650,,0.0
1533210268.757,11277.6,
1533210269.070,,0.0
1533210269.330,11277.6,
1533210269.823,11277.6,
1533210270.091,,0.0
1533210270.348,11277.6,
1533210270.604,,0.0
1533210270.782,11277.6,
1533210270.984,11277.6,
1533210271.018,,0.0
1533210271.362,11277.6,
1533210271.829,11277.6,
1533210272.062,,0.0
1533210272.335,11277.6,
1533210272.655,,0.0
1533210272.907,11277.6,
1533210273.141,,0.0
1533210273.363,11277.6,
1533210273.750,,0.0
1533210273.949,11277.6,
1533210274.004,11277.6,
1533210274.156,,0.0
1533210274.317,11277.6,
1533210274.631,,0.32512
1533210274.932,11277.6,
1533210275.105,,0.32512
1533210275.355,11277.6,
1533210275.519,,0.0
1533210275.796,11277.6,
1533210275.931,,0.0
1533210276.031,11277.6,
1533210276.358,11277.6,
1533210276.514,,0.0
1533210276.933,,0.0
1533210276.938,11277.6,
1533210277.428,11277.6,
1533210277.429,,0.0
1533210277.986,,0.0
1533210278.024,11277.6,
1533210278.414,,0.0
1533210278.521,11277.6,
1533210279.022,,0.0
1533210279.122,11277.6,
1533210279.517,,0.0
1533210279.576,11277.6,
1533210280.020,11277.6,
1533210280.112,,0.0
1533210280.540,,-0.32512
1533210280.591,11277.6,
1533210281.037,11277.6,
1533210281.063,,-0.32512
1533210281.494,11277.6,
1533210281.620,,-0.32512
1533210282.088,11277.6,
1533210282.107,,-0.32512
1533210282.560,,-0.32512
1533210282.583,11277.6,
1533210283.022,11277.6,
1533210283.154,,-0.32512
1533210283.536,11277.6,
1533210283.761,,-0.32512
1533210284.102,11277.6,
1533210284.214,,-0.32512
1533210284.663,11277.6,
1533210284.782,,-0.32512
1533210285.280,11277.6,
1533210285.297,,-0.32512
1533210285.701,,-0.32512
1533210285.766,11277.6,
1533210286.223,,-0.32512
1533210286.657,,-0.32512
1533210286.776,11277.6,
1533210287.079,,-0.32512
1533210287.369,11277.6,
1533210287.517,,-0.32512
1533210287.928,11277.6,
1533210287.954,,-0.32512
1533210288.401,11277.6,
1533210288.419,,-0.32512
1533210288.920,11277.6,
1533210288.990,,-0.32512
1533210289.404,,-0.32512
1533210289.462,11277.6,
1533210289.952,,-0.32512
1533210290.082,11277.6,
1533210290.396,11277.6,
1533210290.532,,-0.32512
1533210290.959,11277.6,
1533210291.011,,-0.32512
1533210291.073,11277.6,
1533210291.524,11277.6,
1533210291.536,,-0.32512
1533210291.938,11277.6,
1533210292.099,,-0.32512
1533210292.560,11277.6,
1533210292.606,,0.0
1533210293.059,11277.6,
1533210293.172,,0.0
1533210293.500,11277.6,
1533210293.662,,0.0
1533210293.919,11277.6,
1533210294.113,,0.0
1533210294.529,11277.6,
1533210294.632,,0.0
1533210294.683,11277.6,
1533210295.010,11277.6,
1533210295.162,,0.0
1533210295.486,11277.6,
1533210295.512,11277.6,
1533210295.739,,0.0
1533210296.099,11277.6,
1533210296.181,,0.0
1533210296.545,11277.6,
1533210296.688,,0.0
1533210297.068,11277.6,
1533210297.205,,0.0
1533210297.531,11277.6,
1533210297.663,,0.0
1533210298.027,11277.6,
1533210298.130,11277.6,
1533210298.245,,0.0
1533210298.585,11277.6,
1533210298.677,,0.0
1533210299.080,11277.6,
1533210299.203,,0.0
1533210299.506,11277.6,
1533210299.663,,0.0
1533210299.682,11277.6,
1533210300.106,,0.0
1533210300.158,11277.6,
1533210300.594,11277.6,
1533210300.594,,0.0
1533210300.690,11277.6,
1533210301.033,,0.0
1533210301.116,11277.6,
1533210301.565,,0.0
1533210301.617,11277.6,
1533210301.995,,0.0
1533210302.131,11277.6,
1533210302.515,,0.0
1533210302.551,11277.6,
1533210302.731,11277.6,
1533210303.119,,0.0
1533210303.254,11277.6,
1533210303.667,,0.0
1533210304.121,,0.0
1533210304.269,11277.6,
1533210304.307,,0.0
1533210304.754,,0.0
1533210304.775,11277.6,
1533210305.190,,0.0
1533210305.198,11277.6,
1533210305.656,,0.0
1533210305.720,11277.6,
1533210306.203,,0.0
1533210306.270,11277.6,
1533210306.669,,0.0
1533210306.804,11277.6,
1533210307.090,,0.0
1533210307.277,11277.6,
1533210307.588,,0.0
1533210308.043,,0.0
1533210308.083,11277.6,
1533210308.560,11277.6,
1533210308.613,,0.0
1533210308.982,11277.6,
1533210309.048,,0.0
1533210309.533,,0.0
1533210310.069,,0.0
1533210310.545,11277.6,
1533210310.649,,0.0
1533210310.986,11277.6,
1533210311.165,,0.0
1533210311.766,,0.0
1533210311.918,11277.6,
1533210312.251,,0.0
1533210312.496,11277.6,
1533210312.748,,0.0
1533210313.069,11277.6,
1533210313.220,,0.0
1533210313.744,,0.0
1533210314.003,11277.6,
1533210314.333,,0.0
1533210314.602,11277.6,
1533210314.860,,0.0
1533210315.070,11277.6,
1533210315.309,,0.0
1533210315.565,11277.6,
1533210315.733,,0.0
1533210316.072,11277.6,
1533210316.188,,0.0
1533210316.200,11277.6,
1533210316.620,11277.6,
1533210316.694,,0.0
1533210317.093,11277.6,
1533210317.246,,0.0
1533210317.686,11277.6,
1533210317.740,,0.0
1533210318.223,,0.0
1533210318.284,11277.6,
1533210318.706,,0.0
1533210318.860,11277.6,
1533210319.174,,0.0
1533210319.373,11277.6,
1533210319.714,,0.0
1533210319.793,11277.6,
1533210320.183,,0.0
1533210320.212,11277.6,
1533210320.691,11277.6,
1533210320.754,,0.0
1533210321.206,,0.0
1533210321.291,11277.6,
1533210321.794,,0.0
1533210321.887,11277.6,
1533210322.197,,0.0
1533210322.324,11277.6,
1533210322.653,,0.0
1533210322.869,11277.6,
1533210323.124,,0.0
1533210323.125,,0.0
1533210323.405,11277.6,
1533210323.677,,0.32512
1533210323.886,11277.6,
1533210324.105,,0.32512
1533210324.322,11277.6,
1533210324.694,,0.32512
1533210324.838,11277.6,
1533210325.175,,0.32512
1533210325.239,11277.6,
1533210325.656,,0.32512
1533210325.814,11277.6,
1533210326.101,,0.32512
1533210326.358,11277.6,
1533210326.578,,0.32512
1533210326.951,11277.6,
1533210327.128,,0.32512
1533210327.378,11277.6,
1533210327.705,,0.32512
1533210327.887,11277.6,
1533210328.279,,0.32512
1533210328.440,11277.6,
1533210328.878,11277.6,
1533210329.243,,0.0
1533210329.376,11277.6,
1533210329.749,,0.0
1533210329.926,11277.6,
1533210330.199,,0.0
1533210330.417,11277.6,
1533210330.655,,0.0
1533210330.834,11277.6,
1533210331.169,,0.0
1533210331.695,,0.0
1533210331.807,11277.6,
1533210332.163,,0.0
1533210332.380,11277.6,
1533210332.636,,0.0
1533210332.838,11277.6,
1533210333.160,,0.0
1533210333.337,11277.6,
1533210333.711,,0.0
1533210333.874,11277.6,
1533210334.136,,0.0
1533210334.296,11277.6,
1533210334.644,,0.0
1533210334.756,11277.6,
1533210335.231,,0.0
1533210335.340,11277.6,
1533210335.742,,0.0
1533210335.774,11277.6,
1533210336.180,,0.0
1533210336.250,11277.6,
1533210336.764,11277.6,
1533210336.808,,0.0
1533210337.190,11277.6,
1533210337.313,,0.0
1533210337.614,11277.6,
1533210337.794,11277.6,
1533210337.868,,0.0
1533210338.258,11277.6,
1533210338.342,,0.0
1533210338.791,11277.6,
1533210338.977,,0.0
1533210339.045,,0.0
1533210339.251,11277.6,
1533210339.387,,0.0
1533210339.858,11277.6,
1533210339.866,,0.0
1533210340.407,11277.6,
1533210340.430,,0.0
1533210340.870,,0.0
1533210340.911,11277.6,
1533210341.410,,0.0
1533210341.436,11277.6,
1533210341.847,11277.6,
1533210342.008,,0.32512
1533210342.296,11277.6,
1533210342.555,,0.32512
1533210342.765,11277.6,
1533210342.889,11277.6,
1533210343.154,,0.32512
1533210343.326,11277.6,
1533210343.598,,0.32512
1533210343.932,11277.6,
1533210344.398,11277.6,
1533210344.650,,0.32512
1533210344.983,11277.6,
1533210345.099,,0.32512
1533210345.560,11277.6,
1533210345.978,11277.6,
1533210346.343,,0.32512
1533210346.464,11277.6,
1533210346.783,,0.0
1533210347.058,11277.6,
1533210347.358,,0.0
1533210347.578,11277.6,
1533210347.956,,0.0
1533210347.984,11277.6,
1533210348.477,,0.0
1533210348.538,,0.0
1533210348.580,11277.6,
1533210349.076,,0.0
1533210349.144,11277.6,
1533210349.574,,0.0
1533210349.587,11277.6,
1533210349.980,,-0.32512
1533210350.062,11277.6,
1533210350.272,11277.6,
1533210350.387,,-0.32512
1533210350.549,11277.6,
1533210350.880,,-0.32512
1533210351.089,11277.6,
1533210351.391,,-0.32512
1533210351.611,11277.6,
1533210351.829,,-0.32512
1533210352.047,11277.6,
1533210352.358,,-0.32512
1533210352.616,11277.6,
1533210352.947,,-0.32512
1533210353.112,11277.6,
1533210353.511,,-0.32512
1533210353.653,11277.6,
1533210354.032,,0.0
1533210354.150,,-0.32512
1533210354.264,11277.6,
1533210354.608,,0.0
1533210354.764,11277.6,
1533210355.099,,0.0
1533210355.269,11277.6,
1533210355.638,,-0.32512
1533210355.734,11277.6,
1533210356.107,,-0.32512
1533210356.327,11277.6,
1533210356.641,,0.0
1533210356.839,11277.6,
1533210357.228,,0.0
1533210357.472,11277.6,
1533210357.855,11277.6,
1533210358.328,,-0.32512
1533210358.380,11277.6,
1533210358.826,,-0.32512
1533210358.892,11277.6,
1533210359.262,,-0.32512
1533210359.485,11277.6,
1533210359.835,,-0.32512
1533210359.855,11277.6,
1533210360.278,11277.6,
1533210360.431,,-0.32512
1533210360.734,11277.6,
1533210360.879,,0.0
1533210361.327,11277.6,
1533210361.352,11277.6,
1533210361.368,,0.0
1533210361.931,11277.6,
1533210361.942,,0.0
1533210362.360,11277.6,
1533210362.462,,0.0
1533210362.821,11277.6,
1533210363.004,,0.0
1533210363.369,11277.6,
1533210363.429,,0.0
1533210364.310,11277.6,
1533210364.377,,0.0
1533210364.786,11277.6,
1533210365.022,,0.0
1533210365.339,11277.6,
1533210365.462,,0.0
1533210365.829,11277.6,
1533210366.042,,0.0
1533210366.416,11277.6,
1533210366.576,,0.0
1533210366.837,11277.6,
1533210366.979,,0.0
1533210367.374,11277.6,
1533210367.454,,0.0
1533210367.952,11277.6,
1533210368.461,11277.6,
1533210368.478,,0.0
1533210368.972,,-0.32512
1533210369.059,11277.6,
1533210369.468,,-0.32512
1533210369.593,11277.6,
1533210369.762,11277.6,
1533210369.989,,0.0
1533210370.128,11277.6,
1533210370.442,,0.0
1533210370.598,11277.6,
1533210370.920,,-0.32512
1533210371.073,11277.6,
1533210371.358,,-0.32512
1533210371.489,11277.6,
1533210371.807,,-0.32512
1533210372.012,11277.6,
1533210372.380,,-0.32512
1533210372.561,11277.6,
1533210372.789,,-0.32512
1533210373.038,11277.6,
1533210373.345,,-0.32512
1533210373.586,11277.6,
1533210373.882,,-0.32512
1533210374.049,11277.6,
1533210374.458,,-0.32512
1533210374.636,11277.6,
1533210374.951,,-0.32512
1533210375.153,11277.6,
1533210375.423,,-0.32512
1533210375.704,11277.6,
1533210375.849,,-0.32512
1533210376.184,11269.980000000001,
1533210376.369,,-0.32512
1533210376.704,11269.980000000001,
1533210376.937,,-0.32512
1533210377.135,11269.980000000001,
1533210377.400,,-0.32512
1533210377.404,11269.980000000001,
1533210377.644,11269.980000000001,
1533210377.990,,-0.65024
1533210378.067,11269.980000000001,
1533210378.510,,-0.65024
1533210378.542,11269.980000000001,
1533210379.043,,-0.32512
1533210379.070,11269.980000000001,
1533210379.525,,-0.32512
1533210379.590,11269.980000000001,
1533210379.828,11269.980000000001,
1533210379.957,,-0.32512
1533210380.121,11269.980000000001,
1533210380.552,,0.0
1533210380.558,11269.980000000001,
1533210381.018,,0.0
1533210381.131,11269.980000000001,
1533210381.514,,0.0
1533210382.031,11269.980000000001,
1533210382.523,,0.0
1533210382.634,11269.980000000001,
1533210383.026,,0.32512
1533210383.194,11269.980000000001,
1533210383.604,,0.32512
1533210383.675,11269.980000000001,
1533210384.080,11269.980000000001,
1533210384.597,,0.32512
1533210385.166,11269.980000000001,
1533210385.223,,0.32512
1533210385.655,,0.65024
1533210385.683,11269.980000000001,
1533210386.063,,0.65024
1533210386.105,11269.980000000001,
1533210386.514,,0.65024
1533210386.628,11277.6,
1533210387.112,,0.65024
1533210387.119,11277.6,
1533210387.632,11277.6,
1533210387.689,,0.65024
1533210387.755,11277.6,
1533210388.127,11277.6,
1533210388.278,,0.65024
1533210388.554,11277.6,
1533210388.856,,0.32512
1533210388.974,11277.6,
1533210388.987,,0.65024
1533210389.352,,0.32512
1533210389.454,11277.6,
1533210389.755,,0.32512
1533210389.936,11277.6,
1533210390.297,,0.32512
1533210390.427,11277.6,
1533210390.431,11277.6,
1533210390.716,,0.32512
1533210390.769,11277.6,
1533210391.280,,0.32512
1533210391.350,11277.6,
1533210391.707,11277.6,
1533210391.713,,0.0
1533210392.232,11277.6,
1533210392.282,11277.6,
1533210392.306,,0.0
1533210392.730,11277.6,
1533210392.738,,0.0
1533210393.140,11277.6,
1533210393.215,,0.0
1533210393.581,11277.6,
1533210393.667,,-0.32512
1533210394.114,11277.6,
1533210394.183,11277.6,
1533210394.196,,-0.32512
1533210394.606,11277.6,
1533210394.778,,-0.32512
1533210395.026,11277.6,
1533210395.274,,-0.32512
1533210395.483,11277.6,
1533210395.824,,-0.32512
1533210395.955,11277.6,
1533210396.325,,-0.32512
1533210396.421,11277.6,
1533210396.792,,-0.32512
1533210396.874,11277.6,
1533210397.227,,-0.32512
1533210397.285,11277.6,
1533210397.814,,-0.32512
1533210397.876,11277.6,
1533210398.384,,-0.32512
1533210398.452,11277.6,
1533210398.873,11277.6,
1533210398.914,11277.6,
1533210398.940,,-0.32512
1533210399.337,11277.6,
1533210399.489,,-0.32512
1533210399.849,11269.980000000001,
1533210399.900,,-0.32512
1533210400.319,11269.980000000001,
1533210400.522,,-0.32512
1533210400.776,11269.980000000001,
1533210400.934,,-0.32512
1533210401.297,11277.6,
1533210401.420,,-0.32512
1533210401.825,11277.6,
1533210401.980,,0.0
1533210402.284,11269.980000000001,
1533210402.422,,0.0
1533210402.725,11269.980000000001,
1533210402.948,,0.0
1533210403.141,11277.6,
1533210403.224,11269.980000000001,
1533210403.723,11269.980000000001,
1533210403.964,,-0.32512
1533210404.240,11269.980000000001,
1533210404.434,,-0.32512
1533210404.747,11269.980000000001,
1533210404.931,,-0.32512
1533210405.323,11269.980000000001,
1533210405.489,,-0.32512
1533210405.859,11269.980000000001,
1533210405.929,,-0.32512
1533210406.400,11269.980000000001,
1533210406.507,,-0.32512
1533210406.935,11269.980000000001,
1533210407.065,,0.0
1533210407.350,11269.980000000001,
1533210407.405,11269.980000000001,
1533210407.537,,0.0
1533210407.929,11269.980000000001,
1533210408.005,,-0.32512
1533210408.348,11269.980000000001,
1533210408.417,,-0.32512
1533210408.868,11269.980000000001,
1533210408.951,,-0.32512
1533210409.381,11269.980000000001,
1533210409.531,,-0.32512
1533210409.852,11269.980000000001,
1533210410.123,,-0.32512
1533210410.386,11269.980000000001,
1533210410.629,,-0.32512
1533210410.966,11269.980000000001,
1533210411.146,,-0.32512
1533210411.367,11269.980000000001,
1533210411.743,,0.0
1533210411.769,11269.980000000001,
1533210412.248,11269.980000000001,
1533210412.292,,0.0
1533210412.793,,0.0
1533210412.805,11269.980000000001,
1533210413.203,,0.0
1533210413.301,11269.980000000001,
1533210413.774,,0.0
1533210413.788,11269.980000000001,
1533210414.285,,0.0
1533210414.340,11269.980000000001,
1533210414.796,11269.980000000001,
1533210414.847,,0.32512
1533210415.253,11269.980000000001,
1533210415.448,,0.32512
1533210415.809,11269.980000000001,
1533210415.908,11269.980000000001,
1533210415.988,,0.32512
1533210416.246,11269.980000000001,
1533210416.440,,0.32512
1533210416.838,11269.980000000001,
1533210416.900,,0.32512
1533210417.272,11269.980000000001,
1533210417.444,,0.32512
1533210417.858,11269.980000000001,
1533210417.969,,0.0
1533210418.263,11269.980000000001,
1533210418.401,,0.0
1533210418.992,,0.0
1533210419.098,11269.980000000001,
1533210419.508,,0.0
1533210419.637,11269.980000000001,
1533210420.068,,0.0
1533210420.147,11269.980000000001,
1533210420.515,,0.0
1533210420.623,11269.980000000001,
1533210421.016,,0.0
1533210421.154,11269.980000000001,
1533210421.453,,0.0
1533210421.630,11269.980000000001,
1533210421.748,11269.980000000001,
1533210422.033,,0.0
1533210422.227,11269.980000000001,
1533210422.517,,0.0
1533210422.814,11269.980000000001,
1533210423.010,,0.0
1533210423.345,11269.980000000001,
1533210423.430,,0.0
1533210423.923,,0.0
1533210424.438,,0.0
1533210424.467,11269.980000000001,
1533210424.925,11269.980000000001,
1533210424.942,,0.0
1533210425.390,11269.980000000001,
1533210425.464,,0.0
1533210425.862,11269.980000000001,
1533210425.932,,0.0
1533210426.385,11269.980000000001,
1533210426.387,,0.0
1533210426.820,,0.0
1533210427.007,11269.980000000001,
1533210427.341,,0.0
1533210427.420,11269.980000000001,
1533210427.822,,0.0
1533210427.918,11269.980000000001,
1533210428.403,,0.0
1533210428.522,11269.980000000001,
1533210428.838,,0.0
1533210429.058,11269.980000000001,
1533210429.328,,0.0
1533210429.470,11269.980000000001,
1533210429.820,,0.32512
1533210429.930,11269.980000000001,
1533210430.232,,0.32512
1533210430.423,11269.980000000001,
1533210430.649,,0.0
1533210430.958,11269.980000000001,
1533210431.145,,0.0
1533210431.373,11269.980000000001,
1533210431.560,,0.0
1533210431.599,11269.980000000001,
1533210431.782,11269.980000000001,
1533210432.140,,0.0
1533210432.278,11269.980000000001,
1533210432.615,,0.0
1533210432.780,11269.980000000001,
1533210433.122,,0.0
1533210433.305,11269.980000000001,
1533210433.607,,0.0
1533210433.728,11269.980000000001,
1533210434.061,,0.0
1533210434.303,11269.980000000001,
1533210434.554,,0.0
1533210434.851,11269.980000000001,
1533210435.119,,0.32512
1533210435.265,11269.980000000001,
1533210435.545,,0.32512
1533210435.701,11269.980000000001,
1533210435.962,,0.0
1533210436.135,11269.980000000001,
1533210436.400,,0.0
1533210436.586,11277.6,
1533210436.815,,0.0
1533210437.089,11277.6,
1533210437.366,,0.0
1533210437.522,11269.980000000001,
1533210437.778,,0.0
1533210437.941,11269.980000000001,
1533210438.343,,0.0
1533210438.505,11277.6,
1533210438.843,,0.0
1533210439.070,11269.980000000001,
1533210439.389,,0.0
1533210439.520,11269.980000000001,
1533210439.792,,-0.32512
1533210439.974,11269.980000000001,
1533210440.386,11269.980000000001,
1533210440.500,,0.0
1533210440.921,11269.980000000001,
1533210440.974,,-0.32512
1533210441.417,11269.980000000001,
1533210441.541,,-0.32512
1533210441.632,11269.980000000001,
1533210442.009,11269.980000000001,
1533210442.088,,0.0
1533210442.504,11269.980000000001,
1533210442.545,,0.0
1533210442.925,11269.980000000001,
1533210443.050,,0.0
1533210443.517,11269.980000000001,
1533210443.605,,0.0
1533210443.948,11269.980000000001,
1533210444.122,,0.0
1533210444.482,11269.980000000001,
1533210444.564,,0.0
1533210444.888,11269.980000000001,
1533210445.159,,0.0
1533210445.378,11269.980000000001,
1533210445.643,,0.0
1533210445.917,11269.980000000001,
1533210446.089,,0.0
1533210446.497,11269.980000000001,
1533210446.615,,0.0
1533210446.924,11269.980000000001,
1533210447.140,,0.0
1533210447.333,11269.980000000001,
1533210447.580,,0.0
1533210447.883,11269.980000000001,
1533210448.125,,0.0
1533210448.485,11269.980000000001,
1533210448.556,,0.0
1533210448.997,,0.0
1533210449.070,11269.980000000001,
1533210449.540,,0.0
1533210449.608,11269.980000000001,
1533210449.959,,0.0
1533210450.122,11269.980000000001,
1533210450.459,,0.0
1533210450.552,11269.980000000001,
1533210450.897,,0.0
1533210451.103,11269.980000000001,
1533210451.485,,0.0
1533210451.509,11269.980000000001,
1533210451.970,,0.0
1533210452.068,11269.980000000001,
1533210452.478,11269.980000000001,
1533210452.508,,0.0
1533210453.020,,0.0
1533210453.087,11269.980000000001,
1533210453.535,,0.0
1533210453.610,11269.980000000001,
1533210454.121,,0.32512
1533210454.121,11269.980000000001,
1533210454.573,,0.32512
1533210454.724,11269.980000000001,
1533210455.066,,0.32512
1533210455.154,11269.980000000001,
1533210455.504,,0.32512
1533210455.579,11269.980000000001,
1533210456.060,,0.32512
1533210456.172,11277.6,
1533210456.589,11277.6,
1533210456.590,,0.32512
1533210457.023,11277.6,
1533210457.023,,0.32512
1533210457.111,11277.6,
1533210457.561,,0.32512
1533210457.673,11277.6,
1533210457.792,11277.6,
1533210458.061,,0.32512
1533210458.233,11277.6,
1533210458.272,11277.6,
1533210458.486,,0.32512
1533210458.685,11277.6,
1533210459.064,,0.32512
1533210459.164,11277.6,
1533210459.613,,0.32512
1533210459.706,11277.6,
1533210460.136,,0.32512
1533210460.286,11277.6,
1533210460.621,,0.0
1533210460.702,11277.6,
1533210461.155,11277.6,
1533210461.197,,0.0
1533210461.606,11277.6,
1533210461.706,,0.0
1533210462.061,11277.6,
1533210462.143,,0.0
1533210462.683,,0.32512
1533210463.023,11277.6,
1533210463.179,,0.32512
1533210463.655,,0.32512
1533210463.672,,0.0
1533210464.173,,0.0
1533210464.179,11277.6,
1533210464.644,,0.32512
1533210464.752,11277.6,
1533210465.132,,0.32512
1533210465.264,11277.6,
1533210465.683,,0.0
1533210465.822,11277.6,
1533210466.025,11277.6,
1533210466.174,,0.0
1533210466.303,11277.6,
1533210466.472,11277.6,
1533210466.718,,0.0
1533210466.911,11277.6,
1533210467.146,,0.0
1533210467.368,11277.6,
1533210467.671,,0.0
1533210467.923,11277.6,
1533210468.268,,0.0
1533210468.381,11277.6,
1533210468.445,11277.6,
1533210468.799,11277.6,
1533210468.799,,0.0
1533210469.294,,0.0
1533210469.377,11277.6,
1533210469.843,11277.6,
1533210469.845,,0.0
1533210470.298,11277.6,
1533210470.330,,0.0
1533210470.870,,-0.32512
1533210470.906,11277.6,
1533210471.367,11277.6,
1533210471.436,,-0.32512
1533210471.826,11277.6,
1533210471.949,,0.0
1533210472.364,11277.6,
1533210472.391,,0.0
1533210472.817,11277.6,
1533210472.959,,0.0
1533210473.286,11277.6,
1533210473.424,,0.0
1533210473.916,,-0.32512
1533210473.966,,0.0
1533210474.263,11277.6,
1533210474.489,,-0.32512
1533210474.764,11277.6,
1533210474.949,,-0.32512
1533210475.245,11277.6,
1533210475.504,,-0.32512
1533210475.752,11277.6,
1533210476.096,,-0.32512
1533210476.150,11277.6,
1533210476.564,11277.6,
1533210476.592,,-0.32512
1533210476.822,11277.6,
1533210476.977,11277.6,
1533210477.163,,-0.32512
1533210477.385,11277.6,
1533210477.601,,0.0
1533210477.845,11277.6,
1533210478.145,,0.0
1533210478.351,11277.6,
1533210478.719,,-0.32512
1533210478.774,11277.6,
1533210479.254,11277.6,
1533210479.263,,-0.32512
1533210479.728,,-0.32512
1533210479.747,11277.6,
1533210479.750,,-0.32512
1533210480.217,,-0.32512
1533210480.279,11277.6,
1533210480.716,,0.0
1533210480.798,11277.6,
1533210481.202,,0.0
1533210481.257,11277.6,
1533210481.637,,0.0
1533210481.737,11269.980000000001,
1533210482.211,,0.0
1533210482.292,11269.980000000001,
1533210482.641,,0.0
1533210482.809,11277.6,
1533210483.197,,0.0
1533210483.262,11277.6,
1533210483.744,,0.0
1533210483.789,11277.6,
1533210484.230,11277.6,
1533210484.298,,0.0
1533210484.711,11277.6,
1533210484.786,,0.0
1533210485.201,11277.6,
1533210485.310,,0.0
1533210485.315,11277.6,
1533210485.766,11277.6,
1533210485.873,,0.0
1533210486.288,,0.0
1533210486.292,11277.6,
1533210486.723,,0.0
1533210486.865,11277.6,
1533210487.248,,0.0
1533210487.408,11277.6,
1533210487.852,,0.0
1533210487.947,11277.6,
1533210488.278,,0.0
1533210488.371,11277.6,
1533210488.739,,0.0
1533210488.793,11277.6,
1533210489.170,,0.0
1533210489.221,11277.6,
1533210489.719,11277.6,
1533210489.737,,0.0
1533210490.183,,0.0
1533210490.260,11277.6,
1533210490.649,,0.32512
1533210490.832,11277.6,
1533210491.119,,0.32512
1533210491.291,11277.6,
1533210491.592,,0.32512
1533210491.874,11277.6,
1533210492.132,,0.32512
1533210492.376,11277.6,
1533210492.417,11277.6,
1533210492.618,,0.32512
1533210492.835,11277.6,
1533210492.889,11277.6,
1533210493.073,,0.32512
1533210493.433,11277.6,
1533210493.585,,0.32512
1533210494.027,,0.32512
1533210494.537,11277.6,
1533210494.541,,0.32512
1533210494.969,,0.0
1533210495.010,11277.6,
1533210495.461,,0.0
1533210495.500,11277.6,
1533210495.868,,0.0
1533210495.915,11277.6,
1533210496.349,11277.6,
1533210496.432,,0.0
1533210496.806,11277.6,
1533210496.902,,0.0
1533210497.313,11277.6,
1533210497.361,,0.0
1533210497.736,11277.6,
1533210497.880,11277.6,
1533210497.923,,0.0
1533210498.410,11277.6,
1533210498.411,,0.0
1533210498.884,11277.6,
1533210498.903,,0.0
1533210499.348,11277.6,
1533210499.400,11277.6,
1533210499.493,,0.0
1533210499.864,11277.6,
1533210500.084,,0.0
1533210500.380,11277.6,
1533210500.529,,0.0
1533210500.782,11277.6,
1533210501.117,,0.0
1533210501.310,11277.6,
1533210501.621,,0.0
1533210501.839,11277.6,
1533210502.126,,0.0
1533210502.331,11277.6,
1533210502.494,11277.6,
1533210502.628,,0.0
1533210502.758,11277.6,
1533210503.061,,0.0
1533210503.303,11277.6,
1533210503.565,,0.0
1533210503.804,11277.6,
1533210503.993,,0.0
1533210504.233,11277.6,
1533210504.274,11277.6,
1533210504.418,,0.0
1533210504.805,11277.6,
1533210505.245,11277.6,
1533210505.486,,0.0
1533210505.731,11277.6,
1533210506.241,11277.6,
1533210506.444,,0.0
1533210506.780,11277.6,
1533210507.046,,0.0
1533210507.360,11277.6,
1533210507.473,,0.0
1533210507.774,11277.6,
1533210508.072,,-0.32512
1533210508.476,,-0.32512
1533210508.884,11277.6,
1533210508.941,,-0.32512
1533210509.392,11277.6,
1533210509.519,,-0.32512
1533210509.919,11277.6,
1533210509.968,,-0.32512
1533210510.373,,-0.32512
1533210510.387,11277.6,
1533210510.420,11277.6,
1533210510.885,11269.980000000001,
1533210511.284,,-0.32512
1533210511.362,11277.6,
1533210511.719,,0.0
1533210511.867,11277.6,
1533210512.288,11269.980000000001,
1533210512.306,,0.0
1533210512.500,11277.6,
1533210512.719,11269.980000000001,
1533210512.830,,0.0
1533210513.174,11269.980000000001,
1533210513.311,,0.0
1533210513.611,11269.980000000001,
1533210513.812,,0.0
1533210514.213,11269.980000000001,
1533210514.263,,0.0
1533210514.612,11269.980000000001,
1533210514.670,,0.0
1533210515.024,11269.980000000001,
1533210515.211,,0.0
1533210515.488,11277.6,
1533210515.706,,0.32512
1533210516.062,11277.6,
1533210516.286,,0.32512
1533210516.657,11277.6,
1533210516.879,,0.32512
1533210517.194,11277.6,
1533210517.338,,0.32512
1533210517.559,11277.6,
1533210517.790,,0.32512
1533210518.093,11277.6,
1533210518.380,,0.32512
1533210518.704,11277.6,
1533210518.956,,0.32512
1533210519.292,11277.6,
1533210519.533,,0.32512
1533210519.883,11277.6,
1533210519.992,,0.32512
1533210520.431,,0.32512
1533210520.468,11277.6,
1533210520.982,,0.32512
1533210521.019,11277.6,
1533210521.446,,0.32512
1533210521.589,11277.6,
1533210521.944,,0.0
1533210522.021,11277.6,
1533210522.451,,0.0
1533210522.525,11277.6,
1533210522.879,,0.0
1533210523.046,11277.6,
1533210523.310,,0.0
1533210523.493,11277.6,
1533210523.803,,0.0
1533210523.893,11277.6,
1533210524.205,,0.0
1533210524.458,11277.6,
1533210524.722,,0.0
1533210524.990,11277.6,
1533210525.204,,0.0
1533210525.528,11277.6,
1533210525.798,,0.0
1533210525.981,11277.6,
1533210526.325,,0.0
1533210526.401,11277.6,
1533210526.819,11277.6,
1533210526.851,,0.0
1533210527.229,11277.6,
1533210527.264,,0.0
1533210527.767,,0.0
1533210527.775,11277.6,
1533210528.343,11277.6,
1533210528.348,,0.0
1533210528.778,11277.6,
1533210528.805,,-0.32512
1533210529.260,,-0.32512
1533210529.294,11277.6,
1533210529.328,11277.6,
1533210529.720,,-0.32512
1533210529.832,11277.6,
1533210530.168,,-0.32512
1533210530.287,11277.6,
1533210530.625,,-0.32512
1533210530.778,11277.6,
1533210531.183,,0.0
1533210531.320,11277.6,
1533210531.615,,0.0
1533210531.846,11277.6,
1533210532.066,,0.0
1533210532.325,11277.6,
1533210532.597,,0.0
1533210532.818,11277.6,
1533210533.117,,0.0
1533210533.394,11277.6,
1533210533.648,,0.0
1533210533.919,11277.6,
1533210534.201,,0.0
1533210534.474,11277.6,
1533210534.741,,0.0
1533210534.993,11277.6,
1533210535.313,,0.0
1533210535.495,11277.6,
1533210535.595,11277.6,
1533210535.871,,0.0
1533210536.189,11277.6,
1533210536.351,,0.0
1533210536.730,11277.6,
1533210536.876,,0.0
1533210537.248,11277.6,
1533210537.263,11277.6,
1533210537.459,,0.0
1533210537.722,11277.6,
1533210537.913,,0.0
1533210538.319,11277.6,
1533210538.323,,0.0
1533210538.750,11277.6,
1533210538.778,,0.0
1533210539.293,,0.0
1533210539.307,11277.6,
1533210539.704,,0.0
1533210539.882,11277.6,
1533210540.011,11277.6,
1533210540.167,,0.0
1533210540.313,11277.6,
1533210540.679,,0.32512
1533210540.833,11277.6,
1533210541.183,,0.32512
1533210541.228,11277.6,
1533210541.670,,0.32512
1533210541.789,11277.6,
1533210542.231,11277.6,
1533210542.231,,0.32512
1533210542.687,,0.32512
1533210542.739,11277.6,
1533210543.186,11277.6,
1533210543.295,,0.32512
1533210543.636,11277.6,
1533210543.868,,0.32512
1533210544.177,11277.6,
1533210544.451,,0.32512
1533210544.688,11277.6,
1533210544.987,,0.32512
1533210545.221,11277.6,
1533210545.393,,0.32512
1533210545.743,11277.6,
1533210545.964,,0.32512
1533210546.198,11277.6,
1533210546.528,,0.32512
1533210546.785,11277.6,
1533210546.978,,0.0
1533210547.356,11277.6,
1533210547.541,,0.0
1533210547.782,11277.6,
1533210548.078,,0.0
1533210548.356,11277.6,
1533210548.498,,0.0
1533210548.809,11277.6,
1533210549.034,11277.6,
1533210549.044,,0.0
1533210549.219,11277.6,
1533210549.535,,0.0
1533210549.636,11277.6,
1533210549.817,11277.6,
1533210549.965,,0.0
1533210550.226,11277.6,
1533210550.393,,0.0
1533210550.730,11277.6,
1533210550.963,,-0.32512
1533210551.161,11277.6,
1533210551.438,,-0.32512
1533210551.631,11277.6,
1533210552.003,,-0.32512
1533210552.128,11277.6,
1533210552.432,,-0.32512
1533210552.582,11277.6,
1533210552.859,,-0.65024
1533210553.163,11277.6,
1533210553.451,,-0.65024
1533210553.760,11277.6,
1533210553.900,,-0.65024
1533210554.239,11277.6,
1533210554.361,,-0.65024
1533210554.713,11277.6,
1533210554.848,,-0.65024
1533210555.162,11277.6,
1533210555.291,11277.6,
1533210555.401,,-0.65024
1533210555.735,11277.6,
1533210555.881,,-0.65024
1533210556.237,11277.6,
1533210556.437,,-0.65024
1533210556.816,11269.980000000001,
1533210557.080,,-0.32512
1533210557.385,11269.980000000001,
1533210557.556,,-0.32512
1533210557.897,11269.980000000001,
1533210558.102,,-0.32512
1533210558.326,11269.980000000001,
1533210558.573,,-0.32512
1533210558.842,11269.980000000001,
1533210559.162,,0.0
1533210559.434,11269.980000000001,
1533210559.563,,0.0
1533210559.880,11269.980000000001,
1533210559.975,,0.32512
1533210560.420,11269.980000000001,
1533210560.459,,0.32512
1533210560.796,11269.980000000001,
1533210561.018,,0.32512
1533210561.206,11269.980000000001,
1533210561.527,,0.32512
1533210561.704,11269.980000000001,
1533210561.715,11269.980000000001,
1533210561.947,,0.32512
1533210562.284,11277.6,
1533210562.377,,0.32512
1533210562.893,11277.6,
1533210562.936,11277.6,
1533210562.972,,0.65024
1533210563.362,11277.6,
1533210563.547,,0.65024
1533210563.850,11277.6,
1533210564.114,,0.65024
1533210564.402,11277.6,
1533210564.623,,0.65024
1533210564.878,11277.6,
1533210564.935,11277.6,
1533210565.132,,0.65024
1533210565.394,11277.6,
1533210565.672,,0.65024
1533210566.001,11277.6,
1533210566.056,11277.6,
1533210566.188,,0.65024
1533210566.468,11277.6,
1533210566.654,,0.32512
1533210567.014,11277.6,
1533210567.145,,0.32512
1533210567.515,11277.6,
1533210567.623,,0.32512
1533210568.129,11277.6,
1533210568.129,,0.32512
1533210568.593,11277.6,
1533210568.683,,0.0
1533210569.237,,0.0
1533210569.581,11277.6,
1533210569.800,,0.0
1533210570.162,11277.6,
1533210570.381,,0.0
1533210570.590,11277.6,
1533210570.787,,0.0
1533210571.181,11277.6,
1533210571.350,,0.0
1533210571.673,11277.6,
1533210571.894,,0.0
1533210572.202,11277.6,
1533210572.326,,0.0
1533210572.504,11277.6,
1533210572.802,11277.6,
1533210572.957,,0.0
1533210573.327,11277.6,
1533210573.495,,0.0
1533210573.786,11277.6,
1533210573.921,,0.0
1533210574.240,11277.6,
1533210574.516,,0.0
1533210574.699,11277.6,
1533210574.945,,0.0
1533210575.149,11277.6,
1533210575.418,,0.0
1533210575.701,11277.6,
1533210576.015,,0.0
1533210576.242,11277.6,
1533210576.581,,0.0
1533210576.687,11277.6,
1533210577.129,,0.0
1533210577.157,11277.6,
1533210577.620,,0.0
1533210577.726,11277.6,
1533210578.213,,0.32512
1533210578.261,11277.6,
1533210578.776,,0.32512
1533210578.862,11277.6,
1533210579.238,,0.32512
1533210579.353,11277.6,
1533210579.734,,0.32512
1533210579.952,11277.6,
1533210580.297,,0.32512
1533210580.482,11277.6,
1533210580.729,,0.0
1533210581.074,11277.6,
1533210581.278,,0.0
1533210581.622,11277.6,
1533210581.737,,0.0
1533210582.040,11277.6,
1533210582.264,,0.0
1533210582.629,11277.6,
1533210582.906,,0.0
1533210583.050,11277.6,
1533210583.404,,0.0
1533210583.638,11277.6,
1533210583.649,11277.6,
1533210583.829,,0.0
1533210584.155,11277.6,
1533210584.336,,0.0
1533210584.748,11277.6,
1533210584.860,,0.0
1533210585.206,11277.6,
1533210585.399,,0.0
1533210585.678,11277.6,
1533210585.842,11277.6,
1533210585.932,,0.0
1533210586.143,11277.6,
1533210586.373,,0.0
1533210586.605,11277.6,
1533210587.193,11277.6,
1533210587.476,,0.0
1533210587.594,11277.6,
1533210587.982,,-0.32512
1533210588.104,11277.6,
1533210588.470,,-0.32512
1533210588.685,11277.6,
1533210588.943,,-0.32512
1533210589.187,11277.6,
1533210589.493,,-0.32512
1533210589.727,11277.6,
1533210589.749,11277.6,
1533210590.167,,-0.65024
1533210590.258,11277.6,
1533210590.861,11277.6,
1533210590.942,,-0.65024
1533210591.291,11277.6,
1533210591.514,,-0.65024
1533210591.738,11277.6,
1533210591.886,11277.6,
1533210592.017,,-0.65024
1533210592.229,11277.6,
1533210592.504,,-0.65024
1533210592.670,11277.6,
1533210593.091,,-0.65024
1533210593.230,11277.6,
1533210593.570,,-0.65024
1533210593.718,11277.6,
1533210594.107,,-0.65024
1533210594.179,11277.6,
1533210594.675,,-0.65024
1533210594.765,11269.980000000001,
1533210595.153,,-0.65024
1533210595.339,11269.980000000001,
1533210595.695,,-0.65024
1533210595.902,11269.980000000001,
1533210595.965,11269.980000000001,
1533210596.275,,-0.65024
1533210596.367,11269.980000000001,
1533210596.706,,-0.32512
1533210596.847,11269.980000000001,
1533210597.215,,-0.32512
1533210597.345,11269.980000000001,
1533210597.697,,-0.32512
1533210597.771,11269.980000000001,
1533210598.126,,-0.32512
1533210598.288,11269.980000000001,
1533210598.581,,-0.32512
1533210598.691,11269.980000000001,
1533210598.776,11269.980000000001,
1533210599.026,,-0.32512
1533210599.113,,0.0
1533210599.263,11269.980000000001,
1533210599.596,,0.0
1533210599.769,11269.980000000001,
1533210600.040,,0.0
1533210600.195,11269.980000000001,
1533210600.680,,0.0
1533210600.807,11269.980000000001,
1533210601.188,,0.0
1533210601.246,11269.980000000001,
1533210601.707,11269.980000000001,
1533210601.782,,0.0
1533210602.223,11269.980000000001,
1533210602.297,,0.0
1533210602.759,11269.980000000001,
1533210602.773,,0.0
1533210602.861,11269.980000000001,
1533210603.332,11269.980000000001,
1533210603.369,,0.0
1533210603.809,11269.980000000001,
1533210603.907,,0.0
1533210604.331,11269.980000000001,
1533210604.502,,0.0
1533210604.887,11269.980000000001,
1533210605.029,,0.0
1533210605.458,11269.980000000001,
1533210605.543,,0.0
1533210606.068,11269.980000000001,
1533210606.133,,0.0
1533210606.613,11269.980000000001,
1533210606.658,,0.0
1533210607.177,,0.0
1533210607.212,11269.980000000001,
1533210607.624,,0.0
1533210607.698,11269.980000000001,
1533210608.141,11269.980000000001,
1533210608.209,,0.0
1533210608.590,11269.980000000001,
1533210608.665,,0.0
1533210608.681,11269.980000000001,
1533210608.994,11269.980000000001,
1533210609.192,,0.0
1533210609.560,11269.980000000001,
1533210609.691,,0.32512
1533210609.695,11269.980000000001,
1533210609.884,,0.0
1533210610.083,11269.980000000001,
1533210610.267,,0.32512
1533210610.674,11277.6,
1533210610.834,,0.32512
1533210611.103,11277.6,
1533210611.206,11269.980000000001,
1533210611.275,,0.32512
1533210611.714,,0.0
1533210611.749,11277.6,
1533210612.315,11277.6,
1533210612.315,,0.0
1533210612.835,11277.6,
1533210612.855,,0.0
1533210613.342,,0.0
1533210613.742,11277.6,
1533210613.860,,0.0
1533210614.214,11277.6,
1533210614.300,11277.6,
1533210614.308,,0.0
1533210614.707,11277.6,
1533210614.830,,0.0
1533210615.193,11277.6,
1533210615.338,11277.6,
1533210615.354,,0.0
1533210615.732,11277.6,
1533210615.962,,0.0
1533210615.987,,0.0
1533210616.204,11277.6,
1533210616.427,,0.0
1533210616.649,11277.6,
1533210616.922,,0.0
1533210617.194,11277.6,
1533210617.338,,0.0
1533210617.698,11277.6,
1533210617.816,,0.0
1533210618.203,11277.6,
1533210618.235,,0.0
1533210618.314,11277.6,
1533210618.727,,0.0
1533210618.766,11277.6,
1533210619.203,11277.6,
1533210619.229,,0.0
1533210619.340,11277.6,
1533210619.660,11277.6,
1533210619.826,,0.0
1533210620.098,11277.6,
1533210620.276,,0.0
1533210620.313,11277.6,
1533210620.644,11277.6,
1533210620.779,,0.32512
1533210621.082,11277.6,
1533210621.200,,0.32512
1533210621.592,11277.6,
1533210621.702,,0.0
1533210622.039,11277.6,
1533210622.230,,0.0
1533210622.280,11277.6,
1533210622.466,11277.6,
1533210622.833,,0.32512
1533210622.946,11277.6,
1533210623.380,,0.32512
1533210623.414,11277.6,
1533210623.909,11277.6,
1533210623.988,,0.32512
1533210624.455,11277.6,
1533210624.524,,0.32512
1533210624.921,11277.6,
1533210624.973,,0.32512
1533210625.473,11277.6,
1533210625.501,,0.32512
1533210625.895,11277.6,
1533210625.935,11277.6,
1533210625.987,,0.32512
1533210626.331,11277.6,
1533210626.431,,0.32512
1533210626.804,11277.6,
1533210626.939,,0.32512
1533210627.241,11277.6,
1533210627.352,,0.32512
1533210627.806,11277.6,
1533210627.851,11277.6,
1533210627.907,,0.32512
1533210628.196,11277.6,
1533210628.478,,0.32512
1533210628.744,11277.6,
1533210628.903,,0.32512
1533210629.180,11277.6,
1533210629.335,,0.32512
1533210629.598,11277.6,
1533210629.774,,0.32512
1533210630.023,11277.6,
1533210630.032,11277.6,
1533210630.223,,0.32512
1533210630.558,11277.6,
1533210630.667,,0.32512
1533210631.036,11277.6,
1533210631.267,,0.0
1533210631.461,11277.6,
1533210631.847,,0.32512
1533210631.899,11277.6,
1533210632.284,,0.32512
1533210632.383,11277.6,
1533210632.703,,0.0
1533210632.861,11277.6,
1533210633.159,,0.0
1533210633.362,11277.6,
1533210633.720,,0.0
1533210633.945,11277.6,
1533210634.206,,0.0
1533210634.510,11277.6,
1533210634.805,,0.0
1533210635.085,11277.6,
1533210635.218,11277.6,
1533210635.270,,0.0
1533210635.543,11277.6,
1533210635.741,,0.0
1533210635.923,11277.6,
1533210636.162,,0.0
1533210636.379,11277.6,
1533210636.557,11277.6,
1533210636.845,,0.0
1533210636.925,11277.6,
1533210637.247,,0.0
1533210637.409,11277.6,
1533210637.816,11277.6,
1533210637.857,,0.0
1533210638.329,11277.6,
1533210638.349,,0.0
1533210638.760,,0.0
1533210638.799,11277.6,
1533210639.013,,0.0
1533210639.321,,0.0
1533210639.392,11277.6,
1533210639.807,,0.0
1533210639.810,,0.0
1533210639.981,11277.6,
1533210640.212,,0.0
1533210640.494,11277.6,
1533210640.565,11277.6,
1533210640.727,,0.0
1533210640.769,,0.0
1533210640.991,11277.6,
1533210641.184,,0.0
1533210641.524,11277.6,
1533210641.678,,0.0
1533210641.692,11277.6,
1533210642.036,11277.6,
1533210642.093,,0.0
1533210642.481,11277.6,
1533210642.531,11277.6,
1533210643.048,11277.6,
1533210643.199,,0.0
1533210643.508,11277.6,
1533210643.761,,0.0
1533210644.024,11277.6,
1533210644.263,,0.0
1533210644.494,11277.6,
1533210644.780,,-0.32512
1533210645.090,11277.6,
1533210645.203,,-0.32512
1533210645.635,11277.6,
1533210645.656,,-0.32512
1533210646.223,,-0.32512
1533210646.236,11277.6,
1533210646.699,,-0.32512
1533210646.822,11277.6,
1533210647.143,,-0.32512
1533210647.275,11277.6,
1533210647.578,,-0.32512
1533210647.834,11277.6,
1533210648.021,,-0.32512
1533210648.311,11277.6,
1533210648.464,,-0.32512
1533210648.767,11277.6,
1533210648.906,,-0.32512
1533210649.319,11277.6,
1533210649.375,,-0.32512
1533210649.758,11277.6,
1533210649.913,,-0.32512
1533210650.300,11277.6,
1533210650.377,,-0.32512
1533210650.700,11277.6,
1533210650.905,,0.0
1533210651.280,11277.6,
1533210651.500,,0.0
1533210651.695,11277.6,
1533210652.088,,0.0
1533210652.283,11277.6,
1533210652.526,,0.0
1533210652.744,11277.6,
1533210653.061,,0.0
1533210653.201,11277.6,
1533210653.305,11277.6,
1533210653.696,,0.0
1533210653.926,11277.6,
1533210654.214,,0.0
1533210654.415,11277.6,
1533210654.712,,0.0
1533210654.856,11277.6,
1533210655.143,,0.0
1533210655.279,11277.6,
1533210655.680,,0.0
1533210655.770,11277.6,
1533210655.799,11277.6,
1533210656.221,,0.0
1533210656.237,11277.6,
1533210656.746,11277.6,
1533210656.787,,0.0
1533210657.122,11277.6,
1533210657.257,,0.0
1533210657.559,11277.6,
1533210657.731,11277.6,
1533210657.745,,-0.32512
1533210657.845,,0.0
1533210657.995,11277.6,
1533210658.205,,-0.32512
1533210658.484,11277.6,
1533210658.647,,-0.32512
1533210658.893,11277.6,
1533210659.227,,-0.32512
1533210659.345,11277.6,
1533210659.434,11277.6,
1533210659.778,11277.6,
1533210659.785,11277.6,
1533210659.806,,-0.32512
1533210660.190,11277.6,
1533210660.384,,-0.32512
1533210660.505,11277.6,
1533210660.755,11277.6,
1533210660.846,,-0.65024
1533210661.270,,-0.65024
1533210661.278,11277.6,
1533210661.788,11277.6,
1533210661.880,,-0.65024
1533210662.275,11277.6,
1533210662.519,,-0.65024
1533210662.694,11277.6,
1533210662.931,,-0.32512
1533210663.112,11269.980000000001,
1533210663.346,,-0.32512
1533210663.510,11269.980000000001,
1533210663.839,,-0.32512
1533210663.994,11269.980000000001,
1533210664.145,11269.980000000001,
1533210664.316,,-0.32512
1533210664.440,11269.980000000001,
1533210664.755,,-0.32512
1533210664.888,11269.980000000001,
1533210665.290,,-0.32512
1533210665.339,11269.980000000001,
1533210665.783,11269.980000000001,
1533210665.808,,0.0
1533210666.263,11269.980000000001,
1533210666.291,,0.0
1533210666.420,11269.980000000001,
1533210666.806,11269.980000000001,
1533210666.861,,0.0
1533210667.363,11269.980000000001,
1533210667.385,,0.0
1533210667.798,,0.32512
1533210667.940,11269.980000000001,
1533210667.955,,0.0
1533210668.358,11269.980000000001,
1533210668.386,,0.32512
1533210668.815,11269.980000000001,
1533210668.869,11269.980000000001,
1533210668.871,,0.32512
1533210669.314,11277.6,
1533210669.452,,0.32512
1533210669.756,11277.6,
1533210670.025,11277.6,
1533210670.053,,0.32512
1533210670.201,11277.6,
1533210670.462,,0.32512
1533210670.643,11277.6,
1533210671.004,,0.32512
1533210671.164,11277.6,
1533210671.496,,0.32512
1533210671.678,11277.6,
1533210671.991,,0.32512
1533210672.091,11277.6,
1533210672.524,11277.6,
1533210672.578,,0.32512
1533210673.033,11277.6,
1533210673.166,,0.32512
1533210673.602,11277.6,
1533210673.648,,0.32512
1533210673.996,11277.6,
1533210674.051,,0.32512
1533210674.104,,0.32512
1533210674.419,11277.6,
1533210674.526,,0.32512
1533210674.953,,0.32512
1533210675.005,11277.6,
1533210675.428,11277.6,
1533210675.468,,0.32512
1533210675.875,,0.0
1533210675.950,11277.6,
1533210676.372,,0.0
1533210676.549,11277.6,
1533210676.814,,0.0
1533210676.904,,0.0
1533210677.078,11277.6,
1533210677.301,,0.0
1533210677.497,11277.6,
1533210677.868,,0.0
1533210677.943,11277.6,
1533210678.320,,0.0
1533210678.502,11277.6,
1533210678.845,,-0.32512
1533210678.958,11277.6,
1533210679.355,,-0.32512
1533210679.441,11277.6,
1533210679.899,,-0.32512
1533210679.954,11277.6,
1533210680.397,11277.6,
1533210680.463,,-0.32512
1533210680.911,11277.6,
1533210680.965,,-0.32512
1533210681.485,,-0.32512
1533210681.499,11277.6,
1533210681.550,11277.6,
1533210682.013,11277.6,
1533210682.069,,0.0
1533210682.584,,0.0
1533210682.587,11277.6,
1533210683.067,,0.0
1533210683.101,,0.0
1533210683.139,11277.6,
1533210683.586,11277.6,
1533210683.703,,0.0
1533210683.739,11277.6,
1533210684.196,,0.0
1533210684.294,11277.6,
1533210684.762,,0.32512
1533210684.814,11277.6,
1533210685.038,11277.6,
1533210685.364,,0.32512
1533210685.381,11277.6,
1533210685.848,,0.32512
1533210685.895,11277.6,
1533210685.913,11277.6,
1533210686.313,11277.6,
1533210686.419,,0.32512
1533210686.830,11277.6,
1533210686.943,,0.32512
1533210687.164,11277.6,
1533210687.356,,0.32512
1533210687.387,11277.6,
1533210687.629,11277.6,
1533210687.758,,0.32512
1533210688.219,11277.6,
1533210688.360,,0.32512
1533210688.791,11277.6,
1533210688.836,,0.32512
1533210689.273,11277.6,
1533210689.274,,0.32512
1533210689.719,11277.6,
1533210689.824,,0.32512
1533210689.884,11277.6,
1533210690.123,11277.6,
1533210690.302,,0.32512
1533210690.653,11277.6,
1533210690.723,,0.0
1533210690.816,11277.6,
1533210691.055,11277.6,
1533210691.246,,0.0
1533210691.548,11277.6,
1533210691.792,,0.0
1533210691.928,11277.6,
1533210692.375,,0.0
1533210692.502,11277.6,
1533210692.776,,0.0
1533210693.108,11277.6,
1533210693.352,,0.0
1533210693.613,11277.6,
1533210693.918,,0.0
1533210694.158,11277.6,
1533210694.465,,0.0
1533210694.750,11277.6,
1533210694.907,,0.0
1533210695.147,11277.6,
1533210695.318,,0.0
1533210695.654,11277.6,
1533210695.850,,0.0
1533210696.197,11277.6,
1533210696.299,,0.0
1533210696.598,11277.6,
1533210696.709,11277.6,
1533210696.897,,0.0
1533210697.109,11277.6,
1533210697.459,,0.0
1533210697.564,11277.6,
1533210697.973,,0.0
1533210698.065,11277.6,
1533210698.580,,0.0
1533210698.664,11277.6,
1533210699.088,11277.6,
1533210699.102,,0.0
1533210699.580,,0.0
1533210699.687,11277.6,
1533210699.812,11277.6,
1533210700.059,,0.0
1533210700.135,11277.6,
1533210700.287,,0.0
1533210700.590,11277.6,
1533210700.591,,0.0
1533210700.608,11277.6,
1533210701.032,11277.6,
1533210701.154,,0.0
1533210701.655,11277.6,
1533210701.687,11277.6,
1533210701.742,,0.0
1533210702.167,11277.6,
1533210702.265,,0.0
1533210702.670,11277.6,
1533210702.783,,0.0
1533210703.151,11277.6,
1533210703.384,,0.0
1533210703.625,11277.6,
1533210703.647,11277.6,
1533210703.879,,0.0
1533210704.061,11277.6,
1533210704.445,,-0.32512
1533210704.596,11277.6,
1533210705.072,,-0.32512
1533210705.137,11277.6,
1533210705.474,,-0.32512
1533210705.587,11277.6,
1533210705.927,,-0.32512
1533210706.095,11277.6,
1533210706.377,,-0.32512
1533210706.687,11277.6,
1533210706.787,,-0.65024
1533210707.086,11277.6,
1533210707.394,,-0.65024
1533210707.517,11277.6,
1533210707.946,11277.6,
1533210708.094,,-0.65024
1533210708.420,11277.6,
1533210708.589,,-0.65024
1533210708.969,11277.6,
1533210709.051,,-0.32512
1533210709.105,11277.6,
1533210709.423,11277.6,
1533210709.573,,-0.32512
1533210709.908,11277.6,
1533210710.049,,-0.32512
1533210710.527,11277.6,
1533210710.556,,-0.32512
1533210710.963,11277.6,
1533210711.124,,-0.32512
1533210711.546,11277.6,
1533210711.629,,-0.32512
1533210712.059,11277.6,
1533210712.125,,-0.32512
1533210712.577,,-0.32512
1533210712.601,11277.6,
1533210712.606,11269.980000000001,
1533210713.089,,-0.32512
1533210713.110,11269.980000000001,
1533210713.524,,-0.32512
1533210713.721,11269.980000000001,
1533210713.971,,-0.32512
1533210714.173,11269.980000000001,
1533210714.386,,-0.32512
1533210714.616,11269.980000000001,
1533210714.948,,-0.32512
1533210715.201,11269.980000000001,
1533210715.465,,-0.32512
1533210715.693,11269.980000000001,
1533210715.721,11269.980000000001,
1533210716.029,,-0.32512
1533210716.175,11269.980000000001,
1533210716.326,11269.980000000001,
1533210716.531,,-0.32512
1533210716.662,11269.980000000001,
1533210717.027,,-0.32512
1533210717.258,11269.980000000001,
1533210717.436,,-0.32512
1533210717.686,11269.980000000001,
1533210717.839,11269.980000000001,
1533210717.962,,-0.32512
1533210718.172,11269.980000000001,
1533210718.535,,-0.32512
1533210718.795,11269.980000000001,
1533210719.138,,-0.32512
1533210719.211,11269.980000000001,
1533210719.574,,-0.32512
1533210719.710,11269.980000000001,
1533210719.785,11269.980000000001,
1533210720.075,,-0.32512
1533210720.205,11269.980000000001,
1533210720.477,,-0.32512
1533210720.604,11269.980000000001,
1533210720.880,,-0.32512
1533210721.015,11269.980000000001,
1533210721.409,,-0.32512
1533210721.608,11269.980000000001,
1533210721.658,11269.980000000001,
1533210721.941,,0.0
1533210722.036,,-0.32512
1533210722.165,11269.980000000001,
1533210722.366,,0.0
1533210722.570,11269.980000000001,
1533210722.877,,0.0
1533210723.147,11269.980000000001,
1533210723.427,,0.0
1533210723.697,11269.980000000001,
1533210723.773,11269.980000000001,
1533210723.862,,0.0
1533210724.203,11269.980000000001,
1533210724.316,,0.0
1533210724.453,11269.980000000001,
1533210724.663,11269.980000000001,
1533210724.792,,0.0
1533210724.858,,0.0
1533210725.220,11269.980000000001,
1533210725.309,11269.980000000001,
1533210725.323,,0.0
1533210725.807,11269.980000000001,
1533210725.870,,0.0
1533210726.279,,0.0
1533210726.292,11269.980000000001,
1533210726.817,,0.0
1533210726.831,11269.980000000001,
1533210727.268,,0.0
1533210727.389,11269.980000000001,
1533210727.707,,0.0
1533210727.809,11269.980000000001,
1533210728.123,,0.0
1533210728.408,11269.980000000001,
1533210728.552,,0.0
1533210728.837,11269.980000000001,
1533210728.941,11269.980000000001,
1533210728.987,,0.32512
1533210729.387,11269.980000000001,
1533210729.520,,0.32512
1533210729.922,,0.0
1533210729.938,11269.980000000001,
1533210730.348,,0.0
1533210730.350,11269.980000000001,
1533210730.853,11269.980000000001,
1533210730.961,,0.0
1533210731.360,11269.980000000001,
1533210731.542,,0.0
1533210731.982,11269.980000000001,
1533210732.022,,0.32512
1533210732.376,11269.980000000001,
1533210732.401,11269.980000000001,
1533210732.448,,0.32512
1533210732.908,,0.32512
1533210732.945,11269.980000000001,
1533210733.435,11269.980000000001,
1533210733.436,,0.32512
1533210733.444,11269.980000000001,
1533210733.989,,0.65024
1533210734.025,11269.980000000001,
1533210734.583,,0.65024
1533210734.584,11269.980000000001,
1533210734.688,11269.980000000001,
1533210734.991,11269.980000000001,
1533210735.012,11269.980000000001,
1533210735.026,,0.65024
1533210735.469,,0.65024
1533210735.532,11269.980000000001,
1533210735.578,11269.980000000001,
1533210735.973,,0.65024
1533210736.031,11269.980000000001,
1533210736.126,11269.980000000001,
1533210736.583,,0.65024
1533210736.633,11269.980000000001,
1533210736.694,11277.6,
1533210737.029,,0.65024
1533210737.160,11277.6,
1533210737.429,11277.6,
1533210737.451,,0.65024
1533210737.584,11277.6,
1533210738.021,11277.6,
1533210738.066,,0.32512
1533210738.508,11277.6,
1533210738.542,,0.32512
1533210738.966,11277.6,
1533210738.980,,0.32512
1533210739.414,11277.6,
1533210739.528,,0.32512
1533210739.845,11277.6,
1533210739.951,11277.6,
1533210740.092,,0.32512
1533210740.420,11277.6,
1533210740.576,,0.32512
1533210740.887,11277.6,
1533210741.060,,0.32512
1533210741.428,11277.6,
1533210741.612,,0.32512
1533210742.039,11277.6,
1533210742.181,,0.0
1533210742.614,11277.6,
1533210742.765,,0.0
1533210743.118,11277.6,
1533210743.302,,0.0
1533210743.573,11277.6,
1533210743.766,,-0.32512
1533210744.046,11277.6,
1533210744.256,,-0.32512
1533210744.485,11277.6,
1533210744.613,11277.6,
1533210744.752,,-0.32512
1533210745.032,11277.6,
1533210745.339,,-0.32512
1533210745.574,11277.6,
1533210745.607,11277.6,
1533210745.804,,-0.32512
1533210746.137,11277.6,
1533210746.384,,-0.32512
1533210746.672,11277.6,
1533210747.004,,-0.65024
1533210747.153,11277.6,
1533210747.510,,-0.65024
1533210747.642,11277.6,
1533210747.989,,-0.32512
1533210748.133,11277.6,
1533210748.414,,-0.32512
1533210748.568,11269.980000000001,
1533210748.863,,-0.32512
1533210749.119,11269.980000000001,
1533210749.385,,-0.32512
1533210749.565,11269.980000000001,
1533210749.875,,-0.32512
1533210750.012,11269.980000000001,
1533210750.327,,-0.32512
1533210750.381,11269.980000000001,
1533210750.443,11269.980000000001,
1533210750.755,,-0.32512
1533210750.833,11269.980000000001,
1533210750.982,11269.980000000001,
1533210751.391,,-0.32512
1533210751.431,11269.980000000001,
1533210751.915,,-0.32512
1533210751.944,11269.980000000001,
1533210752.319,11269.980000000001,
1533210752.519,,-0.32512
1533210752.861,11269.980000000001,
1533210752.952,11269.980000000001,
1533210753.024,,-0.32512
1533210753.383,11269.980000000001,
1533210753.462,,-0.32512
1533210753.938,,-0.32512
1533210754.241,11269.980000000001,
1533210754.409,,-0.32512
1533210754.761,11269.980000000001,
1533210754.881,,0.0
1533210755.056,,-0.32512
1533210755.300,11269.980000000001,
1533210755.338,,0.0
1533210755.794,,0.0
1533210755.848,11269.980000000001,
1533210756.256,,0.0
1533210756.338,11269.980000000001,
1533210756.702,,0.0
1533210756.819,11269.980000000001,
1533210757.244,11269.980000000001,
1533210757.265,,-0.32512
1533210757.346,11269.980000000001,
1533210757.804,,-0.32512
1533210757.843,11269.980000000001,
1533210757.868,,0.0
1533210758.283,11269.980000000001,
1533210758.320,,0.0
1533210758.930,,0.0
1533210758.939,11269.980000000001,
1533210759.331,,0.0
1533210759.464,11269.980000000001,
1533210759.792,,0.0
1533210759.979,11269.980000000001,
1533210759.994,11269.980000000001,
1533210760.200,,0.0
1533210760.529,11269.980000000001,
1533210760.535,11269.980000000001,
1533210760.684,,0.0
1533210761.054,11269.980000000001,
1533210761.121,,0.0
1533210761.137,11269.980000000001,
1533210761.688,,0.0
1533210761.720,11269.980000000001,
1533210762.213,,0.0
1533210762.264,11269.980000000001,
1533210762.664,,0.0
1533210762.850,11269.980000000001,
1533210763.233,,0.0
1533210763.437,11269.980000000001,
1533210763.459,11269.980000000001,
1533210763.656,,0.0
1533210763.880,11269.980000000001,
1533210763.996,11269.980000000001,
1533210764.211,,0.0
1533210764.385,11269.980000000001,
1533210764.769,,0.0
1533210764.857,11269.980000000001,
1533210765.145,,0.0
1533210765.201,,0.0
1533210765.406,11269.980000000001,
1533210765.686,,0.0
1533210765.833,11269.980000000001,
1533210766.094,,0.0
1533210766.241,11269.980000000001,
1533210766.562,,0.0
1533210766.850,11269.980000000001,
1533210767.112,,0.0
1533210767.453,11269.980000000001,
1533210767.660,,0.0
1533210767.952,11269.980000000001,
1533210768.061,,0.0
1533210768.412,11269.980000000001,
1533210768.471,,0.0
1533210768.845,11269.980000000001,
1533210768.957,,0.0
1533210769.245,11269.980000000001,
1533210769.474,,0.0
1533210769.843,11269.980000000001,
1533210769.911,,0.0
1533210770.275,11269.980000000001,
1533210770.511,,0.0
1533210770.840,11269.980000000001,
1533210770.944,,0.0
1533210771.380,11269.980000000001,
1533210771.417,11269.980000000001,
1533210771.693,,0.0
1533210771.913,11269.980000000001,
1533210772.154,,0.0
1533210772.508,11269.980000000001,
1533210772.592,,0.0
1533210772.939,11269.980000000001,
1533210773.129,,0.32512
1533210773.469,11269.980000000001,
1533210773.518,11269.980000000001,
1533210773.579,,0.32512
1533210774.002,11269.980000000001,
1533210774.043,,0.32512
1533210774.105,11269.980000000001,
1533210774.531,,0.32512
1533210774.646,11269.980000000001,
1533210775.173,,0.32512
1533210775.235,11269.980000000001,
1533210775.581,,0.32512
1533210775.655,11269.980000000001,
1533210775.787,11269.980000000001,
1533210776.064,,0.32512
1533210776.303,11269.980000000001,
1533210776.553,,0.32512
1533210776.752,11269.980000000001,
1533210776.776,11269.980000000001,
1533210777.203,,0.0
1533210777.234,11269.980000000001,
1533210777.323,11269.980000000001,
1533210777.685,,0.0
1533210777.732,11269.980000000001,
1533210778.138,11269.980000000001,
1533210778.231,11269.980000000001,
1533210778.309,,0.0
1533210778.718,,0.0
1533210778.723,11269.980000000001,
1533210779.212,,0.0
1533210779.229,11269.980000000001,
1533210779.252,,-0.32512
1533210779.774,,-0.65024
1533210779.803,11269.980000000001,
1533210780.258,,-0.65024
1533210780.386,11269.980000000001,
1533210780.708,,-0.65024
1533210780.892,11269.980000000001,
1533210781.174,,-0.65024
1533210781.382,11269.980000000001,
1533210781.603,,-0.65024
1533210781.759,,-0.97536
1533210781.838,11269.980000000001,
1533210782.174,,-0.97536
1533210782.378,11269.980000000001,
1533210782.718,,-0.97536
1533210782.871,11269.980000000001,
1533210783.255,,-0.97536
1533210783.299,,-0.65024
1533210783.388,11269.980000000001,
1533210783.859,,-0.32512
1533210783.929,11269.980000000001,
1533210784.422,,-0.32512
1533210784.495,11269.980000000001,
1533210784.845,,-0.32512
1533210784.869,,0.0
1533210785.054,11269.980000000001,
1533210785.386,,0.0
1533210785.485,11269.980000000001,
1533210785.887,,0.32512
1533210786.037,11269.980000000001,
1533210786.040,11269.980000000001,
1533210786.366,,0.32512
1533210786.437,11269.980000000001,
1533210786.705,11269.980000000001,
1533210786.769,,0.32512
1533210786.810,,0.65024
1533210787.037,11269.980000000001,
1533210787.058,11269.980000000001,
1533210787.246,,0.65024
1533210787.590,11269.980000000001,
1533210787.714,,0.65024
1533210788.161,11269.980000000001,
1533210788.296,,0.97536
1533210788.757,11269.980000000001,
1533210788.782,,0.97536
1533210789.271,11269.980000000001,
1533210789.381,,0.97536
1533210789.742,11269.980000000001,
1533210789.978,,0.97536
1533210790.181,11269.980000000001,
1533210790.246,11269.980000000001,
1533210790.469,,0.97536
1533210790.770,11269.980000000001,
1533210791.019,,0.97536
1533210791.350,11277.6,
1533210791.482,,0.97536
1533210791.821,11277.6,
1533210791.883,,0.97536
1533210792.381,11277.6,
1533210792.479,,0.65024
1533210792.562,11277.6,
1533210792.905,11277.6,
1533210793.038,,0.65024
1533210793.397,11277.6,
1533210793.544,,0.65024
1533210793.832,11277.6,
1533210793.960,,0.65024
1533210794.386,11277.6,
1533210794.431,,0.65024
1533210794.937,11277.6,
1533210795.039,,0.65024
1533210795.427,11277.6,
1533210795.449,,0.65024
1533210795.831,11277.6,
1533210796.049,,0.65024
1533210796.346,11277.6,
1533210796.602,,0.65024
1533210796.892,11277.6,
1533210797.124,,0.65024
1533210797.367,11277.6,
1533210797.474,11277.6,
1533210797.569,,0.65024
1533210797.633,,0.32512
1533210797.878,11277.6,
1533210797.973,11277.6,
1533210798.102,,0.32512
1533210798.369,11277.6,
1533210798.699,,0.32512
1533210798.703,,0.0
1533210798.962,11277.6,
1533210799.224,,0.0
1533210799.443,11277.6,
1533210799.549,11277.6,
1533210799.785,,-0.32512
1533210799.788,,0.0
1533210799.922,11277.6,
1533210800.358,11277.6,
1533210800.387,,-0.65024
1533210800.530,11277.6,
1533210800.945,,-0.65024
1533210801.072,11277.6,
1533210801.488,,-0.65024
1533210801.522,11277.6,
1533210801.546,11277.6,
1533210801.997,,-0.65024
1533210802.041,11277.6,
1533210802.418,,-0.97536
1533210802.468,11277.6,
1533210802.507,11277.6,
1533210802.862,,-0.97536
1533210802.876,,-0.97536
1533210803.095,11277.6,
1533210803.324,,-0.97536
1533210803.585,11277.6,
1533210803.591,11277.6,
1533210803.873,,-0.97536
1533210803.993,11277.6,
1533210804.392,,-0.97536
1533210804.408,11277.6,
1533210804.413,11277.6,
1533210804.895,,-0.97536
1533210804.955,11277.6,
1533210805.355,,-0.97536
1533210805.356,11277.6,
1533210805.401,11269.980000000001,
1533210805.515,,-0.65024
1533210805.952,11269.980000000001,
1533210805.957,,-0.65024
1533210806.012,11269.980000000001,
1533210806.393,11269.980000000001,
1533210806.412,11269.980000000001,
1533210806.432,,-0.65024
1533210806.911,,-0.65024
1533210806.978,11269.980000000001,
1533210807.410,11269.980000000001,
1533210807.464,,-0.32512
1533210807.548,11269.980000000001,
1533210807.995,,-0.32512
1533210808.140,11269.980000000001,
1533210808.402,,-0.32512
1533210808.612,11269.980000000001,
1533210808.733,11269.980000000001,
1533210809.021,,-0.32512
1533210809.172,11269.980000000001,
1533210809.213,11269.980000000001,
1533210809.439,,-0.32512
1533210809.587,,0.0
1533210809.611,11269.980000000001,
1533210809.742,11269.980000000001,
1533210810.048,,0.0
1533210810.252,11269.980000000001,
1533210810.333,11269.980000000001,
1533210810.499,,0.0
1533210810.609,,0.0
1533210810.832,11269.980000000001,
1533210810.878,11269.980000000001,
1533210810.933,,0.0
1533210811.290,11269.980000000001,
1533210811.399,,0.32512
1533210811.799,11269.980000000001,
1533210811.810,,0.32512
1533210812.272,11269.980000000001,
1533210812.293,11269.980000000001,
1533210812.745,11269.980000000001,
1533210812.837,,0.32512
1533210813.231,11269.980000000001,
1533210813.394,,0.32512
1533210813.407,,0.65024
1533210813.704,11269.980000000001,
1533210813.784,11269.980000000001,
1533210813.826,,0.65024
1533210814.234,,0.65024
1533210814.241,11269.980000000001,
1533210814.715,,0.65024
1533210814.759,11269.980000000001,
1533210814.784,11277.6,
1533210815.218,,0.65024
1533210815.243,11277.6,
1533210815.611,,0.65024
1533210815.665,11277.6,
1533210815.702,,0.65024
1533210815.724,11277.6,
1533210816.123,11277.6,
1533210816.135,,0.65024
1533210816.565,,0.32512
1533210816.594,11277.6,
1533210816.608,11277.6,
1533210817.061,11277.6,
1533210817.164,,0.32512
1533210817.629,11277.6,
1533210817.668,,0.65024
1533210818.169,,0.65024
1533210818.185,11277.6,
1533210818.224,,0.65024
1533210818.619,11277.6,
1533210818.664,,0.65024
1533210818.702,,0.65024
1533210818.831,11277.6,
1533210819.071,11277.6,
1533210819.164,11277.6,
1533210819.184,,0.65024
1533210819.580,11277.6,
1533210819.630,,0.32512
1533210819.997,11277.6,
1533210820.085,11277.6,
1533210820.128,,0.32512
1533210820.534,,0.32512
1533210820.565,,0.32512
1533210820.607,11277.6,
1533210820.969,,0.32512
1533210821.022,,0.32512
1533210821.034,11277.6,
1533210821.045,11269.980000000001,
1533210821.511,,0.32512
1533210821.665,11277.6,
1533210821.929,,0.32512
1533210821.977,,0.32512
1533210822.145,11277.6,
1533210822.395,,0.0
1533210822.575,,0.0
1533210822.606,11277.6,
1533210822.715,11277.6,
1533210822.797,,0.0
1533210822.826,,0.0
1533210823.226,11277.6,
1533210823.292,,0.0
1533210823.820,,0.0
1533210823.827,11277.6,
1533210823.890,,0.0
1533210823.923,11277.6,
1533210824.239,,0.0
1533210824.316,11277.6,
1533210824.329,11277.6,
1533210824.671,,0.0
1533210824.747,11277.6,
1533210824.880,11277.6,
1533210825.149,,0.0
1533210825.404,11277.6,
1533210825.723,,0.0
1533210825.997,11277.6,
1533210826.207,,0.0
1533210826.432,11277.6,
1533210826.626,,0.0
1533210826.973,11277.6,
1533210827.178,,0.0
1533210827.413,,0.0
1533210827.438,11277.6,
1533210827.678,,0.0
1533210827.813,,0.0
1533210827.944,11277.6,
1533210828.280,,0.0
1533210828.403,11277.6,
1533210828.819,,0.0
1533210828.885,11277.6,
1533210828.935,11277.6,
1533210829.257,,0.0
1533210829.336,11277.6,
1533210829.424,11277.6,
1533210829.734,,0.0
1533210830.018,11277.6,
1533210830.114,11277.6,
1533210830.197,,0.0
1533210830.533,11277.6,
1533210830.621,,0.0
1533210830.783,11277.6,
1533210831.139,11277.6,
1533210831.188,,0.0
1533210831.632,,0.0
1533210831.647,11277.6,
1533210832.106,11277.6,
1533210832.132,,0.0
1533210832.520,11277.6,
1533210832.622,,-0.32512
1533210832.640,11277.6,
1533210832.663,,0.0
1533210833.038,,-0.32512
1533210833.048,11277.6,
1533210833.143,11277.6,
1533210833.534,,-0.32512
1533210833.737,11277.6,
1533210833.956,,-0.32512
1533210834.199,11277.6,
1533210834.303,11277.6,
1533210834.457,,-0.32512
1533210834.495,,-0.32512
1533210834.739,11277.6,
1533210834.790,11277.6,
1533210834.919,,-0.32512
1533210835.315,11277.6,
1533210835.327,,-0.32512
1533210835.736,11277.6,
1533210836.044,,-0.32512
1533210836.184,11277.6,
1533210836.354,11277.6,
1533210836.594,,-0.32512
1533210836.782,11277.6,
1533210837.093,,-0.32512
1533210837.264,11277.6,
1533210837.268,11277.6,
1533210837.646,,-0.65024
1533210837.685,,-0.32512
1533210837.739,11277.6,
1533210838.213,11277.6,
1533210838.221,,-0.65024
1533210838.300,11277.6,
1533210838.640,,-0.32512
1533210838.650,,-0.65024
1533210838.699,11277.6,
1533210839.123,11277.6,
1533210839.123,,-0.32512
1533210839.158,,-0.32512
1533210839.256,11277.6,
1533210839.610,,-0.32512
1533210839.619,,-0.32512
1533210839.743,11277.6,
1533210839.852,11277.6,
1533210840.012,,-0.32512
1533210840.029,11277.6,
1533210840.086,,-0.32512
1533210840.444,11277.6,
1533210840.517,,-0.32512
1533210840.696,,-0.32512
1533210840.868,11277.6,
1533210840.936,,-0.32512
1533210840.962,11277.6,
1533210841.483,,-0.32512
1533210841.564,11277.6,
1533210841.573,11269.980000000001,
1533210841.974,,-0.32512
1533210842.074,11269.980000000001,
1533210842.463,,-0.32512
1533210842.495,11269.980000000001,
1533210842.880,,-0.32512
1533210842.963,11269.980000000001,
1533210842.989,11269.980000000001,
1533210843.308,,-0.32512
1533210843.414,11269.980000000001,
1533210843.861,,-0.32512
1533210843.898,11269.980000000001,
1533210843.964,11269.980000000001,
1533210844.358,,-0.32512
1533210844.370,11269.980000000001,
1533210844.775,11269.980000000001,
1533210844.821,,-0.32512
1533210844.975,,-0.32512
1533210845.218,11269.980000000001,
1533210845.579,,-0.32512
1533210845.634,11269.980000000001,
1533210845.649,11269.980000000001,
1533210846.002,,-0.32512
1533210846.078,11269.980000000001,
1533210846.358,11269.980000000001,
1533210846.484,,-0.32512
1533210846.679,11269.980000000001,
1533210847.075,,-0.32512
1533210847.224,11269.980000000001,
1533210847.494,,-0.32512
1533210847.638,11269.980000000001,
1533210847.750,11269.980000000001,
1533210847.941,,-0.32512
1533210848.263,11269.980000000001,
1533210848.336,11269.980000000001,
1533210848.389,,0.0
1533210848.767,11269.980000000001,
1533210848.954,,0.0
1533210849.226,11269.980000000001,
1533210849.237,11269.980000000001,
1533210849.366,11269.980000000001,
1533210849.537,,0.0
1533210849.957,11269.980000000001,
1533210850.008,,0.0
1533210850.435,,0.0
1533210850.446,11269.980000000001,
1533210850.781,,0.0
1533210850.898,11269.980000000001,
1533210851.165,,0.0
1533210851.342,11269.980000000001,
1533210851.497,11269.980000000001,
1533210851.688,,0.32512
1533210851.693,,0.0
1533210851.990,11269.980000000001,
1533210852.103,11269.980000000001,
1533210852.163,,0.32512
1533210852.435,,0.32512
1533210852.579,11269.980000000001,
1533210852.842,,0.32512
1533210853.042,11269.980000000001,
1533210853.166,11269.980000000001,
1533210853.373,,0.32512
1533210853.706,11269.980000000001,
1533210853.830,,0.32512
1533210854.126,11269.980000000001,
1533210854.434,,0.32512
1533210854.690,11269.980000000001,
1533210854.705,11269.980000000001,
1533210854.922,,0.32512
1533210855.147,11269.980000000001,
1533210855.413,,0.32512
1533210855.581,11269.980000000001,
1533210855.918,,0.32512
1533210856.018,11277.6,
1533210856.241,11269.980000000001,
1533210856.348,,0.32512
1533210856.512,11277.6,
1533210856.886,,0.32512
1533210856.972,11277.6,
1533210857.034,11277.6,
1533210857.347,,0.32512
1533210857.473,11277.6,
1533210857.614,11277.6,
1533210857.787,,0.32512
1533210858.132,11277.6,
1533210858.285,,0.32512
1533210858.699,11277.6,
1533210858.789,11277.6,
1533210858.860,,0.32512
1533210859.263,11277.6,
1533210859.300,,0.32512
1533210859.700,11277.6,
1533210859.767,,0.32512
1533210860.142,11277.6,
1533210860.159,11277.6,
1533210860.181,,0.32512
1533210860.650,11277.6,
1533210860.655,,0.32512
1533210861.200,11277.6,
1533210861.219,,0.32512
1533210861.695,,0.32512
1533210861.877,11277.6,
1533210862.168,,0.32512
1533210862.350,11277.6,
1533210862.694,,0.32512
1533210862.900,11277.6,
1533210863.175,,0.32512
1533210863.479,11277.6,
1533210863.614,,0.32512
1533210863.989,11277.6,
1533210864.170,,0.32512
1533210864.548,11277.6,
1533210864.598,,0.0
1533210865.009,,0.0
1533210865.129,11277.6,
1533210865.503,,0.0
1533210865.659,11277.6,
1533210866.043,,0.0
1533210866.244,11277.6,
1533210866.535,,0.0
1533210866.664,11277.6,
1533210867.026,,0.0
1533210867.173,11277.6,
1533210867.305,11277.6,
1533210867.580,11277.6,
1533210867.594,,0.0
1533210867.723,11277.6,
1533210867.945,11277.6,
1533210868.076,11277.6,
1533210868.092,,0.0
1533210868.521,,0.0
1533210868.641,11277.6,
1533210869.083,11277.6,
1533210869.103,,0.0
1533210869.120,11277.6,
1533210869.549,11277.6,
1533210869.669,,-0.32512
1533210870.107,11277.6,
1533210870.239,,-0.32512
1533210870.583,11277.6,
1533210870.674,,-0.32512
1533210871.078,11277.6,
1533210871.110,,-0.32512
1533210871.603,,-0.65024
1533210871.615,11277.6,
1533210871.649,,-0.32512
1533210871.674,11277.6,
1533210872.031,,-0.65024
1533210872.153,11277.6,
1533210872.366,11277.6,
1533210872.454,,-0.65024
1533210872.575,11277.6,
1533210873.124,11277.6,
1533210873.195,,-0.65024
1533210873.544,11277.6,
1533210873.611,,-0.97536
1533210874.089,11277.6,
1533210874.160,,-0.97536
1533210874.548,11269.980000000001,
1533210874.729,,-0.97536
1533210874.970,11269.980000000001,
1533210875.026,11269.980000000001,
1533210875.137,,-0.97536
1533210875.520,11269.980000000001,
1533210875.694,,-0.65024
1533210875.950,11269.980000000001,
1533210876.115,11269.980000000001,
1533210876.154,,-0.65024
1533210876.410,11269.980000000001,
1533210876.543,11269.980000000001,
1533210876.588,,-0.65024
1533210876.945,11269.980000000001,
1533210877.163,,-0.65024
1533210877.486,11269.980000000001,
1533210877.590,,-0.32512
1533210878.124,,-0.32512
1533210878.192,11269.980000000001,
1533210878.617,,0.0
1533210878.660,11269.980000000001,
1533210879.046,,0.0
1533210879.268,11269.980000000001,
1533210879.698,11269.980000000001,
1533210879.753,11269.980000000001,
1533210880.060,,0.32512
1533210880.157,11269.980000000001,
1533210880.355,11269.980000000001,
1533210880.557,,0.32512
1533210880.749,11269.980000000001,
1533210881.115,,0.32512
1533210881.164,11269.980000000001,
1533210881.274,11269.980000000001,
1533210881.689,,0.65024
1533210881.767,11269.980000000001,
1533210881.844,11269.980000000001,
1533210882.187,,0.65024
1533210882.469,11269.980000000001,
1533210882.721,,0.65024
1533210882.941,11269.980000000001,
1533210883.239,,0.65024
1533210883.459,11269.980000000001,
1533210883.718,,0.65024
1533210883.944,11277.6,
1533210884.165,,0.65024
1533210884.522,11277.6,
1533210884.638,,0.65024
1533210884.720,,0.97536
1533210884.988,11277.6,
1533210885.283,,0.97536
1533210885.561,11277.6,
1533210885.830,,0.97536
1533210886.018,11277.6,
1533210886.298,,0.97536
1533210886.443,11277.6,
1533210886.606,11277.6,
1533210886.799,,0.97536
1533210886.809,,0.65024
1533210887.032,11277.6,
1533210887.365,,0.65024
1533210887.524,11277.6,
1533210887.669,11277.6,
1533210887.677,11277.6,
1533210887.908,,0.65024
1533210888.003,11277.6,
1533210888.314,,0.65024
1533210888.601,11277.6,
1533210888.763,,0.32512
1533210888.785,11277.6,
1533210889.138,11277.6,
1533210889.324,,0.0
1533210889.618,11277.6,
1533210889.645,11277.6,
1533210889.919,,0.0
1533210890.187,11277.6,
1533210890.443,,0.0
1533210890.723,11277.6,
1533210890.793,11277.6,
1533210891.021,,0.0
1533210891.194,11277.6,
1533210891.540,,-0.32512
1533210891.754,11277.6,
1533210892.031,,-0.32512
1533210892.180,11277.6,
1533210892.515,,-0.32512
1533210892.717,11277.6,
1533210892.980,,-0.32512
1533210893.227,11277.6,
1533210893.382,,-0.32512
1533210893.816,11277.6,
1533210893.978,,-0.32512
1533210894.275,11277.6,
1533210894.440,,-0.32512
1533210894.680,11277.6,
1533210894.900,11277.6,
1533210895.070,,-0.32512
1533210895.335,11277.6,
1533210895.434,11277.6,
1533210895.576,,0.0
1533210895.895,11277.6,
1533210896.030,,0.0
1533210896.302,11277.6,
1533210896.404,11277.6,
1533210896.635,,0.0
1533210896.854,11277.6,
1533210897.093,,0.0
1533210897.255,11277.6,
1533210897.516,,0.0
1533210897.763,11277.6,
1533210898.028,,0.0
1533210898.220,11277.6,
1533210898.479,,0.0
1533210898.827,11277.6,
1533210899.050,,0.0
1533210899.265,11277.6,
1533210899.519,,0.0
1533210899.808,11277.6,
1533210900.087,,0.0
1533210900.377,11277.6,
1533210900.588,,0.32512
1533210900.818,11277.6,
1533210901.002,11277.6,
1533210901.130,,0.32512
1533210901.407,11277.6,
1533210901.609,,0.32512
1533210902.022,11277.6,
1533210902.069,,0.32512
1533210902.520,11277.6,
1533210902.660,,0.32512
1533210902.928,11277.6,
1533210903.210,,0.32512
1533210903.323,11277.6,
1533210903.785,,0.0
1533210903.797,11277.6,
1533210903.908,11277.6,
1533210904.254,,0.0
1533210904.339,11277.6,
1533210904.674,,0.0
1533210904.909,11277.6,
1533210905.170,,0.0
1533210905.239,,0.0
1533210905.377,11277.6,
1533210905.647,,-0.32512
1533210905.848,11277.6,
1533210905.876,11277.6,
1533210906.104,,-0.32512
1533210906.399,11277.6,
1533210906.697,,-0.32512
1533210906.881,11277.6,
1533210907.175,,-0.32512
1533210907.459,11277.6,
1533210907.648,,-0.65024
1533210908.006,11277.6,
1533210908.125,,-0.65024
1533210908.481,11277.6,
1533210908.642,,-0.65024
1533210909.062,11277.6,
1533210909.105,11277.6,
1533210909.163,,-0.65024
1533210909.531,11277.6,
1533210909.647,,-0.65024
1533210910.088,11277.6,
1533210910.198,,-0.65024
1533210910.537,11277.6,
1533210910.556,11277.6,
1533210910.803,,-0.65024
1533210910.985,11277.6,
1533210911.112,11269.980000000001,
1533210911.236,,-0.65024
1533210911.600,11269.980000000001,
1533210911.733,11269.980000000001,
1533210911.790,,-0.32512
1533210911.888,,-0.65024
1533210912.160,11269.980000000001,
1533210912.311,,-0.32512
1533210912.727,11269.980000000001,
1533210912.748,,-0.32512
1533210913.154,11269.980000000001,
1533210913.256,,-0.32512
1533210913.594,11269.980000000001,
1533210913.707,,0.0
1533210914.123,11269.980000000001,
1533210914.180,,0.0
1533210914.545,11269.980000000001,
1533210914.723,,0.0
1533210914.993,11269.980000000001,
1533210915.259,,0.0
1533210915.450,11269.980000000001,
1533210915.756,,0.32512
1533210915.933,11269.980000000001,
1533210916.372,,0.0
1533210916.487,11269.980000000001,
1533210916.488,11277.6,
1533210916.775,,0.0
1533210917.094,11269.980000000001,
1533210917.369,,0.0
1533210917.536,,0.0
1533210917.551,11269.980000000001,
1533210917.647,11269.980000000001,
1533210917.824,,0.0
1533210918.116,11269.980000000001,
1533210918.199,11277.6,
1533210918.358,,0.0
1533210918.776,11269.980000000001,
1533210918.868,,-0.32512
1533210919.265,11269.980000000001,
1533210919.453,,-0.32512
1533210919.809,11269.980000000001,
1533210919.889,,-0.32512
1533210920.313,11269.980000000001,
1533210920.532,,-0.32512
1533210920.939,,-0.32512
1533210920.954,11269.980000000001,
1533210921.143,11269.980000000001,
1533210921.389,11269.980000000001,
1533210921.463,,-0.32512
1533210921.912,,-0.32512
1533210921.926,11269.980000000001,
1533210922.507,11269.980000000001,
1533210922.568,,-0.32512
1533210923.058,11269.980000000001,
1533210923.095,,-0.32512
1533210923.470,11269.980000000001,
1533210923.668,11269.980000000001,
1533210923.683,,-0.32512
1533210924.195,11269.980000000001,
1533210924.258,,-0.32512
1533210924.644,11269.980000000001,
1533210924.775,,-0.32512
1533210924.890,,0.0
1533210925.105,11269.980000000001,
1533210925.414,,0.0
1533210925.672,11269.980000000001,
1533210925.816,11269.980000000001,
1533210925.826,,0.0
1533210926.109,11269.980000000001,
1533210926.434,,0.0
1533210926.529,11269.980000000001,
1533210926.852,,0.0
1533210927.124,11269.980000000001,
1533210927.341,,0.0
1533210927.560,11269.980000000001,
1533210927.797,,0.0
1533210928.040,11269.980000000001,
1533210928.311,,0.0
1533210928.494,11269.980000000001,
1533210928.594,11269.980000000001,
1533210928.799,,0.0
1533210929.035,11269.980000000001,
1533210929.134,11269.980000000001,
1533210929.233,,0.0
1533210929.614,11269.980000000001,
1533210929.766,,0.32512
1533210930.070,11269.980000000001,
1533210930.212,,0.32512
1533210930.476,11269.980000000001,
1533210930.750,,0.32512
1533210931.053,11269.980000000001,
1533210931.325,,0.32512
1533210931.610,11269.980000000001,
1533210931.630,11269.980000000001,
1533210931.826,,0.32512
1533210932.229,11269.980000000001,
1533210932.402,,0.32512
1533210932.634,11269.980000000001,
1533210932.746,11269.980000000001,
1533210932.898,,0.32512
1533210933.229,11277.6,
1533210933.416,,0.0
1533210933.489,,0.32512
1533210933.664,11277.6,
1533210933.943,,0.0
1533210934.184,11277.6,
1533210934.528,,0.0
1533210934.756,11269.980000000001,
1533210935.125,11269.980000000001,
1533210935.133,,0.0
1533210935.270,11269.980000000001,
1533210935.568,,0.0
1533210935.648,11269.980000000001,
1533210936.058,,0.0
1533210936.146,11269.980000000001,
1533210936.261,11269.980000000001,
1533210936.437,,0.0
1533210936.708,11269.980000000001,
1533210936.928,,0.0
1533210937.195,11269.980000000001,
1533210937.447,,0.0
1533210937.734,11269.980000000001,
1533210937.871,,0.0
1533210938.149,11269.980000000001,
1533210938.365,,0.0
1533210938.683,11277.6,
1533210938.849,,0.0
1533210939.277,11277.6,
1533210939.381,,0.32512
1533210939.820,11277.6,
1533210939.985,,0.32512
1533210940.392,,0.0
1533210940.426,11277.6,
1533210940.574,11277.6,
1533210940.836,,0.0
1533210940.837,11277.6,
1533210941.043,11277.6,
1533210941.471,,0.0
1533210941.571,11277.6,
1533210941.894,,0.0
1533210942.000,11277.6,
1533210942.368,,0.0
1533210942.520,11277.6,
1533210942.814,,0.0
1533210943.074,11277.6,
1533210943.417,,0.0
1533210943.492,11277.6,
1533210943.935,,0.0
1533210943.961,11277.6,
1533210944.346,,-0.32512
1533210944.489,11277.6,
1533210944.824,,-0.32512
1533210944.994,11277.6,
1533210945.164,11277.6,
1533210945.276,,-0.32512
1533210945.491,11277.6,
1533210945.808,,-0.32512
1533210945.942,11277.6,
1533210946.279,,-0.32512
1533210946.471,11277.6,
1533210946.688,,-0.32512
1533210946.882,11269.980000000001,
1533210947.116,,-0.32512
1533210947.283,11269.980000000001,
1533210947.643,,-0.32512
1533210947.694,11269.980000000001,
1533210948.228,,-0.32512
1533210948.621,11269.980000000001,
1533210948.774,,-0.32512
1533210949.006,11269.980000000001,
1533210949.299,,-0.32512
1533210949.483,11269.980000000001,
1533210949.686,11269.980000000001,
1533210949.686,11269.980000000001,
1533210949.873,,-0.32512
1533210950.003,11269.980000000001,
1533210950.334,,-0.32512
1533210950.429,11269.980000000001,
1533210950.863,,0.0
1533210950.946,11269.980000000001,
1533210951.370,11269.980000000001,
1533210951.375,,0.0
1533210951.837,,0.0
1533210951.901,11269.980000000001,
1533210952.294,,0.0
1533210952.474,11269.980000000001,
1533210952.720,,0.0
1533210953.018,11269.980000000001,
1533210953.158,,0.0
1533210953.447,11269.980000000001,
1533210953.465,11269.980000000001,
1533210953.738,,0.0
1533210953.970,11269.980000000001,
1533210954.162,,0.0
1533210954.547,11269.980000000001,
1533210954.695,,-0.32512
1533210954.960,11269.980000000001,
1533210955.217,,-0.32512
1533210955.366,11269.980000000001,
1533210955.543,11269.980000000001,
1533210956.115,11269.980000000001,
1533210956.348,,-0.32512
1533210956.722,11269.980000000001,
1533210956.878,,-0.65024
1533210956.924,11269.980000000001,
1533210956.948,,-0.32512
1533210957.277,11269.980000000001,
1533210957.302,,-0.65024
1533210957.780,11269.980000000001,
1533210957.940,,-0.32512
1533210957.968,,-0.65024
1533210958.290,11269.980000000001,
1533210958.354,,-0.65024
1533210958.737,11269.980000000001,
1533210958.774,11269.980000000001,
1533210958.986,,-0.65024
1533210959.238,11269.980000000001,
1533210959.409,,-0.32512
1533210959.433,,-0.65024
1533210959.674,11269.980000000001,
1533210959.822,11269.980000000001,
1533210959.880,,-0.32512
1533210960.328,,-0.32512
1533210960.385,11269.980000000001,
1533210960.806,,-0.32512
1533210960.820,11269.980000000001,
1533210960.962,11269.980000000001,
1533210961.211,,-0.32512
1533210961.488,11269.980000000001,
1533210961.820,,-0.32512
1533210962.018,11269.980000000001,
1533210962.068,11269.980000000001,
1533210962.314,,-0.32512
1533210962.537,11269.980000000001,
1533210962.887,,-0.32512
1533210963.097,11269.980000000001,
1533210963.376,,0.0
1533210963.586,11269.980000000001,
1533210963.974,,0.0
1533210964.053,11269.980000000001,
1533210964.466,,0.0
1533210964.525,11269.980000000001,
1533210964.882,,0.0
1533210964.988,11269.980000000001,
1533210965.151,11269.980000000001,
1533210965.350,,0.0
1533210965.424,11269.980000000001,
1533210965.712,11269.980000000001,
1533210965.929,,0.0
1533210965.950,11269.980000000001,
1533210966.377,,0.32512
1533210966.491,11269.980000000001,
1533210966.933,11269.980000000001,
1533210966.956,,0.32512
1533210967.166,11269.980000000001,
1533210967.423,,0.32512
1533210967.434,11269.980000000001,
1533210967.877,11269.980000000001,
1533210967.958,11269.980000000001,
1533210967.998,,0.32512
1533210968.165,,0.32512
1533210968.435,11269.980000000001,
1533210968.484,,0.32512
1533210968.940,,0.32512
1533210968.947,11269.980000000001,
1533210968.954,11269.980000000001,
1533210969.401,11269.980000000001,
1533210969.401,,0.32512
1533210969.816,,0.32512
1533210969.824,11269.980000000001,
1533210970.295,11269.980000000001,
1533210970.335,11269.980000000001,
1533210970.474,,0.32512
1533210970.750,11269.980000000001,
1533210970.871,11269.980000000001,
1533210970.871,11269.980000000001,
1533210971.028,,0.32512
1533210971.151,11269.980000000001,
1533210971.513,,0.32512
1533210971.630,11269.980000000001,
1533210971.652,11269.980000000001,
1533210972.087,,0.32512
1533210972.156,11269.980000000001,
1533210972.646,,0.32512
1533210972.744,11269.980000000001,
1533210972.952,11269.980000000001,
1533210973.059,,0.32512
1533210973.221,11269.980000000001,
1533210973.658,,0.32512
1533210973.680,11269.980000000001,
1533210973.732,,0.65024
1533210974.189,,0.65024
1533210974.196,11269.980000000001,
1533210974.586,,0.32512
1533210974.718,11269.980000000001,
1533210975.027,,0.32512
1533210975.235,11269.980000000001,
1533210975.436,,0.32512
1533210975.694,11269.980000000001,
1533210975.894,,0.32512
1533210976.219,11269.980000000001,
1533210976.523,,0.32512
1533210976.823,11269.980000000001,
1533210977.122,,0.32512
1533210977.258,11269.980000000001,
1533210977.613,,0.0
1533210977.700,11269.980000000001,
1533210978.084,,0.0
1533210978.180,11269.980000000001,
1533210978.218,11269.980000000001,
1533210978.668,,0.32512
1533210978.889,11269.980000000001,
1533210979.241,,0.32512
1533210979.369,11269.980000000001,
1533210979.726,,0.32512
1533210979.961,11269.980000000001,
1533210980.141,,0.32512
1533210980.364,11269.980000000001,
1533210980.740,,0.32512
1533210980.892,11269.980000000001,
1533210980.936,11269.980000000001,
1533210981.196,,0.32512
1533210981.397,11269.980000000001,
1533210981.720,,0.32512
1533210981.886,11277.6,
1533210982.323,,0.32512
1533210982.379,11277.6,
1533210982.760,,0.0
1533210982.903,11277.6,
1533210983.203,,0.0
1533210983.357,11277.6,
1533210983.786,,0.0
1533210983.835,11277.6,
1533210983.870,11277.6,
1533210984.238,,0.0
1533210984.373,11277.6,
1533210984.651,,0.0
1533210984.775,11277.6,
1533210984.906,11277.6,
1533210985.097,,0.0
1533210985.399,11269.980000000001,
1533210985.539,,-0.32512
1533210985.788,,0.0
1533210985.935,11269.980000000001,
1533210986.109,,-0.32512
1533210986.393,11269.980000000001,
1533210986.624,,-0.32512
1533210987.083,,-0.32512
1533210987.361,11269.980000000001,
1533210987.694,,-0.32512
1533210987.796,11269.980000000001,
1533210988.266,,-0.32512
1533210988.372,11269.980000000001,
1533210988.779,11269.980000000001,
1533210988.853,,-0.32512
1533210989.244,11269.980000000001,
1533210989.270,,-0.32512
1533210989.690,,-0.32512
1533210989.768,11269.980000000001,
1533210990.151,,-0.32512
1533210990.253,11269.980000000001,
1533210990.675,,-0.32512
1533210990.837,11269.980000000001,
1533210990.975,11269.980000000001,
1533210991.247,,-0.32512
1533210991.460,11269.980000000001,
1533210991.461,11269.980000000001,
1533210991.797,,-0.32512
1533210991.802,11269.980000000001,
1533210992.299,11269.980000000001,
1533210992.367,,-0.32512
1533210992.717,11269.980000000001,
1533210992.873,,0.0
1533210992.894,11269.980000000001,
1533210993.317,11269.980000000001,
1533210993.460,,-0.32512
1533210993.822,11269.980000000001,
1533210994.041,,-0.32512
1533210994.368,11269.980000000001,
1533210994.513,,-0.32512
1533210994.802,11269.980000000001,
1533210995.076,,-0.32512
1533210995.375,11269.980000000001,
1533210995.444,11269.980000000001,
1533210995.492,,-0.32512
1533210995.889,11269.980000000001,
1533210996.079,,-0.32512
1533210996.274,11269.980000000001,
1533210996.358,11269.980000000001,
1533210996.543,,-0.32512
1533210996.891,11269.980000000001,
1533210996.896,11269.980000000001,
1533210997.050,,-0.32512
1533210997.384,11269.980000000001,
1533210997.465,,-0.32512
1533210997.848,11269.980000000001,
1533210997.941,,-0.32512
1533210998.302,11269.980000000001,
1533210998.545,,-0.32512
1533210998.778,11269.980000000001,
1533210999.017,,-0.32512
1533210999.253,11269.980000000001,
1533210999.440,,-0.32512
1533210999.607,,0.0
1533210999.741,11269.980000000001,
1533211000.046,,0.0
1533211000.097,11269.980000000001,
1533211000.212,11269.980000000001,
1533211000.528,,0.0
1533211000.630,11269.980000000001,
1533211000.766,11269.980000000001,
1533211000.988,,0.0
1533211001.187,11269.980000000001,
1533211001.305,11269.980000000001,
1533211001.449,,0.0
1533211001.632,11269.980000000001,
1533211002.007,,0.0
1533211002.097,11269.980000000001,
1533211002.168,11269.980000000001,
1533211002.428,,0.0
1533211002.653,11269.980000000001,
1533211002.880,,0.0
1533211003.135,11269.980000000001,
1533211003.326,,0.0
1533211003.490,,0.32512
1533211003.732,11269.980000000001,
1533211004.066,,0.32512
1533211004.329,11269.980000000001,
1533211004.512,,0.32512
1533211004.949,11269.980000000001,
1533211004.975,,0.32512
1533211005.374,11269.980000000001,
1533211005.382,,0.32512
1533211005.821,11269.980000000001,
1533211005.821,,0.32512
1533211005.898,11269.980000000001,
1533211006.271,,0.32512
1533211006.294,11269.980000000001,
1533211006.802,11269.980000000001,
1533211006.832,,0.32512
1533211006.885,11269.980000000001,
1533211007.268,,0.32512
1533211007.359,11269.980000000001,
1533211007.454,11269.980000000001,
1533211007.805,,0.32512
1533211007.924,11269.980000000001,
1533211008.266,,0.32512
1533211008.340,11269.980000000001,
1533211008.396,11269.980000000001,
1533211008.711,,0.32512
1533211008.767,11269.980000000001,
1533211009.155,,0.32512
1533211009.266,11269.980000000001,
1533211009.337,11269.980000000001,
1533211009.750,11269.980000000001,
1533211009.852,,0.32512
1533211009.921,11269.980000000001,
1533211010.259,,0.32512
1533211010.347,11269.980000000001,
1533211010.840,,0.32512
1533211010.933,11269.980000000001,
1533211011.334,,0.32512
1533211011.505,11277.6,
1533211011.935,11277.6,
1533211011.984,,0.32512
1533211012.060,11277.6,
1533211012.468,,0.32512
1533211012.636,11277.6,
1533211012.847,11277.6,
1533211012.976,,0.32512
1533211013.039,11277.6,
1533211013.160,11277.6,
1533211013.502,,0.0
1533211013.606,11277.6,
1533211014.013,11277.6,
1533211014.013,,0.0
1533211014.036,11277.6,
1533211014.447,,0.0
1533211014.447,11277.6,
1533211014.514,11277.6,
1533211014.559,,0.0
1533211014.937,11277.6,
1533211015.093,,0.0
1533211015.107,11277.6,
1533211015.610,,-0.32512
1533211015.700,11277.6,
1533211016.020,,-0.32512
1533211016.170,11277.6,
1533211016.584,,-0.32512
1533211016.585,11277.6,
1533211016.636,11277.6,
1533211017.079,11277.6,
1533211017.105,,-0.32512
1533211017.155,11277.6,
1533211017.703,,-0.32512
1533211017.888,11277.6,
1533211018.009,11269.980000000001,
1533211018.267,,-0.32512
1533211018.606,11269.980000000001,
1533211018.694,,-0.65024
1533211018.708,,-0.32512
1533211018.799,,-0.65024
1533211019.128,11269.980000000001,
1533211019.273,,-0.65024
1533211019.622,11269.980000000001,
1533211019.730,,-0.65024
1533211020.184,11269.980000000001,
1533211020.186,11269.980000000001,
1533211020.357,,-0.65024
1533211020.671,11269.980000000001,
1533211020.817,,-0.65024
1533211021.109,11269.980000000001,
1533211021.269,11269.980000000001,
1533211021.323,,-0.65024
1533211021.642,11269.980000000001,
1533211021.772,,-0.65024
1533211022.335,11269.980000000001,
1533211022.349,,-0.65024
1533211022.677,11269.980000000001,
1533211022.934,,-0.32512
1533211023.267,11269.980000000001,
1533211023.294,11269.980000000001,
1533211023.515,,0.0
1533211023.634,11269.980000000001,
1533211023.955,,0.0
1533211024.049,11269.980000000001,
1533211024.504,11269.980000000001,
1533211024.560,,0.32512
1533211025.043,11269.980000000001,
1533211025.087,,0.32512
1533211025.474,11269.980000000001,
1533211025.489,,0.65024
1533211025.579,11269.980000000001,
1533211025.654,,0.32512
1533211026.012,11269.980000000001,
1533211026.065,,0.65024
1533211026.457,,0.97536
1533211026.489,11269.980000000001,
1533211026.921,,0.97536
1533211026.943,11269.980000000001,
1533211027.436,11269.980000000001,
1533211027.585,,1.30048
1533211027.929,11269.980000000001,
1533211028.185,,1.30048
1533211028.435,11269.980000000001,
1533211028.722,,1.30048
1533211028.846,11277.6,
1533211029.203,,1.30048
1533211029.480,11277.6,
1533211029.728,,1.30048
1533211029.984,11277.6,
1533211030.261,,1.30048
1533211030.384,11277.6,
1533211030.672,,1.30048
1533211030.912,11277.6,
1533211030.974,11277.6,
1533211031.167,,1.30048
1533211031.373,11277.6,
1533211031.687,,0.97536
1533211031.935,11277.6,
1533211031.942,11277.6,
1533211032.276,,0.97536
1533211032.378,11277.6,
1533211032.532,11277.6,
1533211032.638,,0.97536
1533211033.018,11277.6,
1533211033.120,11277.6,
1533211033.141,,0.97536
1533211033.175,,0.97536
1533211033.632,,0.65024
1533211033.672,11277.6,
1533211034.080,,0.65024
1533211034.233,11277.6,
1533211034.610,11277.6,
1533211034.642,,0.32512
1533211035.023,11277.6,
1533211035.035,11277.6,
1533211035.133,,0.32512
1533211035.527,11277.6,
1533211035.537,,0.32512
1533211035.970,11277.6,
1533211035.988,,0.32512
1533211036.439,,0.0
1533211036.491,,0.32512
1533211036.503,11277.6,
1533211037.014,,0.0
1533211037.064,11277.6,
1533211037.457,11277.6,
1533211037.550,,0.0
1533211037.898,11277.6,
1533211037.975,,0.0
1533211038.531,,0.0
1533211038.903,11277.6,
1533211039.073,,0.0
1533211039.459,11277.6,
1533211039.609,,0.0
1533211039.977,11277.6,
1533211040.021,,0.0
1533211040.443,11277.6,
1533211040.565,,0.0
1533211040.570,,0.32512
1533211040.885,11277.6,
1533211041.083,,0.32512
1533211041.348,11277.6,
1533211041.675,,0.32512
1533211041.761,11277.6,
1533211041.888,11277.6,
1533211042.236,,0.32512
1533211042.386,11277.6,
1533211042.684,,0.32512
1533211042.689,11277.6,
1533211042.793,11277.6,
1533211042.842,11277.6,
1533211043.205,11277.6,
1533211043.237,,0.32512
1533211043.325,11277.6,
1533211043.639,11277.6,
1533211043.682,,0.32512
1533211044.115,11277.6,
1533211044.193,,0.32512
1533211044.630,,0.32512
1533211044.685,11277.6,
1533211045.198,,0.32512
1533211045.239,11277.6,
1533211045.662,,0.0
1533211046.121,,0.0
1533211046.129,11277.6,
1533211046.612,11277.6,
1533211046.616,,0.0
1533211047.089,,0.0
1533211047.116,11277.6,
1533211047.625,11277.6,
1533211047.671,,0.0
1533211048.159,11277.6,
1533211048.328,,0.0
1533211048.571,11277.6,
1533211048.694,,-0.32512
1533211048.832,11277.6,
1533211049.049,11277.6,
1533211049.168,,-0.32512
1533211049.569,11277.6,
1533211049.683,11277.6,
1533211049.808,,-0.32512
1533211050.158,11277.6,
1533211050.242,,-0.32512
1533211050.651,11277.6,
1533211050.667,,-0.32512
1533211050.917,11277.6,
1533211051.067,11277.6,
1533211051.081,,-0.32512
1533211051.528,11277.6,
1533211051.659,,-0.32512
1533211052.020,11277.6,
1533211052.173,,-0.32512
1533211052.453,11277.6,
1533211052.569,11277.6,
1533211052.754,,-0.32512
1533211053.008,11277.6,
1533211053.299,,-0.32512
1533211053.611,11277.6,
1533211053.704,,-0.32512
1533211054.118,11277.6,
1533211054.187,,-0.32512
1533211054.254,,-0.32512
1533211054.626,11277.6,
1533211054.632,,0.0
1533211054.696,11277.6,
1533211054.948,,-0.32512
1533211054.994,11277.6,
1533211055.066,,0.0
1533211055.128,,0.0
1533211055.546,11277.6,
1533211055.573,,-0.32512
1533211055.577,11277.6,
1533211056.049,,-0.32512
1533211056.112,11277.6,
1533211056.362,11277.6,
1533211056.495,,0.0
1533211056.538,11277.6,
1533211056.940,,0.0
1533211057.004,11277.6,
1533211057.431,11277.6,
1533211057.523,,-0.32512
1533211057.885,11277.6,
1533211058.030,,-0.32512
1533211058.423,11277.6,
1533211058.426,11277.6,
1533211058.438,,-0.32512
1533211058.547,11277.6,
1533211058.899,,-0.32512
1533211058.959,11277.6,
1533211059.376,,-0.32512
1533211059.476,11277.6,
1533211059.486,11277.6,
1533211059.884,,-0.32512
1533211059.950,11277.6,
1533211060.386,11277.6,
1533211060.419,,-0.32512
1533211060.766,11277.6,
1533211060.953,11277.6,
1533211061.010,,-0.32512
1533211061.477,11277.6,
1533211061.504,11277.6,
1533211061.605,,0.0
1533211061.981,11277.6,
1533211062.129,,0.0
1533211062.193,,0.0
1533211062.463,11277.6,
1533211062.534,11277.6,
1533211062.688,,0.0
1533211062.857,,0.0
1533211063.003,11277.6,
1533211063.044,11277.6,
1533211063.178,,0.0
1533211063.516,11277.6,
1533211063.629,,0.32512
1533211063.881,,0.0
1533211063.881,11277.6,
1533211063.955,11277.6,
1533211064.189,,0.32512
1533211064.373,11277.6,
1533211064.530,11277.6,
1533211064.619,,0.32512
1533211064.969,11277.6,
1533211065.172,,0.32512
1533211065.521,11277.6,
1533211065.556,11277.6,
1533211065.668,,0.32512
1533211066.039,11277.6,
1533211066.095,,0.32512
1533211066.178,11277.6,
1533211066.488,11277.6,
1533211066.692,,0.65024
1533211066.960,11277.6,
1533211066.974,,0.32512
1533211066.997,11277.6,
1533211067.122,,0.65024
1533211067.522,11277.6,
1533211067.641,,0.65024
1533211067.707,11277.6,
1533211068.120,11277.6,
1533211068.123,,0.65024
1533211068.587,11277.6,
1533211068.597,,0.32512
1533211069.000,11277.6,
1533211069.077,,0.32512
1533211069.077,11277.6,
1533211069.530,,0.32512
1533211069.827,11277.6,
1533211069.873,11277.6,
1533211070.067,,0.32512
1533211070.448,11277.6,
1533211070.508,,0.32512
1533211070.590,11277.6,
1533211070.951,11277.6,
1533211071.077,,0.32512
1533211071.418,11285.220000000001,
1533211071.418,11277.6,
1533211071.651,,0.32512
1533211071.788,11285.220000000001,
1533211071.965,11285.220000000001,
1533211072.158,,0.32512
1533211072.309,11285.220000000001,
1533211072.627,,-0.32512
1533211072.729,,0.32512
1533211072.729,11285.220000000001,
1533211072.747,11277.6,
1533211073.143,,-0.32512
1533211073.351,11277.6,
1533211073.495,11277.6,
1533211073.664,,-0.65024
1533211073.761,11277.6,
1533211074.092,,-0.65024
1533211074.367,11277.6,
1533211074.736,11277.6,
1533211074.805,,-0.97536
1533211075.341,11277.6,
1533211075.354,,-0.97536
1533211075.512,,-0.97536
1533211075.797,11277.6,
1533211075.809,,-0.97536
1533211076.220,11277.6,
1533211076.221,,-0.97536
1533211076.352,11277.6,
1533211076.792,,-0.97536
1533211076.938,11277.6,
1533211077.207,,-0.97536
1533211077.536,11277.6,
1533211077.807,,-0.97536
1533211077.951,11277.6,
1533211078.023,11277.6,
1533211078.371,,-0.97536
1533211078.385,11277.6,
1533211078.874,11277.6,
1533211078.906,,-0.97536
1533211078.943,11277.6,
1533211079.476,,-0.97536
1533211079.485,11277.6,
1533211079.555,11277.6,
1533211079.990,11277.6,
1533211080.003,11277.6,
1533211080.066,,-0.97536
1533211080.486,11277.6,
1533211080.585,,-0.97536
1533211080.814,11277.6,
1533211081.025,11269.980000000001,
1533211081.128,,-0.97536
1533211081.578,11269.980000000001,
1533211081.754,,-0.65024
1533211082.086,11269.980000000001,
1533211082.166,,-0.65024
1533211082.594,,-0.32512
1533211082.618,11269.980000000001,
1533211083.101,,-0.32512
1533211083.164,11269.980000000001,
1533211083.695,,-0.32512
1533211083.728,11269.980000000001,
1533211084.109,,-0.32512
1533211084.164,11269.980000000001,
1533211084.597,11269.980000000001,
1533211084.629,,-0.32512
1533211084.662,,0.0
1533211085.174,11269.980000000001,
1533211085.186,,0.0
1533211085.609,,0.0
1533211085.642,11269.980000000001,
1533211086.112,11269.980000000001,
1533211086.250,,0.0
1533211086.653,11269.980000000001,
1533211086.740,,0.32512
1533211087.068,11269.980000000001,
1533211087.177,,0.32512
1533211087.548,11269.980000000001,
1533211087.615,11269.980000000001,
1533211087.646,,0.65024
1533211088.161,11269.980000000001,
1533211088.184,,0.65024
1533211088.674,11277.6,
1533211088.720,11269.980000000001,
1533211088.720,,0.65024
1533211089.188,11277.6,
1533211089.199,,0.65024
1533211089.628,,0.65024
1533211089.658,11277.6,
1533211089.760,11277.6,
1533211090.088,,0.65024
1533211090.348,11277.6,
1533211090.557,,0.65024
1533211090.796,11277.6,
1533211091.093,,0.65024
1533211091.139,11277.6,
1533211091.365,11277.6,
1533211091.677,,0.32512
1533211091.865,11277.6,
1533211091.895,11277.6,
1533211092.205,,0.32512
1533211092.384,11277.6,
1533211092.717,,0.32512
1533211092.851,11277.6,
1533211093.105,11277.6,
1533211093.122,,0.32512
1533211093.264,11277.6,
1533211093.568,,0.0
1533211093.705,11277.6,
1533211093.705,,0.32512
1533211093.872,11277.6,
1533211094.141,,0.0
1533211094.370,11277.6,
1533211094.584,,0.0
1533211094.907,11277.6,
1533211095.144,,0.0
1533211095.341,11277.6,
1533211095.622,,-0.32512
1533211095.658,,0.0
1533211095.916,11277.6,
1533211095.950,11277.6,
1533211096.037,,-0.32512
1533211096.367,11277.6,
1533211096.487,,-0.32512
1533211096.500,,0.0
1533211097.374,11277.6,
1533211097.423,,0.0
1533211097.911,11277.6,
1533211097.911,11277.6,
1533211097.972,,0.0
1533211098.368,11277.6,
1533211098.521,,0.0
1533211098.800,11277.6,
1533211099.030,,0.0
1533211099.283,11277.6,
1533211099.534,,-0.65024
1533211099.707,11277.6,
1533211099.860,11277.6,
1533211099.953,,-0.65024
1533211100.315,11277.6,
1533211100.421,,-0.65024
1533211100.903,11277.6,
1533211100.928,11277.6,
1533211100.997,,-0.65024
1533211101.400,11277.6,
1533211101.501,,-0.97536
1533211101.596,11277.6,
1533211101.619,,-0.65024
1533211101.873,11277.6,
1533211101.955,11277.6,
1533211102.030,,-0.97536
1533211102.381,11269.980000000001,
1533211102.484,11277.6,
1533211102.545,,-0.97536
1533211102.825,11269.980000000001,
1533211103.085,,-0.97536
1533211103.316,11269.980000000001,
1533211103.654,,-0.97536
1533211103.912,11269.980000000001,
1533211104.245,,-0.97536
1533211104.263,11269.980000000001,
1533211104.376,,-0.97536
1533211104.682,11269.980000000001,
1533211104.682,11269.980000000001,
1533211104.708,,-0.32512
1533211105.103,11269.980000000001,
1533211105.114,,-0.32512
1533211105.180,11269.980000000001,
1533211105.528,11269.980000000001,
1533211105.549,,0.0
1533211105.769,11269.980000000001,
1533211105.970,,0.0
1533211105.978,11269.980000000001,
1533211106.417,11269.980000000001,
1533211106.434,,0.32512
1533211106.478,,0.0
1533211106.531,11269.980000000001,
1533211106.738,,0.32512
1533211107.001,11269.980000000001,
1533211107.049,,0.32512
1533211107.461,11269.980000000001,
1533211107.480,,0.65024
1533211108.001,,0.65024
1533211108.012,11269.980000000001,
1533211108.442,,0.65024
1533211108.442,11269.980000000001,
1533211108.496,11277.6,
1533211109.082,11277.6,
1533211109.113,,0.65024
1533211109.657,11277.6,
1533211109.722,,0.32512
1533211110.143,,0.32512
1533211110.206,11277.6,
1533211110.556,,0.32512
1533211110.793,11277.6,
1533211110.801,11277.6,
1533211111.184,,0.32512
1533211111.259,11277.6,
1533211111.501,11277.6,
1533211111.597,,0.0
1533211111.756,11277.6,
1533211112.040,,0.0
1533211112.333,11277.6,
1533211112.481,,0.0
1533211112.842,11277.6,
1533211112.913,,0.0
1533211113.263,11277.6,
1533211113.481,,-0.32512
1533211113.691,11277.6,
1533211113.823,11277.6,
1533211113.988,,-0.32512
1533211114.322,11277.6,
1533211114.521,,-0.32512
1533211114.855,11269.980000000001,
1533211115.022,,-0.32512
1533211115.415,11269.980000000001,
1533211115.577,,-0.32512
1533211115.844,11269.980000000001,
1533211116.017,,-0.32512
1533211116.205,11269.980000000001,
1533211116.268,11269.980000000001,
1533211116.620,,-0.65024
1533211116.707,11269.980000000001,
1533211116.716,11269.980000000001,
1533211117.063,,-0.65024
1533211117.173,11269.980000000001,
1533211117.490,,-0.65024
1533211117.680,11269.980000000001,
1533211117.755,11269.980000000001,
1533211117.929,,-0.65024
1533211118.213,11269.980000000001,
1533211118.378,,-0.65024
1533211118.651,11269.980000000001,
1533211118.785,11269.980000000001,
1533211118.944,,-0.65024
1533211119.256,11269.980000000001,
1533211119.349,,-0.65024
1533211119.731,11269.980000000001,
1533211119.942,,-0.32512
1533211120.288,11269.980000000001,
1533211120.472,,-0.32512
1533211120.814,11269.980000000001,
1533211121.049,,-0.32512
1533211121.219,11269.980000000001,
1533211121.554,,0.0
1533211121.802,11269.980000000001,
1533211122.107,,0.0
1533211122.232,11269.980000000001,
1533211122.788,11269.980000000001,
1533211122.934,,0.65024
1533211123.383,11269.980000000001,
1533211123.494,,0.97536
1533211123.882,11269.980000000001,
1533211123.901,11269.980000000001,
1533211123.934,,0.97536
1533211124.274,11269.980000000001,
1533211124.477,11269.980000000001,
1533211124.543,,0.97536
1533211124.902,,1.30048
1533211125.270,11269.980000000001,
1533211125.472,,0.97536
1533211125.788,11277.6,
1533211125.885,,0.97536
1533211126.139,11269.980000000001,
1533211126.165,11277.6,
1533211126.370,,0.97536
1533211126.575,11277.6,
1533211126.955,11277.6,
1533211126.963,,0.97536
1533211127.040,11277.6,
1533211127.504,,0.65024
1533211127.599,11277.6,
1533211128.001,,0.65024
1533211128.054,11277.6,
1533211128.480,,0.32512
1533211128.505,11277.6,
1533211128.889,,0.32512
1533211129.004,11277.6,
1533211129.078,11277.6,
1533211129.572,11277.6,
1533211129.905,,0.0
1533211130.012,11277.6,
1533211130.111,11277.6,
1533211130.480,,-0.32512
1533211130.505,,0.0
1533211130.611,11277.6,
1533211131.029,,-0.32512
1533211131.102,11277.6,
1533211131.443,,-0.32512
1533211131.628,11277.6,
1533211131.992,11277.6,
1533211132.010,,-0.65024
1533211132.411,,-0.65024
1533211132.571,11277.6,
1533211132.870,,-0.65024
1533211132.971,11269.980000000001,
1533211133.468,,0.0
1533211133.488,11269.980000000001,
1533211133.910,11269.980000000001,
1533211134.018,,0.0
1533211134.429,11269.980000000001,
1533211134.462,,0.0
1533211134.872,11269.980000000001,
1533211135.037,,0.32512
1533211135.354,11277.6,
1533211135.560,,0.65024
1533211135.875,11277.6,
1533211135.984,,0.65024
1533211136.396,11277.6,
1533211136.516,,0.65024
1533211136.516,11277.6,
1533211136.603,,0.97536
1533211136.842,11277.6,
1533211137.010,,0.97536
1533211137.328,11277.6,
1533211137.588,,1.30048
1533211137.776,11277.6,
1533211138.130,,1.30048
1533211138.365,11277.6,
1533211138.392,11277.6,
1533211138.679,,0.97536
1533211138.951,11277.6,
1533211139.052,11277.6,
1533211139.196,,0.97536
1533211139.441,11277.6,
1533211139.748,,0.65024
1533211139.848,11277.6,
1533211139.968,11277.6,
1533211140.007,11277.6,
1533211140.347,,0.65024
1533211140.483,11277.6,
1533211140.522,11277.6,
1533211140.947,,0.32512
1533211141.094,11277.6,
1533211141.425,,0.32512
1533211141.628,11277.6,
1533211141.942,,-0.32512
1533211142.046,11277.6,
1533211142.082,11277.6,
1533211142.499,,-0.65024
1533211142.672,11277.6,
1533211142.687,11277.6,
1533211142.997,,-0.65024
1533211143.116,11277.6,
1533211143.223,11277.6,
1533211143.449,,-0.65024
1533211143.610,11277.6,
1533211143.936,,-0.32512
1533211144.049,11277.6,
1533211144.155,11277.6,
1533211144.343,,-0.32512
1533211144.622,11277.6,
1533211145.115,11277.6,
1533211145.196,11277.6,
1533211145.264,,-0.32512
1533211145.737,11277.6,
1533211145.802,,0.0
1533211146.166,11277.6,
1533211146.228,,0.0
1533211146.725,11277.6,
1533211146.876,,0.0
1533211147.206,11277.6,
1533211147.384,,0.0
1533211147.878,,0.0
1533211147.915,,0.0
1533211148.196,11277.6,
1533211148.457,,0.0
1533211148.677,11277.6,
1533211148.905,,0.0
1533211149.266,11277.6,
1533211149.479,,0.0
1533211149.677,11277.6,
1533211149.802,11277.6,
1533211149.973,,0.0
1533211150.352,11277.6,
1533211150.474,,0.32512
1533211150.778,11277.6,
1533211151.005,,0.32512
1533211151.250,11277.6,
1533211151.569,,0.32512
1533211151.745,11277.6,
1533211151.754,11277.6,
1533211152.059,,0.32512
1533211152.286,11277.6,
1533211152.469,,0.0
1533211152.774,11277.6,
1533211152.885,,0.0
1533211153.350,11277.6,
1533211153.428,,0.0
1533211153.921,,0.0
1533211153.948,11277.6,
1533211154.015,,0.0
1533211154.385,11277.6,
1533211154.496,,-0.32512
1533211154.596,11277.6,
1533211154.947,11277.6,
1533211154.957,,-0.32512
1533211155.403,11277.6,
1533211155.421,,-0.32512
1533211155.838,,-0.32512
1533211156.028,11277.6,
1533211156.270,,-0.32512
1533211156.434,11277.6,
1533211156.834,,0.0
1533211156.938,11277.6,
1533211157.347,11277.6,
1533211157.377,,0.0
1533211157.534,11277.6,
1533211157.913,,0.0
1533211158.136,11277.6,
1533211158.393,,0.0
1533211158.686,11277.6,
1533211158.904,,0.0
1533211159.173,11277.6,
1533211159.293,11277.6,
1533211159.342,,0.0
1533211159.724,11277.6,
1533211159.745,,-0.32512
1533211160.179,11277.6,
1533211160.287,,-0.32512
1533211160.680,11277.6,
1533211160.754,,-0.32512
1533211160.764,,0.0
1533211161.090,11277.6,
1533211161.260,11277.6,
1533211161.279,,0.0
1533211161.719,11277.6,
1533211161.762,,0.0
1533211161.962,,0.0
1533211162.222,,0.0
1533211162.255,11277.6,
1533211162.677,,0.0
1533211162.789,11277.6,
1533211163.232,11277.6,
1533211163.342,,0.0
1533211163.743,11277.6,
1533211164.247,11277.6,
1533211164.313,11277.6,
1533211164.352,,-0.32512
1533211164.661,11277.6,
1533211164.888,11277.6,
1533211164.912,,-0.32512
1533211165.116,11277.6,
1533211165.477,,-0.32512
1533211165.639,11277.6,
1533211165.929,,-0.32512
1533211166.248,11277.6,
1533211166.336,,-0.32512
1533211166.452,11277.6,
1533211166.452,11277.6,
1533211166.787,11277.6,
1533211166.958,,-0.32512
1533211167.341,11277.6,
1533211167.406,,-0.32512
1533211167.831,11277.6,
1533211167.915,,-0.32512
1533211168.366,,-0.32512
1533211168.410,11277.6,
1533211168.966,11277.6,
1533211169.347,,-0.32512
1533211169.411,11277.6,
1533211169.947,,-0.65024
1533211170.009,11277.6,
1533211170.393,,-0.65024
1533211170.452,11277.6,
1533211170.533,11277.6,
1533211170.793,,-0.32512
1533211170.871,,-0.65024
1533211171.027,11277.6,
1533211171.213,,-0.32512
1533211171.474,11277.6,
1533211171.515,11277.6,
1533211171.694,,-0.32512
1533211171.928,11269.980000000001,
1533211172.258,,-0.32512
1533211172.467,11269.980000000001,
1533211172.754,,0.0
1533211173.052,11277.6,
1533211173.203,,0.0
1533211173.422,11277.6,
1533211173.742,,0.0
1533211173.915,11277.6,
1533211174.136,11277.6,
1533211174.280,,0.0
1533211174.457,11277.6,
1533211174.800,,0.0
1533211174.968,11277.6,
1533211175.252,,0.0
1533211175.587,11277.6,
1533211175.663,,0.32512
1533211176.069,11277.6,
1533211176.232,,0.32512
1533211176.582,11277.6,
1533211176.777,,0.0
1533211177.165,11277.6,
1533211177.244,,0.0
1533211177.354,,0.0
1533211177.639,11277.6,
1533211177.769,11277.6,
1533211177.809,,0.32512
1533211178.282,11277.6,
1533211178.345,,0.32512
1533211178.744,11277.6,
1533211178.781,,0.0
1533211179.162,11277.6,
1533211179.307,,0.0
1533211179.759,11277.6,
1533211179.860,,0.32512
1533211180.270,,0.32512
1533211180.363,11277.6,
1533211180.704,,0.32512
1533211180.944,11277.6,
1533211181.115,,0.32512
1533211181.450,11277.6,
1533211181.659,,0.65024
1533211181.877,11277.6,
1533211181.914,11277.6,
1533211182.114,,0.65024
1533211182.356,11277.6,
1533211182.449,11277.6,
1533211182.590,,0.32512
1533211182.767,11277.6,
1533211182.869,11277.6,
1533211183.115,,0.32512
1533211183.425,11277.6,
1533211183.587,,0.65024
1533211183.648,11277.6,
1533211183.949,11277.6,
1533211184.078,,0.65024
1533211184.468,11277.6,
1533211184.543,,0.65024
1533211184.957,11277.6,
1533211185.006,,0.65024
1533211185.384,11277.6,
1533211185.482,,0.65024
1533211185.840,11277.6,
1533211185.909,,0.32512
1533211186.043,11277.6,
1533211186.387,,0.32512
1533211186.413,11277.6,
1533211186.862,11277.6,
1533211186.894,,0.32512
1533211187.268,11277.6,
1533211187.301,,0.32512
1533211187.755,11277.6,
1533211187.853,,0.0
1533211188.282,11277.6,
1533211188.364,11277.6,
1533211188.415,,0.0
1533211188.676,11277.6,
1533211188.955,,-0.32512
1533211189.187,11277.6,
1533211189.609,,-0.32512
1533211189.697,11277.6,
1533211190.020,,-0.32512
1533211190.094,11277.6,
1533211190.169,11277.6,
1533211190.468,,-0.32512
1533211190.648,11277.6,
1533211190.781,11277.6,
1533211190.938,,-0.32512
1533211191.234,11277.6,
1533211191.415,,-0.32512
1533211191.778,11277.6,
1533211191.823,,-0.32512
1533211192.247,11277.6,
1533211192.350,,-0.32512
1533211192.698,11277.6,
1533211192.760,,0.0
1533211193.149,11277.6,
1533211193.236,,0.0
1533211193.721,11277.6,
1533211193.799,,0.0
1533211194.179,11277.6,
1533211194.249,,0.0
1533211194.698,11277.6,
1533211194.897,,0.0
1533211195.140,11277.6,
1533211195.263,11277.6,
1533211195.374,,0.0
1533211195.769,11277.6,
1533211195.879,,0.32512
1533211196.221,11277.6,
1533211196.288,,0.32512
1533211196.709,,0.32512
1533211196.825,11277.6,
1533211197.145,,0.32512
1533211197.374,11277.6,
1533211197.572,,0.0
1533211197.911,11277.6,
1533211198.077,,0.0
1533211198.303,11277.6,
1533211198.519,,0.0
1533211198.788,11277.6,
1533211199.152,,0.0
1533211199.254,11277.6,
1533211199.587,,0.0
1533211199.819,11277.6,
